Wavelength_nm,2026_02_18_BluGlass_Lot2GainChip_GC1_T=20C__I=100mA.txt,2026_02_18_BluGlass_Lot2GainChip_GC2_T=20C__I=100mA.txt,2026_02_18_BluGlass_Lot2GainChip_GC3_T=20C__I=100mA.txt,2026_02_18_BluGlass_Lot2GainChip_GC4_T=20C__I=100mA.txt,2026_02_18_BluGlass_Lot2GainChip_GC5_T=20C__I=100mA.txt
383.96,43.538,50.412,50.113,52.437,59.884
383.99,51.198,63.012,52.513,60.637,65.384
384.02,50.208,61.312,58.463,62.637,67.684
384.05,48.828,49.012,50.963,61.237,67.184
384.08,41.138,49.212,47.863,54.137,57.484
384.11,50.088,58.712,54.613,66.337,67.884
384.14,42.278,50.812,47.513,55.837,57.584
384.17,48.808,55.712,52.063,61.837,64.184
384.2,42.958,50.212,48.213,59.537,66.684
384.23,47.208,51.712,51.063,59.537,56.284
384.26,38.988,50.812,44.763,56.237,55.484
384.29,51.958,59.512,52.113,66.037,66.684
384.31,39.558,45.912,45.263,57.037,53.584
384.34,49.498,58.012,54.263,60.037,64.684
384.37,42.608,51.312,48.563,58.837,61.284
384.4,48.648,59.712,53.913,68.037,66.884
384.43,42.128,48.412,54.813,58.537,57.884
384.46,48.878,49.612,52.263,59.637,63.684
384.49,41.358,48.712,47.963,56.337,52.284
384.52,50.688,61.912,54.213,61.537,64.184
384.55,40.998,46.112,45.513,51.737,49.984
384.58,52.238,62.512,54.363,64.337,69.884
384.61,43.608,50.112,49.963,56.337,57.784
384.63,52.878,56.012,53.713,62.837,61.684
384.66,57.148,75.812,70.263,79.037,78.784
384.69,50.498,52.712,50.613,64.137,64.884
384.72,43.028,51.912,51.113,54.237,62.284
384.75,51.048,61.512,53.413,64.037,66.384
384.78,45.038,55.112,54.213,53.537,63.784
384.81,53.418,60.012,54.863,65.037,72.284
384.84,40.338,52.812,51.063,55.337,58.984
384.87,51.838,62.812,60.313,64.437,62.884
384.89,47.068,54.012,52.363,58.537,63.884
384.92,62.428,76.012,72.963,78.637,84.584
384.95,48.258,57.112,56.263,58.037,65.284
384.98,57.118,68.512,62.763,73.937,75.384
385.01,47.898,55.912,55.613,66.137,61.984
385.04,56.758,64.712,57.913,76.337,74.684
385.07,45.538,50.912,49.613,60.437,54.184
385.1,57.678,69.212,57.763,78.537,78.184
385.13,46.758,53.512,55.413,64.237,60.384
385.16,59.428,68.212,68.063,72.337,79.884
385.19,45.368,53.612,51.713,64.437,64.284
385.21,54.328,64.312,60.063,64.937,71.784
385.24,47.628,55.512,55.513,62.137,64.984
385.27,54.308,70.812,59.463,72.037,75.884
385.3,45.778,51.012,51.963,57.637,63.684
385.33,55.538,63.112,58.313,71.537,71.284
385.36,52.858,59.012,58.063,65.937,74.384
385.39,57.048,65.212,59.413,73.537,79.784
385.42,50.148,56.512,56.663,65.937,70.884
385.45,60.158,73.012,66.112,79.337,78.984
385.48,50.278,57.412,58.613,64.437,70.384
385.5,57.568,69.412,61.763,70.637,79.284
385.53,46.738,52.112,55.963,63.437,65.784
385.56,66.018,80.512,70.963,93.037,93.784
385.59,54.028,59.412,55.713,67.737,67.784
385.62,59.018,71.612,63.663,79.537,80.284
385.65,50.018,55.012,54.913,69.037,65.184
385.68,62.068,73.312,67.913,79.437,87.584
385.71,50.428,60.512,60.113,64.237,69.784
385.74,60.628,67.812,63.313,80.537,85.984
385.76,59.188,64.512,64.563,72.037,80.884
385.79,63.138,72.612,64.612,80.637,75.884
385.82,50.758,56.112,57.213,64.437,69.084
385.85,59.778,69.712,64.013,74.637,74.384
385.88,59.208,71.612,70.112,78.737,81.084
385.91,66.408,72.112,69.713,80.137,85.784
385.94,51.358,59.612,56.163,66.037,68.084
385.97,61.758,70.512,65.663,81.537,83.284
386,55.578,61.512,59.663,65.837,73.684
386.03,57.918,70.712,59.913,71.037,78.084
386.06,50.058,56.712,57.113,62.537,67.784
386.08,60.868,70.112,61.113,78.737,82.784
386.11,51.738,60.712,57.663,66.237,68.784
386.14,62.228,70.212,63.163,75.237,82.984
386.17,54.268,62.212,58.013,65.437,67.784
386.2,58.708,67.412,61.913,74.337,79.584
386.23,51.028,62.912,55.613,69.837,71.284
386.26,69.808,82.812,75.963,94.037,98.284
386.29,55.248,61.012,61.613,66.537,73.584
386.31,61.688,65.012,60.263,80.237,86.384
386.34,50.318,59.212,55.913,66.437,71.084
386.37,60.498,68.912,59.263,81.837,77.384
386.4,47.748,60.912,57.813,63.137,73.884
386.43,60.778,72.212,61.563,74.137,82.284
386.46,50.278,60.612,58.563,64.037,65.684
386.49,59.658,74.512,62.313,75.137,73.084
386.52,50.538,58.312,52.763,65.237,70.584
386.55,62.778,71.312,66.163,78.837,80.284
386.57,51.388,60.812,54.313,62.337,68.684
386.6,62.458,69.612,61.513,75.737,76.384
386.63,53.538,59.112,56.913,70.637,71.284
386.66,63.468,69.012,61.413,80.337,83.384
386.69,56.028,62.712,62.313,77.537,69.284
386.72,59.218,70.712,62.313,75.637,83.084
386.75,53.688,67.312,62.313,69.737,68.284
386.78,62.078,68.812,59.413,74.437,82.184
386.81,50.968,58.212,56.563,64.037,65.184
386.83,60.958,70.012,65.513,79.637,79.384
386.86,51.388,59.812,59.713,67.137,66.884
386.89,63.108,66.712,60.513,77.537,85.484
386.92,56.888,63.312,63.163,75.137,74.184
386.95,58.948,69.412,62.813,72.937,74.284
386.98,49.058,56.912,54.813,65.337,70.984
387.01,63.578,73.412,62.413,79.837,83.184
387.04,61.128,72.612,68.413,81.637,81.284
387.07,61.948,66.312,64.813,74.437,74.184
387.1,51.908,55.812,54.163,68.337,68.084
387.12,61.458,69.312,56.963,74.537,84.584
387.15,52.548,63.612,54.263,68.837,69.884
387.18,61.388,76.612,60.863,76.537,81.184
387.21,53.638,59.212,56.263,65.337,72.184
387.24,62.608,72.212,65.213,79.237,82.384
387.27,55.688,59.912,60.213,67.937,73.584
387.3,59.268,65.512,58.163,72.137,74.684
387.33,51.818,59.412,57.263,67.537,72.284
387.36,63.968,72.512,61.863,77.937,78.784
387.38,54.708,65.412,55.163,71.137,75.884
387.41,62.278,72.212,59.363,81.437,79.284
387.44,92.538,113.21,115.61,124.54,138.88
387.47,61.078,62.412,60.463,79.237,83.084
387.5,52.418,60.312,57.363,66.237,72.084
387.53,68.388,72.812,69.813,81.837,85.684
387.56,54.398,62.412,59.613,73.037,73.784
387.58,62.048,74.912,62.363,78.737,82.784
387.61,54.998,67.112,60.763,65.937,73.484
387.64,71.258,82.612,76.112,97.637,94.384
387.67,51.088,63.312,57.863,70.837,76.384
387.7,66.078,69.512,62.263,83.637,81.384
387.73,56.498,63.312,59.313,70.037,71.884
387.76,62.258,70.212,62.513,81.237,83.684
387.79,56.388,63.412,59.413,66.937,73.084
387.82,65.708,76.112,64.163,79.937,89.084
387.85,63.528,75.612,70.963,84.937,90.584
387.87,65.268,74.712,63.613,83.737,83.684
387.9,53.368,56.412,59.013,74.737,77.384
387.93,60.698,67.012,59.363,78.537,86.684
387.96,54.898,63.712,58.413,73.437,75.684
387.99,67.148,77.512,68.213,83.737,90.184
388.02,54.188,66.812,59.463,72.737,79.784
388.05,64.788,69.712,61.563,81.237,79.584
388.07,50.538,61.612,54.613,69.137,69.084
388.1,65.218,69.912,61.763,83.037,83.784
388.13,55.048,63.612,57.863,74.937,66.984
388.16,72.838,82.912,74.663,85.837,93.784
388.19,64.188,76.912,71.213,79.537,86.284
388.22,61.138,70.312,61.863,76.037,73.084
388.25,53.538,61.812,58.513,66.837,74.384
388.28,58.508,68.712,58.363,77.537,78.784
388.31,54.448,62.112,55.363,71.437,69.384
388.33,65.168,80.112,63.363,79.837,79.884
388.36,55.468,63.812,59.463,66.537,72.484
388.39,61.518,76.612,54.913,76.537,76.684
388.42,48.198,56.012,56.213,60.037,67.084
388.45,59.038,66.512,54.813,71.437,72.584
388.48,55.458,65.112,67.013,70.437,76.884
388.51,61.588,69.612,60.263,78.537,77.984
388.54,55.188,68.012,59.513,67.337,72.684
388.56,66.838,78.712,63.263,86.137,90.684
388.59,53.178,61.512,58.463,64.237,70.584
388.62,63.568,77.412,63.063,81.137,86.984
388.65,57.218,61.912,62.163,73.537,71.884
388.68,62.638,67.312,62.513,74.337,82.284
388.71,61.238,73.412,69.063,78.337,83.484
388.74,60.658,68.212,62.763,76.437,77.384
388.76,53.068,60.412,54.563,68.037,67.584
388.79,60.888,72.412,63.213,75.637,77.084
388.82,58.598,67.912,68.313,75.637,82.284
388.85,77.998,94.612,80.063,100.84,102.28
388.88,57.448,70.612,64.112,69.937,79.184
388.91,125.31,142.71,145.71,160.14,170.88
388.94,57.958,65.512,59.963,70.737,80.284
388.97,63.258,69.012,62.613,75.537,83.684
388.99,52.448,63.212,61.963,77.937,72.284
389.02,72.438,91.012,73.013,91.837,90.684
389.05,59.818,75.212,64.513,80.737,78.584
389.08,62.998,69.412,64.813,77.837,84.084
389.11,55.188,66.012,61.563,70.037,74.384
389.14,64.278,72.512,58.813,83.237,86.084
389.17,53.378,65.612,56.963,70.637,69.484
389.19,63.948,74.912,64.413,77.637,81.184
389.22,55.498,58.212,54.063,69.437,72.384
389.25,110.19,133.51,126.11,139.94,155.08
389.28,56.608,73.312,59.363,71.937,72.584
389.31,63.648,78.312,58.113,84.837,80.684
389.34,58.118,73.312,60.063,74.537,78.684
389.37,63.828,69.212,62.063,81.437,80.284
389.4,53.838,64.812,57.413,68.237,74.484
389.43,60.918,75.112,58.613,81.037,79.384
389.45,56.308,64.412,55.813,66.137,71.484
389.48,71.838,83.512,73.163,94.537,96.484
389.51,54.428,59.112,54.563,73.437,76.084
389.54,61.198,68.112,60.663,76.437,80.384
389.57,54.508,62.012,52.163,68.637,71.784
389.6,65.178,73.312,65.362,81.737,83.884
389.63,52.148,63.812,61.813,70.337,74.384
389.65,64.068,70.412,59.913,77.237,77.784
389.68,52.648,63.512,54.763,67.737,65.284
389.71,62.538,69.912,66.713,76.837,82.784
389.74,55.038,61.112,57.113,71.937,76.084
389.77,63.708,70.412,58.563,75.037,86.884
389.8,52.928,64.312,53.713,69.737,76.384
389.83,60.468,73.612,59.513,70.137,73.384
389.85,53.108,61.412,57.213,71.137,73.484
389.88,72.218,87.412,73.612,93.637,88.184
389.91,51.608,64.112,54.713,73.837,68.784
389.94,61.698,72.012,63.913,75.537,78.084
389.97,55.578,60.312,56.713,74.737,73.384
390,63.368,72.412,63.363,81.237,81.484
390.03,54.238,67.812,58.163,68.737,76.784
390.06,61.468,71.512,57.813,75.037,78.284
390.08,53.288,52.912,52.613,69.037,64.984
390.11,64.728,72.212,61.313,79.437,80.584
390.14,55.818,67.312,59.313,73.337,77.284
390.17,60.758,67.212,60.013,82.837,81.684
390.2,56.518,66.212,56.463,66.237,79.684
390.23,64.058,73.912,60.063,81.037,84.384
390.25,51.398,59.812,54.213,71.037,73.384
390.28,65.648,69.312,66.013,83.137,85.384
390.31,53.218,64.312,58.663,68.537,71.184
390.34,62.338,68.012,57.163,75.837,79.384
390.37,52.358,64.612,55.063,70.237,73.284
390.4,62.588,69.012,58.263,77.837,80.984
390.43,55.878,69.712,66.063,71.637,82.184
390.45,61.158,71.412,59.663,78.337,79.684
390.48,55.708,66.312,59.913,68.837,71.984
390.51,62.398,69.612,60.563,79.237,84.384
390.54,51.188,61.612,55.263,63.837,72.784
390.57,64.838,71.112,61.763,79.337,86.784
390.6,93.548,117.61,110.96,129.04,134.18
390.63,65.928,76.812,63.013,83.137,87.284
390.65,56.088,63.912,61.213,70.937,70.684
390.68,61.598,74.512,60.163,78.837,82.284
390.71,56.688,58.412,55.713,73.537,71.884
390.74,62.538,68.512,59.613,77.637,76.784
390.77,54.838,60.312,55.963,68.237,66.384
390.8,66.978,76.012,64.463,86.737,86.484
390.83,54.518,57.712,55.913,73.337,72.084
390.86,64.768,75.512,60.913,84.237,81.084
390.88,55.208,64.312,54.663,68.737,69.684
390.91,66.638,83.012,69.213,85.237,89.284
390.94,54.968,63.312,56.863,71.437,67.384
390.97,63.048,76.312,58.713,81.737,81.784
391,52.438,59.812,54.213,66.837,73.684
391.03,60.638,71.612,55.063,81.037,79.984
391.06,55.308,62.412,55.163,67.537,74.584
391.08,63.788,75.312,59.463,82.037,80.184
391.11,54.108,61.212,52.913,67.137,68.784
391.14,70.928,87.612,72.963,88.537,93.184
391.17,57.498,67.512,57.463,67.637,84.284
391.2,62.938,74.912,55.613,72.037,82.984
391.23,56.258,65.712,57.263,77.937,74.784
391.25,61.668,74.112,59.413,76.837,83.084
391.28,50.698,62.112,53.513,69.337,71.284
391.31,66.498,67.612,60.463,84.737,84.284
391.34,53.268,65.712,55.963,71.337,73.184
391.37,62.358,69.912,61.263,78.037,76.084
391.4,56.788,61.912,53.863,70.737,74.484
391.43,67.498,75.312,63.913,79.337,79.584
391.45,52.748,69.712,51.963,70.037,71.884
391.48,64.618,72.112,60.213,79.337,82.084
391.51,53.698,61.812,52.863,75.337,69.784
391.54,60.648,67.412,55.563,81.237,76.184
391.57,50.908,61.512,56.313,66.937,67.484
391.6,63.828,65.312,57.713,78.737,77.284
391.63,63.868,75.712,69.263,81.337,86.984
391.65,63.998,78.412,60.063,76.937,78.384
391.68,56.268,68.212,59.813,69.937,74.184
391.71,61.878,65.412,58.413,75.737,86.884
391.74,62.218,68.512,67.713,88.437,86.984
391.77,64.548,69.712,59.463,76.337,80.384
391.8,55.238,61.512,55.663,71.737,77.084
391.82,64.898,78.412,60.963,85.037,87.984
391.85,53.418,63.212,57.763,65.137,68.584
391.88,63.178,70.712,56.813,80.537,84.184
391.91,55.108,63.712,53.763,69.637,72.884
391.94,60.508,66.012,57.463,73.337,78.484
391.97,61.288,74.512,66.112,84.837,85.284
392,60.268,65.112,60.113,72.437,73.384
392.02,54.738,67.412,55.663,74.137,72.784
392.05,59.398,68.912,57.813,72.137,73.384
392.08,64.018,81.912,68.963,83.337,85.984
392.11,64.758,71.512,59.013,76.737,86.184
392.14,51.148,57.412,51.313,63.337,67.184
392.17,61.068,69.412,56.463,77.737,78.684
392.19,53.278,67.112,52.363,66.537,75.584
392.22,59.298,73.012,56.513,71.937,82.084
392.25,52.608,60.612,54.763,69.237,64.984
392.28,64.298,69.012,58.913,82.537,82.484
392.31,50.868,60.612,52.363,66.937,69.284
392.34,61.638,68.212,54.013,75.737,80.484
392.37,48.748,62.412,49.113,68.837,71.984
392.39,55.288,64.612,52.213,75.737,74.384
392.42,57.308,66.412,55.413,73.337,74.784
392.45,61.648,72.412,58.213,73.537,80.384
392.48,61.858,74.012,66.362,80.937,91.184
392.51,59.228,71.312,58.013,73.737,75.484
392.54,53.238,67.212,58.263,71.937,67.084
392.56,63.798,68.912,56.363,81.537,76.484
392.59,55.818,65.912,54.763,73.637,66.884
392.62,62.108,69.512,59.413,77.337,80.084
392.65,54.038,63.912,55.463,69.337,70.684
392.68,60.258,66.112,59.363,74.437,74.084
392.71,50.998,62.912,51.013,70.437,67.184
392.73,63.328,74.812,58.413,81.137,80.784
392.76,52.958,62.212,53.163,71.737,70.784
392.79,61.238,68.012,58.163,81.737,73.684
392.82,52.088,63.712,53.513,66.737,69.184
392.85,63.938,78.512,62.263,79.137,79.884
392.88,57.028,71.312,59.163,67.237,73.084
392.9,64.008,73.212,62.013,80.937,77.884
392.93,52.818,58.512,55.413,65.537,68.184
392.96,60.198,67.712,56.313,80.437,78.484
392.99,51.418,56.712,53.263,70.037,71.884
393.02,61.028,70.912,58.513,70.537,75.884
393.05,54.318,61.912,51.863,66.937,66.684
393.07,62.128,68.112,58.763,81.837,76.584
393.1,64.818,75.512,67.913,82.937,80.184
393.13,60.348,67.212,57.863,76.537,72.884
393.16,57.358,64.912,57.213,68.937,77.684
393.19,63.648,74.012,51.863,77.137,77.484
393.22,52.598,61.512,52.313,67.237,70.784
393.25,58.738,69.012,54.413,72.337,77.584
393.27,53.948,60.312,52.963,65.537,72.784
393.3,62.068,72.312,55.863,77.737,82.184
393.33,53.438,65.112,52.063,64.037,71.084
393.36,62.978,69.412,60.013,80.737,78.084
393.39,51.548,60.612,52.863,62.037,65.484
393.42,60.908,69.212,57.313,76.037,75.884
393.44,56.268,67.212,55.763,72.137,74.184
393.47,64.248,75.012,59.363,77.937,84.484
393.5,51.158,60.812,53.863,72.037,66.384
393.53,58.068,68.012,57.963,71.537,79.284
393.56,51.608,63.712,55.413,71.337,71.084
393.58,73.498,86.912,73.213,88.137,100.78
393.61,54.998,63.812,53.013,69.637,73.384
393.64,63.718,70.912,59.163,78.337,79.884
393.67,49.908,59.112,49.513,68.037,65.584
393.7,62.758,75.512,59.763,80.337,81.084
393.73,55.238,66.712,49.063,64.137,65.484
393.75,65.718,71.412,59.863,81.337,85.184
393.78,50.158,55.312,53.313,71.037,64.884
393.81,69.258,87.812,65.913,87.537,89.484
393.84,54.598,68.212,52.913,69.237,70.284
393.87,60.508,68.212,53.663,74.337,81.884
393.9,55.448,65.012,55.363,71.737,75.284
393.92,63.018,75.312,53.713,86.037,82.784
393.95,51.428,61.212,52.613,66.237,65.684
393.98,59.158,68.412,56.513,73.337,79.884
394.01,55.188,62.012,49.863,68.437,70.684
394.04,63.898,68.612,59.113,79.337,83.384
394.07,54.438,61.912,54.713,69.137,73.684
394.09,59.888,68.112,53.563,77.837,76.384
394.12,56.158,68.112,58.713,71.337,72.884
394.15,72.008,88.912,68.263,86.737,87.284
394.18,55.268,64.212,51.313,67.537,68.784
394.21,63.488,72.812,56.813,79.237,83.384
394.24,49.938,59.512,49.713,71.837,65.284
394.26,59.058,68.912,57.513,76.337,75.384
394.29,52.298,59.512,51.763,70.437,67.784
394.32,58.708,64.412,58.913,72.237,74.284
394.35,51.888,56.712,49.363,67.137,69.784
394.38,60.238,67.612,56.313,75.237,68.984
394.4,55.208,65.112,50.213,68.037,63.984
394.43,59.108,70.412,54.713,78.337,74.184
394.46,53.728,69.312,50.713,70.437,73.684
394.49,71.578,88.612,66.112,88.837,91.184
394.52,53.578,62.912,53.813,67.537,75.584
394.55,64.088,71.412,57.263,76.937,85.684
394.57,54.508,67.112,53.413,74.437,70.784
394.6,58.658,62.712,58.013,74.537,73.584
394.63,63.238,73.612,63.913,84.137,84.884
394.66,59.798,67.912,55.963,73.437,75.684
394.69,52.688,62.212,51.663,67.537,69.584
394.71,62.048,73.212,57.563,74.337,77.284
394.74,51.988,63.812,48.263,65.737,77.684
394.77,63.898,73.112,58.913,80.937,83.784
394.8,52.528,61.412,50.413,66.837,67.784
394.83,64.178,70.412,59.363,85.237,84.884
394.86,57.038,61.112,55.713,74.437,76.584
394.88,64.818,69.812,58.263,77.337,83.984
394.91,59.118,66.612,59.313,73.737,81.784
394.94,59.438,68.612,51.663,80.937,77.984
394.97,54.298,63.112,51.413,66.937,70.584
395,62.428,68.612,62.013,79.337,77.784
395.03,52.788,61.412,49.163,71.137,67.284
395.05,62.948,71.412,59.613,84.137,79.384
395.08,54.018,58.412,52.463,68.537,69.684
395.11,62.978,71.212,56.563,76.537,82.184
395.14,55.818,65.612,50.763,68.137,72.384
395.17,61.228,67.012,57.513,69.637,76.584
395.19,52.898,63.212,55.963,67.337,70.584
395.22,63.008,72.312,56.263,78.737,82.584
395.25,54.478,63.112,49.713,70.537,73.784
395.28,70.398,84.512,69.112,91.937,94.284
395.31,57.258,69.212,57.813,74.337,80.984
395.34,57.878,60.512,51.613,74.337,80.184
395.36,56.838,71.612,63.763,70.237,74.584
395.39,62.838,68.812,59.113,75.137,79.184
395.42,55.548,62.712,49.913,75.837,74.884
395.45,60.298,65.912,58.363,78.837,78.184
395.48,54.008,62.112,54.463,69.237,68.184
395.5,61.998,70.912,55.413,77.237,79.984
395.53,52.588,61.112,49.813,65.237,72.484
395.56,63.008,72.812,58.913,75.637,78.384
395.59,56.648,62.412,53.013,70.937,70.784
395.62,61.878,74.112,54.963,78.937,81.784
395.64,65.278,76.512,65.563,87.537,93.484
395.67,60.598,68.012,55.663,78.937,77.784
395.7,57.678,66.312,59.413,71.737,74.884
395.73,60.238,70.712,52.863,76.737,73.684
395.76,53.558,59.912,51.713,68.937,72.384
395.79,64.818,76.312,53.713,75.637,86.084
395.81,55.688,62.112,54.263,74.537,70.984
395.84,62.798,70.212,53.963,79.137,79.584
395.87,57.178,66.412,53.863,78.437,76.184
395.9,64.788,78.012,56.213,83.137,80.284
395.93,53.518,64.612,56.213,71.737,71.384
395.95,62.348,72.712,56.363,82.337,79.384
395.98,54.608,56.812,51.013,67.237,71.484
396.01,62.888,70.912,60.563,80.137,75.184
396.04,60.978,67.112,60.763,80.037,84.484
396.07,60.748,68.212,57.663,75.537,74.984
396.1,53.858,64.012,56.113,72.637,64.784
396.12,60.138,68.712,55.563,71.137,75.884
396.15,51.158,59.712,52.113,66.537,67.684
396.18,58.588,69.212,55.113,76.937,75.984
396.21,52.958,60.012,50.663,66.437,72.184
396.24,62.698,72.712,54.513,74.037,86.884
396.26,59.738,69.612,62.013,80.637,81.684
396.29,62.698,72.912,57.213,80.137,77.984
396.32,52.628,59.112,50.313,70.137,70.884
396.35,61.148,70.712,56.163,74.937,81.984
396.38,52.728,67.012,55.713,71.337,71.984
396.4,61.248,70.912,54.563,74.037,85.784
396.43,62.798,75.112,62.263,81.537,90.484
396.46,59.668,67.612,53.813,73.137,79.384
396.49,51.868,61.412,48.713,66.537,69.284
396.52,63.668,74.812,59.013,77.937,79.484
396.55,54.268,63.312,51.913,67.137,68.784
396.57,57.778,66.612,51.963,72.637,75.384
396.6,50.628,58.912,52.663,72.237,63.384
396.63,61.838,76.612,55.313,75.337,77.584
396.66,58.258,71.312,59.663,73.837,79.284
396.69,67.388,79.112,69.813,92.237,85.084
396.71,54.198,63.212,48.413,65.837,69.384
396.74,62.228,72.112,56.263,76.237,83.184
396.77,55.618,63.012,56.113,63.937,72.084
396.8,64.658,78.512,65.663,87.837,93.384
396.82,54.328,61.412,50.963,74.637,75.084
396.85,70.988,81.112,68.663,88.837,90.984
396.88,50.698,61.712,50.763,68.237,69.484
396.91,62.168,72.812,54.613,81.237,78.784
396.94,52.238,58.512,50.263,70.037,70.984
396.97,69.338,78.212,68.913,91.837,88.684
396.99,54.518,63.812,53.763,66.937,69.784
397.02,65.488,76.312,58.813,79.237,87.684
397.05,56.058,60.512,50.363,71.137,77.084
397.08,59.588,66.312,54.163,75.937,75.184
397.11,55.368,66.612,54.613,66.437,74.484
397.13,61.498,70.612,55.013,78.937,79.584
397.16,50.468,59.212,47.763,66.137,70.384
397.19,62.438,73.712,55.613,76.237,80.084
397.22,52.828,64.812,49.213,70.037,66.684
397.25,60.058,68.212,61.263,73.937,82.984
397.27,54.188,61.812,51.963,70.137,67.284
397.3,59.168,66.312,58.013,77.337,81.484
397.33,52.948,60.712,52.163,68.637,69.984
397.36,64.178,72.512,60.263,82.537,81.484
397.39,61.938,68.812,66.563,80.437,83.584
397.41,62.628,67.612,57.213,78.537,84.984
397.44,55.248,63.012,59.563,76.537,78.484
397.47,63.598,70.012,56.713,83.837,78.884
397.5,55.528,67.312,51.563,72.537,69.884
397.53,60.328,71.112,54.513,72.337,77.284
397.55,53.998,59.112,52.663,74.537,72.984
397.58,62.708,72.612,56.413,74.937,82.184
397.61,54.878,63.512,50.113,62.837,71.584
397.64,63.958,71.112,60.613,78.137,86.484
397.67,55.928,68.212,52.213,71.637,77.384
397.69,64.258,73.612,57.663,80.737,81.984
397.72,56.868,69.212,49.063,74.937,79.384
397.75,60.528,72.612,54.913,78.737,77.284
397.78,64.368,76.212,68.263,84.337,84.184
397.81,61.798,65.812,55.663,71.137,77.784
397.83,58.078,69.912,54.663,72.837,77.684
397.86,69.458,78.312,61.763,85.537,91.184
397.89,55.478,64.212,49.513,72.237,73.384
397.92,62.188,74.212,58.263,74.437,85.784
397.94,73.578,89.612,76.963,96.437,99.984
397.97,62.678,79.012,55.163,79.337,81.584
398,75.778,103.41,88.913,101.24,120.48
398.03,67.048,73.812,60.713,75.437,88.784
398.06,56.498,72.212,55.963,73.737,77.584
398.08,64.688,76.112,57.813,84.737,83.084
398.11,56.528,70.012,49.513,72.137,70.284
398.14,65.368,74.812,56.013,81.537,84.984
398.17,55.708,65.412,54.113,75.837,68.484
398.2,64.548,73.812,55.513,85.737,79.084
398.22,64.358,77.312,65.063,81.437,88.284
398.25,64.328,71.712,58.013,80.537,78.884
398.28,56.468,66.912,50.063,76.437,73.784
398.31,64.868,72.612,58.913,75.837,84.184
398.34,54.278,65.412,54.613,73.737,71.284
398.36,60.108,72.112,56.563,73.837,78.484
398.39,55.318,67.112,52.663,76.137,73.984
398.42,65.678,72.312,56.263,83.137,83.784
398.45,53.418,62.012,54.113,76.237,72.984
398.48,63.198,72.412,54.963,78.537,81.184
398.5,55.728,65.712,48.513,74.837,72.984
398.53,62.138,70.412,52.663,74.137,77.684
398.56,66.228,77.812,65.663,82.237,92.184
398.59,63.648,71.312,55.213,80.237,81.584
398.62,54.438,60.512,49.513,68.137,68.884
398.64,65.818,74.712,56.613,81.937,78.984
398.67,53.108,65.712,48.263,69.337,68.984
398.7,61.078,71.812,53.763,73.437,74.784
398.73,53.848,60.312,50.463,67.837,70.084
398.75,62.398,71.512,61.313,79.937,75.984
398.78,54.248,64.612,52.363,71.237,74.384
398.81,62.908,71.512,52.463,78.937,71.784
398.84,54.138,66.012,50.613,72.037,71.484
398.87,60.068,73.012,56.763,78.237,75.784
398.89,54.628,62.612,50.713,67.237,69.884
398.92,62.518,70.212,57.513,77.737,74.284
398.95,54.798,67.412,48.663,69.337,70.984
398.98,60.248,73.312,52.763,80.337,74.084
399,57.678,61.212,51.913,65.037,77.984
399.03,70.288,82.012,70.813,93.937,86.884
399.06,53.138,61.612,50.013,70.537,70.484
399.09,63.408,72.612,54.563,78.537,80.584
399.12,53.538,67.112,47.913,69.437,73.384
399.14,73.408,81.312,67.913,91.037,94.884
399.17,56.278,63.512,52.163,69.437,70.784
399.2,64.288,72.112,56.763,83.937,84.384
399.23,52.888,65.612,53.313,62.937,70.984
399.26,61.878,73.612,55.613,76.037,78.584
399.28,57.128,68.512,52.813,73.837,71.584
399.31,62.848,72.612,60.213,79.837,81.084
399.34,53.098,65.312,48.613,63.637,70.084
399.37,65.218,73.512,54.913,80.737,79.984
399.39,52.778,59.712,51.263,67.137,72.984
399.42,64.828,79.312,55.863,81.837,79.684
399.45,53.608,58.212,50.963,67.837,68.084
399.48,63.168,76.512,53.863,79.537,79.184
399.51,56.648,70.812,54.313,72.437,75.084
399.53,62.008,65.112,55.763,79.637,79.384
399.56,53.778,63.312,49.563,71.837,67.384
399.59,62.928,74.212,53.213,73.837,81.584
399.62,58.948,74.712,57.863,76.637,78.484
399.64,65.418,70.712,60.013,75.937,78.884
399.67,57.038,67.612,49.513,68.737,74.584
399.7,62.798,69.912,62.213,79.837,79.584
399.73,60.698,70.612,57.363,73.637,76.884
399.76,64.358,73.612,55.363,83.837,84.184
399.78,57.558,63.612,51.263,71.437,78.784
399.81,62.598,71.112,52.613,74.437,80.784
399.84,56.168,66.812,54.663,63.837,75.284
399.87,65.328,70.612,56.713,78.337,86.384
399.89,56.488,66.912,51.913,69.237,67.384
399.92,64.928,74.712,56.963,85.037,77.484
399.95,59.088,70.012,50.663,73.737,74.884
399.98,64.418,75.112,53.363,77.637,83.784
400.01,57.138,71.012,53.813,74.837,75.484
400.03,65.498,74.912,54.013,79.137,80.584
400.06,59.578,70.812,53.413,76.437,76.684
400.09,68.558,80.512,57.263,88.137,93.184
400.12,54.768,64.812,50.713,65.537,68.784
400.14,65.428,74.012,57.463,81.937,88.084
400.17,57.138,63.712,53.563,70.437,77.184
400.2,63.748,73.512,55.163,79.137,79.684
400.23,55.148,67.312,50.363,67.137,70.084
400.26,61.428,72.712,54.713,83.237,84.884
400.28,62.698,70.312,60.563,86.837,80.384
400.31,74.038,89.312,68.013,96.537,95.884
400.34,64.068,75.612,66.112,77.837,85.784
400.37,67.828,74.512,60.613,87.637,85.384
400.39,57.308,72.612,55.413,74.537,74.984
400.42,64.668,74.812,52.113,77.737,82.684
400.45,65.618,79.312,61.563,86.537,85.284
400.48,63.698,71.912,53.713,80.037,78.984
400.51,54.738,63.912,52.163,73.337,73.584
400.53,64.688,75.012,52.763,73.337,83.984
400.56,58.308,73.512,54.713,75.137,73.884
400.59,63.558,77.912,53.013,79.737,83.784
400.62,63.098,74.412,55.513,74.737,81.784
400.64,68.518,75.212,63.613,79.537,85.284
400.67,58.148,70.212,49.913,72.137,74.284
400.7,63.668,75.812,52.413,80.837,79.284
400.73,57.658,72.012,50.963,69.337,72.384
400.75,64.478,76.112,58.013,79.437,80.784
400.78,55.448,63.312,50.363,68.037,68.184
400.81,63.568,70.612,52.613,78.537,77.884
400.84,55.868,63.612,51.763,67.337,72.984
400.87,64.598,76.312,54.213,84.937,85.084
400.89,57.098,64.112,51.263,74.237,72.684
400.92,65.978,75.312,58.913,77.937,83.584
400.95,55.508,60.612,51.463,71.537,77.684
400.98,59.478,71.512,53.313,73.737,76.384
401,57.458,63.012,47.063,72.537,72.284
401.03,63.628,75.312,54.463,80.637,78.284
401.06,54.738,62.912,51.313,72.437,72.084
401.09,65.218,78.012,55.163,79.637,76.984
401.12,61.998,74.612,62.413,80.937,89.284
401.14,60.578,71.012,51.663,78.137,75.084
401.17,52.978,59.312,50.463,65.437,69.084
401.2,61.688,68.512,53.513,72.537,79.184
401.23,52.698,61.912,51.613,67.937,70.784
401.25,61.518,69.812,56.363,74.137,76.784
401.28,54.738,63.612,49.563,72.137,69.884
401.31,61.198,73.512,54.363,75.837,76.484
401.34,59.628,66.912,64.513,77.937,77.884
401.36,61.658,69.412,51.963,75.437,81.284
401.39,53.188,61.012,51.713,65.337,65.284
401.42,59.118,69.112,56.513,73.337,75.284
401.45,52.198,61.212,53.713,73.037,67.984
401.47,56.598,67.912,55.113,71.237,74.684
401.5,49.258,56.612,45.613,61.437,67.784
401.53,56.278,64.412,52.813,66.337,73.984
401.56,55.638,63.612,56.813,75.537,76.784
401.58,60.688,74.312,54.713,73.837,75.684
401.61,48.868,66.212,51.513,66.337,64.084
401.64,58.888,69.812,51.063,83.237,76.384
401.67,46.668,51.912,47.863,57.637,61.084
401.69,56.108,63.912,49.763,66.437,73.484
401.72,47.598,59.012,48.013,67.437,67.184
401.75,58.188,73.812,55.513,75.237,75.584
401.78,47.848,54.812,46.363,66.737,67.084
401.81,57.238,59.812,49.963,72.537,76.284
401.83,49.708,56.012,48.213,65.137,64.884
401.86,56.848,63.812,49.763,67.437,76.484
401.89,50.138,59.212,47.213,64.137,65.284
401.92,58.448,62.912,54.913,73.637,70.684
401.94,60.458,68.212,62.013,76.337,78.484
401.97,58.268,72.712,57.863,77.037,77.584
402,47.378,56.812,47.413,61.437,71.784
402.03,57.458,63.912,54.863,72.737,79.584
402.05,48.528,61.112,49.013,63.337,63.084
402.08,60.078,74.012,52.063,69.637,70.384
402.11,51.248,59.212,49.563,67.437,69.684
402.14,61.808,74.112,57.163,78.437,79.784
402.16,51.928,59.812,45.763,65.837,70.484
402.19,58.298,70.412,51.163,74.537,73.284
402.22,52.318,62.312,49.163,65.737,67.084
402.25,57.638,64.312,51.013,75.037,74.184
402.27,57.408,66.112,60.513,74.737,80.784
402.3,57.728,69.212,51.813,67.437,74.384
402.33,52.938,64.112,47.013,68.737,66.584
402.36,57.628,66.012,51.513,73.337,76.084
402.38,49.708,54.212,49.063,64.237,66.184
402.41,58.108,68.512,52.913,78.637,78.084
402.44,52.988,59.912,51.763,71.437,75.084
402.47,56.428,66.312,52.263,71.637,71.584
402.5,52.368,59.512,49.913,65.337,66.384
402.52,63.928,74.412,57.563,78.237,89.584
402.55,53.318,59.712,47.913,63.637,66.984
402.58,62.238,72.212,53.813,74.237,81.884
402.61,53.118,68.012,54.363,70.337,78.684
402.63,56.388,65.612,49.013,70.537,69.884
402.66,49.288,62.512,47.413,69.037,64.484
402.69,54.268,60.912,51.213,68.737,75.984
402.71,53.558,65.412,49.763,65.637,69.484
402.74,57.548,68.312,50.113,73.637,77.484
402.77,49.138,56.712,50.963,64.337,63.884
402.8,69.038,79.312,70.063,90.637,91.784
402.82,53.798,61.512,48.863,65.637,68.284
402.85,56.618,68.412,50.313,68.937,74.884
402.88,52.458,64.812,48.413,67.537,70.684
402.91,59.178,67.812,52.313,75.037,73.284
402.94,49.408,57.512,47.263,71.637,71.784
402.96,59.928,65.612,50.863,75.537,73.884
402.99,52.048,59.912,49.613,65.337,71.184
403.02,61.298,66.512,50.163,73.637,70.484
403.05,47.348,58.212,42.213,64.637,66.384
403.07,61.688,69.212,50.863,77.137,83.584
403.1,50.388,63.112,47.463,66.637,69.484
403.13,58.348,66.212,51.663,78.537,75.684
403.15,51.598,56.712,49.913,66.937,66.784
403.18,60.458,69.212,50.363,73.837,76.484
403.21,56.678,69.712,60.863,72.037,75.684
403.24,57.218,66.012,52.763,77.637,76.284
403.26,49.738,53.812,47.463,66.937,69.984
403.29,60.338,65.612,55.713,76.937,81.284
403.32,51.858,59.112,43.913,70.037,67.784
403.35,65.568,79.512,64.563,90.737,91.984
403.38,50.118,57.512,47.513,65.337,62.084
403.4,61.488,69.812,55.163,76.337,84.284
403.43,49.618,57.312,52.113,61.337,64.984
403.46,57.868,66.212,50.213,71.537,75.984
403.49,49.408,60.412,45.013,62.037,62.284
403.51,60.508,66.012,51.913,76.737,83.984
403.54,51.658,62.612,48.113,66.837,73.684
403.57,57.678,67.712,47.213,73.737,72.584
403.6,54.478,60.012,47.363,65.037,73.084
403.62,61.478,73.112,53.163,84.137,79.684
403.65,54.028,62.312,51.013,66.837,74.484
403.68,60.308,65.812,49.613,74.737,82.184
403.7,51.538,59.112,50.963,65.137,69.184
403.73,62.008,69.712,53.813,76.237,77.884
403.76,52.418,61.412,48.313,66.737,66.984
403.79,65.418,74.212,53.563,85.337,85.184
403.81,52.658,65.412,43.863,71.237,68.584
403.84,62.388,69.812,55.413,76.437,74.484
403.87,52.328,63.112,47.763,74.637,68.684
403.9,63.028,74.012,53.913,76.837,73.784
403.92,50.928,65.812,45.013,64.937,69.084
403.95,67.378,81.212,67.362,85.537,90.984
403.98,60.288,69.012,61.063,80.537,81.784
404.01,60.358,68.012,49.413,77.037,75.084
404.03,57.178,69.512,47.213,72.737,70.784
404.06,60.898,67.612,51.763,75.137,74.284
404.09,52.628,62.312,51.713,68.237,71.784
404.12,60.638,70.012,49.263,73.537,74.384
404.14,53.318,65.312,51.963,75.437,74.684
404.17,61.558,66.812,52.263,77.637,73.084
404.2,48.338,59.312,45.213,60.837,64.484
404.23,69.948,80.012,65.213,85.637,91.784
404.25,51.338,57.912,48.263,69.637,68.884
404.28,58.558,65.912,50.913,78.837,77.884
404.31,53.308,58.112,45.863,65.137,67.084
404.33,58.968,66.712,51.263,71.937,70.384
404.36,49.258,58.912,49.163,68.537,62.184
404.39,60.948,68.812,52.063,73.137,74.184
404.42,49.998,57.412,47.413,61.937,67.484
404.44,63.478,72.512,52.763,76.237,80.484
404.47,51.938,58.812,50.863,71.037,66.084
404.5,68.938,77.912,67.713,87.337,86.184
404.53,50.148,62.112,48.463,66.037,67.984
404.55,57.198,73.412,51.663,72.837,74.284
404.58,53.288,55.912,46.113,64.437,66.984
404.61,59.918,67.112,47.863,72.237,74.984
404.64,48.248,55.812,45.913,64.937,69.584
404.66,63.518,72.312,54.163,74.737,77.084
404.69,55.598,67.012,49.163,70.137,73.484
404.72,74.468,85.812,70.013,97.337,94.184
404.75,58.408,59.612,49.063,69.637,75.784
404.77,57.738,61.812,51.313,70.737,79.884
404.8,68.848,84.412,67.612,83.837,91.484
404.83,65.898,74.412,52.713,76.337,75.084
404.85,59.168,59.812,47.263,67.337,71.984
404.88,60.728,65.512,53.563,73.737,70.784
404.91,53.968,63.612,49.613,68.637,70.284
404.94,62.898,72.112,53.063,75.437,81.884
404.96,52.068,55.512,45.013,66.037,69.084
404.99,62.628,68.812,54.263,80.537,80.284
405.02,58.038,70.812,50.813,69.337,72.884
405.05,62.948,74.112,55.263,80.637,81.284
405.07,56.178,63.312,51.863,75.237,75.684
405.1,60.508,63.612,52.963,73.937,73.884
405.13,52.918,57.312,49.563,68.337,73.484
405.15,61.948,73.112,51.663,78.337,76.784
405.18,62.798,72.512,61.863,79.237,81.784
405.21,61.458,71.112,51.863,82.337,75.584
405.24,51.318,58.512,49.713,62.037,70.484
405.26,61.818,70.512,48.813,74.637,81.884
405.29,60.768,66.412,56.563,78.237,80.684
405.32,62.088,66.112,50.763,74.137,78.784
405.35,56.938,64.212,53.963,76.637,72.684
405.37,60.128,70.512,54.413,68.737,73.784
405.4,52.828,54.712,48.263,60.637,68.284
405.43,65.278,74.912,56.913,82.637,85.884
405.45,51.858,62.912,48.513,69.137,68.884
405.48,62.928,69.812,50.913,77.437,80.484
405.51,51.818,58.112,51.363,70.437,70.584
405.54,69.258,79.412,63.663,85.037,90.884
405.56,51.328,59.712,45.713,67.237,70.084
405.59,63.208,73.712,55.213,79.837,79.384
405.62,52.308,61.612,50.013,60.237,65.984
405.65,58.748,76.712,53.413,69.137,76.384
405.67,53.578,62.012,51.863,68.437,70.784
405.7,59.278,66.912,49.713,75.937,69.584
405.73,51.898,60.912,47.163,58.037,62.384
405.75,57.598,65.112,50.063,76.237,76.684
405.78,57.458,71.212,60.363,79.437,79.884
405.81,61.688,72.312,53.363,77.337,78.884
405.84,52.498,59.512,45.913,73.437,68.684
405.86,66.268,72.512,59.813,81.537,87.884
405.89,59.898,78.212,59.763,81.637,74.484
405.92,60.718,67.312,53.613,78.037,77.484
405.95,55.148,64.212,48.913,70.137,72.984
405.97,60.348,66.812,50.713,71.237,77.084
406,52.428,61.112,49.563,71.037,68.884
406.03,64.128,74.612,55.613,84.937,81.784
406.06,54.178,60.112,46.163,65.737,66.484
406.08,71.408,82.812,66.713,86.937,95.184
406.11,51.068,59.712,46.413,66.737,67.484
406.14,64.068,74.212,57.913,74.037,80.184
406.16,56.408,61.412,51.663,75.537,71.784
406.19,65.178,71.312,52.313,73.537,74.584
406.22,56.438,67.112,51.413,71.337,74.684
406.25,62.268,73.112,54.563,75.837,77.884
406.27,56.238,60.412,48.213,63.937,77.184
406.3,60.858,72.812,56.363,75.637,74.184
406.33,49.678,54.712,45.713,65.837,66.584
406.35,63.008,73.012,52.063,79.937,82.884
406.38,54.328,57.612,44.813,70.437,70.084
406.41,59.918,75.112,48.463,80.437,80.684
406.44,55.988,65.312,48.113,71.337,74.984
406.46,62.338,66.412,54.513,80.437,75.784
406.49,55.738,62.812,46.663,66.437,64.584
406.52,59.928,65.512,49.963,69.537,69.384
406.54,51.708,62.612,47.963,65.937,69.884
406.57,61.238,67.512,51.213,76.937,80.784
406.6,52.398,55.912,44.313,61.137,67.984
406.63,62.088,69.712,57.363,75.737,81.384
406.65,56.458,64.012,50.213,74.437,72.384
406.68,69.748,78.612,62.613,92.237,85.884
406.71,55.008,59.812,50.863,67.937,70.284
406.73,59.618,71.012,50.413,74.837,71.684
406.76,51.368,61.112,46.313,63.537,72.784
406.79,61.538,71.312,52.563,74.937,75.884
406.82,51.838,62.012,51.563,68.437,73.484
406.84,58.048,71.212,48.563,68.437,75.884
406.87,52.488,61.612,48.563,64.937,65.984
406.9,64.048,69.412,51.713,75.237,84.684
406.92,55.538,67.712,48.413,74.537,71.084
406.95,60.478,70.312,53.213,71.337,80.284
406.98,50.258,62.112,44.913,67.337,68.484
407.01,64.108,70.912,51.913,77.137,83.084
407.03,52.368,58.212,45.313,66.337,65.684
407.06,63.258,67.712,52.763,80.137,81.284
407.09,53.828,60.612,48.063,69.337,70.684
407.11,57.968,65.912,53.413,75.937,80.184
407.14,52.278,61.112,46.413,66.637,68.684
407.17,61.848,68.612,51.813,77.237,75.984
407.2,52.398,60.512,42.413,63.337,69.584
407.22,60.768,71.012,50.663,73.537,75.884
407.25,52.088,59.012,48.663,60.037,71.784
407.28,62.318,74.012,50.363,75.237,78.484
407.3,53.448,61.412,48.963,68.737,67.484
407.33,64.568,73.912,51.863,77.737,78.284
407.36,55.488,64.412,47.563,68.437,68.884
407.38,60.678,66.612,50.963,70.337,70.184
407.41,54.728,65.112,46.913,65.737,70.384
407.44,59.608,73.012,50.613,75.437,73.684
407.47,51.638,61.212,50.463,66.937,70.884
407.49,59.738,65.912,52.413,73.337,73.784
407.52,50.438,60.812,47.513,64.437,68.984
407.55,59.458,71.012,54.713,72.137,82.884
407.57,53.838,61.412,44.663,64.837,74.384
407.6,58.918,68.912,53.963,68.737,78.584
407.63,51.598,61.212,44.163,70.337,69.984
407.66,61.828,68.512,52.013,76.537,84.584
407.68,50.628,58.612,47.713,69.137,68.584
407.71,58.668,67.612,50.163,72.137,70.484
407.74,50.168,56.712,47.513,65.037,69.184
407.76,58.908,62.512,50.413,74.037,73.284
407.79,52.778,61.112,44.263,63.137,68.784
407.82,59.658,66.812,50.013,74.837,75.384
407.85,49.948,57.312,46.613,63.737,60.784
407.87,90.688,106.41,93.913,115.64,115.48
407.9,49.108,56.512,46.363,61.737,70.984
407.93,66.888,79.212,63.663,87.637,90.684
407.95,48.358,56.112,44.263,63.737,67.384
407.98,62.358,65.312,53.063,74.137,78.684
408.01,49.628,53.312,44.513,64.537,66.084
408.04,58.828,68.712,53.513,70.737,76.184
408.06,55.548,68.312,56.163,76.737,78.084
408.09,55.938,69.312,46.963,76.537,71.184
408.12,47.538,56.312,43.163,64.737,60.084
408.14,52.768,55.112,42.313,68.537,66.184
408.17,56.168,68.812,56.013,76.437,76.784
408.2,55.488,66.812,48.013,64.637,75.784
408.22,47.188,55.512,42.013,57.537,64.684
408.25,54.758,64.212,50.813,61.637,73.184
408.28,48.078,47.412,44.013,60.537,61.384
408.31,55.418,61.312,45.663,66.337,68.684
408.33,52.108,64.312,48.363,67.437,62.384
408.36,55.468,62.612,48.563,70.237,68.084
408.39,46.238,53.412,42.763,63.537,60.684
408.41,56.378,65.012,49.563,69.937,69.584
408.44,48.708,54.912,45.863,62.037,62.284
408.47,65.178,80.212,62.913,83.037,85.684
408.49,48.958,56.812,43.913,59.637,62.584
408.52,55.588,64.412,54.213,74.037,80.084
408.55,51.858,56.012,46.513,62.437,65.484
408.57,52.498,61.312,45.963,65.337,65.884
408.6,46.548,56.412,42.113,59.637,64.784
408.63,59.598,66.712,50.313,69.537,71.784
408.66,54.298,61.912,53.763,71.537,71.984
408.68,60.158,67.312,50.213,68.537,82.684
408.71,47.718,54.512,41.213,64.137,62.484
408.74,58.528,64.512,49.413,74.337,72.084
408.76,48.798,49.212,45.113,64.037,65.784
408.79,57.598,65.812,48.113,77.637,75.284
408.82,51.268,63.712,44.163,67.137,63.484
408.85,53.658,65.112,51.663,66.537,64.184
408.87,48.898,56.312,40.863,60.637,66.584
408.9,57.598,69.512,50.213,80.537,71.384
408.93,76.398,94.812,86.513,101.94,108.58
408.95,58.058,66.912,48.913,71.837,70.884
408.98,48.008,57.412,43.763,64.537,59.784
409.01,62.058,70.812,53.063,72.437,78.184
409.03,51.988,59.012,49.563,63.537,69.184
409.06,58.688,68.512,50.413,74.037,75.584
409.09,47.228,55.512,45.213,59.037,68.784
409.11,61.968,69.612,48.613,72.137,76.384
409.14,51.068,63.912,45.463,66.337,71.984
409.17,58.028,72.012,49.813,64.437,72.684
409.19,50.688,58.112,44.163,69.737,67.084
409.22,62.848,75.812,57.263,80.637,88.284
409.25,51.388,64.712,47.463,64.737,72.484
409.28,60.618,68.812,48.963,72.037,78.084
409.3,50.888,61.912,42.363,63.937,65.684
409.33,61.278,61.512,49.513,70.937,76.284
409.36,48.728,56.012,44.163,65.637,64.684
409.38,62.428,70.212,47.363,74.437,68.184
409.41,49.948,56.512,45.313,59.337,66.384
409.44,58.668,67.812,50.713,75.237,75.784
409.46,51.728,59.612,49.313,71.137,73.684
409.49,57.658,67.112,51.913,71.537,73.484
409.52,51.868,63.412,48.313,65.537,72.184
409.55,57.028,60.312,49.113,66.537,74.484
409.57,51.118,62.012,44.513,66.137,67.384
409.6,59.648,69.312,53.313,74.637,71.784
409.63,51.518,54.212,49.613,64.437,62.284
409.65,60.088,67.812,51.913,73.637,77.984
409.68,90.658,115.41,103.81,122.34,117.58
409.71,64.908,75.512,52.913,81.937,75.384
409.73,53.788,57.512,48.013,64.237,73.784
409.76,68.188,79.812,66.463,89.537,87.684
409.79,53.368,54.412,42.913,66.537,74.484
409.81,62.848,70.412,49.663,79.237,76.084
409.84,51.728,67.012,42.613,64.237,63.984
409.87,64.718,75.612,53.463,82.037,77.184
409.89,51.588,59.612,43.363,63.237,70.384
409.92,59.838,66.112,51.113,68.337,74.784
409.95,54.318,57.712,50.463,70.937,73.584
409.98,103.67,124.01,114.06,135.44,143.28
410,50.958,57.912,47.063,62.537,66.084
410.03,59.248,68.312,50.213,76.537,70.284
410.06,49.668,63.112,45.813,62.637,68.084
410.08,59.478,68.712,47.463,74.737,76.884
410.11,52.448,66.112,48.263,74.637,66.184
410.14,63.468,72.612,53.263,74.737,75.784
410.16,56.348,67.412,51.263,67.937,73.084
410.19,59.228,63.412,45.663,70.037,80.184
410.22,52.958,62.012,49.363,71.237,71.584
410.24,61.598,70.312,53.063,78.037,79.584
410.27,49.598,52.612,44.763,66.037,67.584
410.3,58.298,68.012,48.763,75.437,76.284
410.32,50.048,58.812,45.763,67.537,65.984
410.35,64.698,75.312,55.013,73.737,82.684
410.38,51.808,56.212,49.263,67.937,68.484
410.4,64.028,71.812,51.213,75.537,78.484
410.43,64.128,70.112,60.013,76.837,85.884
410.46,57.458,66.512,49.113,75.237,69.084
410.49,62.548,66.912,59.363,78.937,81.884
410.51,66.858,75.412,62.763,84.037,86.584
410.54,52.868,59.212,43.463,63.237,67.384
410.56,61.508,70.912,48.763,73.937,79.084
410.59,53.468,62.712,47.713,65.937,71.484
410.62,61.698,65.912,52.013,68.537,77.284
410.65,55.248,63.412,47.213,73.337,72.184
410.67,60.888,66.512,56.463,75.937,76.584
410.7,51.348,61.912,48.813,68.237,65.884
410.73,66.148,75.612,55.013,81.637,83.684
410.75,50.258,58.412,44.863,68.537,65.584
410.78,61.688,64.612,52.063,76.337,75.384
410.81,51.658,61.912,46.763,75.037,68.384
410.83,60.938,65.212,48.463,72.237,69.284
410.86,53.238,61.712,46.563,65.337,66.384
410.89,60.748,68.512,50.863,73.537,76.084
410.91,53.278,61.012,44.563,65.437,74.584
410.94,65.908,67.012,54.713,82.037,77.284
410.97,53.078,55.912,45.963,63.637,66.384
410.99,59.148,64.712,47.513,72.537,70.284
411.02,52.078,59.312,46.263,67.637,70.584
411.05,60.898,71.012,50.113,68.637,75.184
411.07,52.588,59.812,44.313,65.137,69.584
411.1,58.218,62.212,46.913,76.137,73.084
411.13,51.118,56.412,43.513,59.737,63.484
411.15,61.448,66.912,48.863,73.137,76.184
411.18,55.438,62.812,55.013,71.837,72.284
411.21,64.278,70.612,50.213,78.037,81.684
411.23,60.028,69.812,57.913,72.737,81.884
411.26,59.708,70.312,46.513,70.537,73.484
411.29,50.718,54.112,43.263,67.837,61.184
411.31,59.728,66.712,51.863,74.037,72.884
411.34,58.098,62.012,54.063,74.337,76.784
411.37,71.068,74.812,67.813,84.837,88.284
411.39,59.098,67.412,59.113,78.737,79.884
411.42,60.208,68.912,46.663,77.837,76.284
411.45,50.238,58.612,47.563,66.737,66.784
411.48,62.958,67.512,50.763,75.237,81.084
411.5,48.648,55.512,42.163,62.137,61.284
411.53,61.598,63.812,49.613,78.037,81.884
411.56,53.518,64.312,48.163,66.637,73.084
411.58,58.578,66.012,47.613,73.437,73.884
411.61,50.218,58.612,44.513,65.737,66.884
411.63,61.328,70.012,51.213,77.537,77.784
411.66,46.968,58.812,43.263,59.137,58.884
411.69,60.068,69.812,53.513,74.837,74.284
411.71,58.088,66.712,55.463,73.037,80.884
411.74,59.068,67.012,46.713,72.137,75.184
411.77,51.828,60.312,46.163,65.437,67.784
411.8,61.848,65.912,48.963,75.637,77.184
411.82,53.768,61.412,46.513,62.537,68.684
411.85,59.598,69.812,46.563,75.437,72.584
411.88,48.948,54.212,44.613,58.737,60.684
411.9,60.748,71.212,54.513,77.037,77.184
411.93,53.018,57.012,46.713,63.937,73.684
411.95,61.678,68.412,54.613,77.137,76.484
411.98,54.038,62.812,44.113,71.437,65.184
412.01,59.418,66.412,50.463,75.237,73.684
412.04,52.058,58.712,44.313,68.637,64.484
412.06,56.008,58.012,50.213,71.037,72.584
412.09,52.888,65.512,43.563,66.237,67.184
412.12,60.508,71.712,47.113,77.837,73.284
412.14,56.828,66.512,52.263,73.137,77.384
412.17,62.938,70.212,52.313,79.437,79.584
412.19,47.788,56.112,42.763,60.437,60.784
412.22,59.718,66.612,50.313,72.837,77.484
412.25,49.418,56.912,44.213,67.637,62.784
412.27,57.698,66.912,48.463,74.437,71.984
412.3,50.388,61.412,48.013,63.237,68.884
412.33,61.508,66.712,49.913,79.137,79.884
412.36,48.348,56.012,44.213,65.937,65.884
412.38,58.508,64.112,45.163,67.937,69.884
412.41,49.628,60.112,44.663,65.337,67.684
412.44,61.538,67.212,53.063,74.937,78.184
412.46,51.768,62.012,46.513,63.037,67.284
412.49,58.748,67.912,51.063,73.037,74.484
412.51,50.388,59.312,43.013,65.637,66.884
412.54,63.358,72.312,57.663,86.137,83.584
412.57,47.238,54.112,44.063,59.337,61.784
412.59,61.008,61.512,47.513,73.037,76.584
412.62,49.408,59.012,43.763,63.637,61.784
412.65,56.578,68.512,42.763,64.537,67.984
412.67,52.858,59.812,48.763,64.337,72.284
412.7,59.258,64.312,48.863,69.737,75.784
412.73,61.328,67.212,53.613,83.237,77.384
412.75,58.278,66.812,49.213,70.537,71.384
412.78,59.288,67.312,57.413,68.737,80.684
412.81,53.478,66.212,47.113,68.237,67.484
412.83,46.048,58.612,40.563,61.937,59.384
412.86,59.398,67.712,49.563,75.737,77.784
412.89,49.898,51.312,46.563,59.737,65.584
412.91,67.978,69.912,60.163,91.837,94.084
412.94,55.338,60.812,52.013,71.037,67.684
412.97,58.088,63.012,46.913,71.037,74.384
412.99,49.528,57.512,44.113,67.137,66.384
413.02,58.378,68.512,50.813,72.337,75.884
413.05,47.308,55.612,42.013,64.437,62.384
413.07,57.248,64.312,45.663,67.837,69.384
413.1,50.858,56.012,43.213,62.037,64.084
413.13,61.458,64.612,51.713,69.437,74.284
413.15,52.778,58.712,48.863,69.037,70.084
413.18,57.148,63.112,49.563,72.737,78.084
413.21,50.258,59.612,44.963,65.637,63.184
413.23,57.068,66.512,45.763,67.737,71.584
413.26,49.158,56.412,47.213,63.637,64.684
413.29,65.698,78.012,63.563,81.637,82.584
413.31,48.958,53.212,44.513,65.637,60.384
413.34,65.168,74.712,58.713,83.537,76.684
413.37,49.598,57.512,44.413,64.737,66.684
413.39,53.218,63.112,47.763,70.337,71.484
413.42,48.238,52.312,42.713,64.337,67.384
413.44,57.318,64.112,48.113,73.537,71.884
413.47,47.168,50.612,41.213,62.237,62.484
413.5,57.658,63.212,48.263,69.237,74.884
413.52,47.368,50.412,40.913,60.637,63.684
413.55,59.758,67.012,49.413,71.437,78.184
413.58,48.618,54.912,43.813,60.837,62.684
413.6,60.768,64.012,53.463,74.037,77.184
413.63,58.628,69.112,58.163,71.937,78.184
413.66,59.108,61.312,46.113,71.637,80.384
413.68,51.388,54.012,45.263,63.037,67.584
413.71,56.958,63.912,48.563,73.137,66.084
413.74,49.858,56.112,45.263,63.337,68.884
413.76,59.558,65.412,48.313,70.637,72.184
413.79,50.048,59.512,44.813,69.137,65.684
413.82,61.298,65.912,46.563,73.037,74.684
413.84,54.738,61.412,47.913,66.637,65.584
413.87,59.148,65.712,49.263,69.737,78.784
413.89,51.898,57.612,46.613,65.637,71.384
413.92,59.158,68.612,50.763,76.237,78.184
413.95,50.328,55.812,43.913,63.437,69.884
413.98,61.988,63.812,51.413,77.437,73.684
414,51.938,57.312,44.863,65.337,61.084
414.03,62.468,67.512,50.763,75.337,78.584
414.05,51.318,53.212,45.313,64.437,66.784
414.08,61.548,65.012,47.513,82.637,76.884
414.11,52.478,58.412,45.263,64.437,66.784
414.13,58.418,65.712,47.263,70.537,67.284
414.16,53.508,63.212,46.613,66.137,68.784
414.19,58.268,67.312,46.913,76.337,72.684
414.21,49.078,52.812,43.513,64.437,65.384
414.24,61.038,68.112,48.763,72.137,80.884
414.27,52.428,59.312,45.263,66.737,66.584
414.29,58.358,64.912,45.863,74.537,70.084
414.32,53.138,57.312,44.313,71.237,65.884
414.35,67.878,75.112,61.313,89.337,81.984
414.37,56.038,65.712,51.313,76.137,66.984
414.4,61.108,67.912,53.363,80.237,77.984
414.42,57.388,63.712,57.263,73.337,78.384
414.45,60.448,65.512,49.213,77.137,75.084
414.48,53.468,60.612,45.113,61.537,67.884
414.5,62.308,65.712,51.613,74.537,79.984
414.53,52.028,57.812,45.513,68.637,64.484
414.56,60.098,69.512,49.663,73.537,72.484
414.58,51.088,58.612,44.563,62.637,67.484
414.61,59.508,69.212,53.613,73.037,79.884
414.64,50.558,56.312,47.363,62.737,67.484
414.66,60.378,66.212,51.713,79.837,75.184
414.69,48.758,55.812,43.363,66.437,62.384
414.71,62.128,68.012,48.313,77.237,74.284
414.74,52.028,59.112,43.363,68.637,64.284
414.77,59.498,68.012,46.313,75.837,71.284
414.79,50.048,54.812,43.513,66.837,68.884
414.82,64.478,73.612,58.713,81.337,82.684
414.85,47.548,52.912,41.113,66.937,63.084
414.87,59.328,65.612,47.913,76.037,74.084
414.9,50.068,61.712,44.413,64.437,59.184
414.93,57.518,56.712,44.713,73.937,69.584
414.95,44.588,54.112,40.113,56.937,67.284
414.98,58.858,62.312,50.613,69.137,75.284
415,48.898,56.312,41.913,62.537,61.784
415.03,59.078,68.312,54.163,75.537,80.284
415.06,51.448,58.812,46.013,63.637,68.084
415.08,61.648,64.512,47.413,67.337,76.184
415.11,48.188,55.212,41.363,62.837,64.384
415.14,57.358,65.612,44.513,72.537,72.784
415.16,48.088,45.412,41.913,63.437,56.884
415.19,56.848,59.912,46.563,70.937,70.784
415.22,44.828,55.312,40.563,57.337,58.784
415.24,55.538,62.512,45.613,65.737,66.484
415.27,48.618,57.112,45.513,63.937,62.884
415.3,55.118,53.012,49.613,70.237,72.584
415.32,47.518,54.012,42.613,58.937,56.884
415.35,55.848,63.112,45.413,72.737,67.084
415.37,48.408,47.712,44.463,65.737,63.584
415.4,55.258,59.412,50.813,70.237,68.184
415.43,43.938,48.012,40.863,60.637,59.584
415.45,55.788,61.312,48.463,70.937,62.984
415.48,49.558,56.812,45.963,60.437,67.284
415.51,57.558,65.512,51.263,68.337,71.284
415.53,47.548,57.212,43.863,61.237,62.584
415.56,56.658,63.912,52.863,74.237,79.484
415.58,48.488,56.512,43.463,63.937,61.584
415.61,57.478,65.112,52.013,71.537,73.184
415.64,46.598,51.012,45.063,60.237,58.584
415.66,57.458,66.312,46.963,72.137,69.384
415.69,51.118,58.612,46.063,63.437,68.084
415.72,56.198,66.912,45.363,72.437,72.684
415.74,44.348,53.812,40.563,61.037,56.884
415.77,56.048,61.812,47.863,67.637,71.384
415.8,43.818,49.212,38.212,53.737,56.984
415.82,56.898,59.012,47.363,69.037,72.984
415.85,47.418,51.712,42.013,65.537,61.884
415.87,55.458,59.812,46.313,69.037,62.784
415.9,46.708,56.812,44.263,58.937,64.984
415.93,53.098,55.712,45.763,68.537,66.384
415.95,47.078,48.612,40.213,60.637,61.584
415.98,56.928,55.912,48.863,75.837,68.884
416,44.898,49.812,41.213,58.437,61.684
416.03,55.528,59.312,49.663,73.737,71.984
416.06,46.568,52.312,38.713,59.537,61.684
416.08,54.908,51.812,47.263,71.637,71.084
416.11,44.468,53.612,45.063,60.037,64.184
416.14,58.548,60.212,52.763,78.337,78.784
416.16,49.098,54.312,43.063,66.137,66.684
416.19,54.618,61.412,49.213,73.837,73.184
416.21,47.788,54.412,44.463,62.137,60.684
416.24,51.318,57.512,46.163,68.337,68.784
416.27,46.248,52.412,40.013,61.637,57.884
416.29,52.468,61.012,44.163,67.137,66.684
416.32,45.198,49.212,41.663,58.637,59.284
416.35,54.838,58.112,47.863,69.937,72.484
416.37,46.728,47.212,40.913,54.837,67.484
416.4,55.158,59.312,46.663,71.337,69.284
416.43,52.198,57.412,47.813,62.637,67.484
416.45,53.368,56.712,44.963,61.837,67.184
416.48,46.378,49.912,40.163,63.037,68.584
416.5,58.048,65.312,53.313,69.937,75.284
416.53,45.948,50.512,42.563,60.137,60.584
416.56,53.588,58.212,43.663,69.837,70.084
416.58,50.988,55.012,49.713,61.237,59.884
416.61,56.098,60.612,46.413,68.637,69.384
416.63,48.708,52.912,42.113,62.437,59.784
416.66,56.698,63.712,49.013,71.737,74.784
416.69,49.368,52.412,44.063,62.837,59.984
416.71,56.788,66.812,48.213,67.737,75.484
416.74,53.718,58.012,52.263,72.437,72.184
416.77,56.578,60.312,48.213,71.937,71.584
416.79,49.688,54.712,43.363,64.337,63.284
416.82,55.228,66.512,47.163,66.337,73.284
416.85,48.898,50.712,45.263,62.737,61.284
416.87,57.348,59.512,46.363,71.937,71.784
416.9,48.988,51.812,45.163,62.437,61.084
416.92,55.978,59.212,47.213,71.037,69.184
416.95,48.748,53.512,45.613,65.837,66.984
416.98,60.368,66.412,47.463,75.437,76.584
417,48.628,54.612,40.813,68.437,60.784
417.03,58.168,64.212,50.613,75.537,74.484
417.05,53.068,53.912,45.963,65.037,61.284
417.08,56.818,63.412,47.963,69.237,69.984
417.11,53.068,54.712,47.063,60.237,63.184
417.13,59.778,66.412,49.363,75.337,81.684
417.16,100.63,119.81,116.06,138.24,142.38
417.19,59.158,65.012,48.713,75.437,76.184
417.21,55.008,57.012,47.113,68.737,69.284
417.24,61.778,71.012,45.963,76.437,78.884
417.26,49.578,52.712,43.013,63.937,63.984
417.29,61.968,66.412,51.563,75.237,79.084
417.32,54.608,63.212,47.013,67.237,69.184
417.34,61.098,63.812,47.413,82.237,74.584
417.37,53.668,57.012,49.713,67.537,74.384
417.39,61.498,71.612,52.763,76.637,78.084
417.42,50.468,57.712,45.413,62.537,62.684
417.45,70.428,82.912,59.663,87.337,92.484
417.47,52.828,50.212,45.063,70.637,69.984
417.5,62.548,66.612,49.613,78.837,77.084
417.52,60.668,68.512,56.513,80.437,82.984
417.55,63.588,65.912,54.963,75.137,81.884
417.58,56.038,60.312,48.463,69.537,66.584
417.6,69.548,74.812,58.863,93.637,87.684
417.63,58.488,60.212,50.563,76.537,76.084
417.65,70.638,80.912,62.913,89.337,86.184
417.68,60.928,66.812,58.413,78.037,83.884
417.71,63.178,65.012,54.463,85.037,76.984
417.73,61.358,67.312,55.563,79.937,82.184
417.76,63.258,68.012,48.113,76.137,74.784
417.79,56.158,63.912,47.813,68.737,70.984
417.81,70.418,76.512,63.763,91.537,90.684
417.84,51.168,61.612,46.963,68.037,63.984
417.86,64.528,66.712,55.213,78.637,78.384
417.89,57.398,63.912,46.513,74.937,74.684
417.92,64.068,63.612,51.463,82.037,76.784
417.94,53.308,58.312,49.213,66.637,67.284
417.97,64.738,69.312,49.313,79.937,81.484
418,60.898,69.812,58.663,77.037,79.084
418.02,61.748,63.412,49.913,79.937,76.284
418.05,54.778,55.112,47.963,68.537,69.884
418.07,74.968,78.212,63.663,93.637,98.184
418.1,55.788,60.512,44.913,66.037,69.284
418.13,64.448,66.412,51.563,81.637,84.084
418.15,62.378,66.812,57.613,78.237,78.284
418.18,63.308,71.612,50.313,75.337,79.284
418.2,59.448,60.812,55.263,73.537,76.384
418.23,70.108,74.712,63.313,85.537,89.784
418.25,55.408,53.312,46.413,69.737,70.384
418.28,60.438,61.712,50.363,77.837,71.284
418.31,77.648,89.712,81.613,109.54,102.98
418.33,67.078,64.912,54.363,86.837,78.884
418.36,56.488,58.812,47.213,71.637,74.584
418.38,68.408,70.112,58.263,80.937,91.484
418.41,54.058,59.312,44.013,72.437,70.984
418.44,65.138,66.912,52.263,84.437,75.584
418.46,56.048,58.712,45.813,71.537,74.184
418.49,64.808,70.512,50.363,80.537,77.784
418.52,57.088,56.512,48.463,70.537,73.484
418.54,69.128,70.712,53.463,79.537,81.784
418.57,56.498,60.312,51.263,68.337,69.684
418.59,66.168,63.612,51.163,81.637,79.584
418.62,62.088,66.312,57.613,77.937,80.584
418.65,65.998,67.312,55.863,78.737,77.884
418.67,58.148,60.612,50.263,72.237,67.984
418.7,62.958,65.012,51.463,74.037,76.384
418.72,52.518,58.712,46.413,66.737,64.684
418.75,62.648,70.012,48.263,77.637,73.384
418.78,51.508,57.712,42.163,61.437,68.284
418.8,63.578,70.612,53.763,75.637,74.284
418.83,56.968,58.812,47.163,71.737,69.484
418.85,60.238,68.812,53.563,70.437,70.684
418.88,63.688,70.712,61.763,86.137,80.184
418.91,62.678,63.312,50.513,72.437,71.484
418.93,53.598,51.212,48.713,65.937,66.884
418.96,62.928,69.312,54.013,73.537,78.684
418.98,55.948,59.712,47.113,74.937,68.884
419.01,62.218,60.812,53.813,80.137,73.984
419.04,55.788,56.312,46.813,71.137,67.884
419.06,63.098,68.912,51.713,70.837,74.984
419.09,57.558,60.912,53.663,72.837,77.684
419.11,59.108,60.912,48.613,74.137,71.384
419.14,56.578,61.912,49.763,67.537,66.484
419.17,57.648,60.812,53.163,72.037,69.284
419.19,53.588,56.112,44.613,70.137,69.784
419.22,62.088,66.312,49.863,80.537,72.384
419.24,58.588,64.312,48.363,79.137,72.184
419.27,60.778,63.612,51.413,74.237,75.184
419.3,61.208,69.112,58.413,86.937,76.184
419.32,63.648,63.912,51.863,75.937,78.384
419.35,52.378,47.812,45.963,67.137,60.084
419.37,76.888,87.612,76.713,99.437,95.784
419.4,53.208,54.512,43.763,67.237,68.284
419.43,64.438,68.812,49.263,81.137,76.184
419.45,51.838,53.612,45.263,60.437,65.884
419.48,60.438,64.812,51.413,73.237,72.984
419.5,63.368,70.512,57.613,77.037,80.784
419.53,59.148,61.912,47.313,74.337,81.084
419.56,52.298,55.712,47.063,67.637,71.184
419.58,60.768,62.912,50.563,79.937,76.684
419.61,51.188,52.712,41.863,70.137,66.984
419.63,64.358,66.512,53.863,73.237,77.684
419.66,49.668,52.412,41.613,62.837,63.484
419.68,62.328,57.512,50.663,78.337,77.884
419.71,52.508,52.712,42.613,63.037,68.084
419.74,61.998,62.812,51.363,77.337,76.984
419.76,55.108,54.912,48.263,71.337,68.984
419.79,60.918,62.912,48.763,75.537,74.284
419.81,55.848,60.212,51.863,71.037,69.284
419.84,60.478,67.212,52.863,73.437,79.184
419.87,52.008,54.112,44.813,68.937,71.584
419.89,59.908,63.312,47.563,77.337,69.184
419.92,53.068,51.912,42.313,72.037,65.084
419.94,61.108,63.812,48.363,79.037,71.784
419.97,53.428,52.712,44.763,66.637,72.884
420,60.628,67.912,50.763,78.137,78.884
420.02,52.318,52.912,46.313,68.337,71.884
420.05,62.178,60.012,49.713,76.937,77.884
420.07,52.778,54.412,46.013,70.837,68.784
420.1,60.738,60.212,51.113,73.037,68.984
420.12,51.028,55.212,47.813,66.137,65.184
420.15,58.968,60.912,49.113,71.637,73.284
420.18,53.588,54.912,47.513,69.537,67.484
420.2,61.288,63.712,51.863,78.537,74.684
420.23,51.748,52.812,45.913,63.837,65.384
420.25,61.968,66.112,50.663,76.337,74.284
420.28,56.658,59.912,52.213,73.137,68.584
420.31,73.838,75.312,67.713,92.437,88.284
420.33,55.528,57.912,49.263,71.137,71.484
420.36,62.498,66.312,53.913,78.437,81.584
420.38,54.798,61.912,49.563,71.037,72.884
420.41,73.598,77.612,65.862,90.637,89.984
420.43,55.478,60.912,47.913,66.737,69.684
420.46,65.348,70.612,54.963,82.237,81.884
420.49,57.158,57.412,50.313,71.137,72.884
420.51,66.448,64.612,59.313,81.037,84.384
420.54,58.748,61.112,50.663,77.837,69.484
420.56,64.548,67.712,52.013,76.037,74.384
420.59,58.818,59.812,47.813,82.437,71.884
420.62,64.578,66.612,51.013,76.637,83.584
420.64,62.098,69.412,61.113,84.837,85.084
420.67,63.888,65.012,51.863,78.437,80.284
420.69,58.258,60.112,47.363,72.137,69.684
420.72,67.038,66.812,55.163,80.937,80.284
420.74,55.278,57.412,45.863,72.437,63.484
420.77,64.408,67.612,53.213,78.937,77.684
420.8,56.008,61.612,47.263,73.537,72.084
420.82,66.508,67.312,54.713,88.537,77.784
420.85,56.198,57.112,45.613,73.937,69.484
420.87,68.098,74.012,57.463,84.737,77.884
420.9,59.608,61.912,47.663,75.337,70.184
420.93,64.468,64.112,52.363,76.637,77.584
420.95,67.268,73.512,62.213,87.937,85.584
420.98,64.858,65.012,50.663,81.637,77.284
421,57.088,59.112,47.863,67.437,67.484
421.03,65.698,65.212,55.663,84.537,80.384
421.05,55.228,54.312,49.113,74.437,69.884
421.08,69.738,72.212,58.663,90.837,85.484
421.11,57.128,60.012,45.963,72.537,68.184
421.13,65.618,61.812,55.763,81.437,79.084
421.16,55.838,57.712,48.363,76.337,70.484
421.18,63.538,67.212,53.813,83.337,77.684
421.21,54.398,57.012,46.163,68.937,68.484
421.23,63.918,65.312,50.413,74.537,82.584
421.26,57.908,55.412,47.113,69.837,74.284
421.29,65.088,68.712,53.613,78.837,75.784
421.31,56.798,59.312,51.263,72.537,71.784
421.34,67.538,72.012,52.913,82.137,80.184
421.36,68.538,67.712,60.963,83.537,83.184
421.39,65.458,65.412,54.113,77.237,82.284
421.41,57.018,59.812,48.263,72.737,69.984
421.44,65.398,68.112,55.663,82.537,76.784
421.46,55.048,54.312,49.113,69.737,68.984
421.49,63.818,63.112,50.513,78.837,80.084
421.52,57.658,57.412,50.013,74.937,69.284
421.54,64.178,63.212,53.863,82.037,81.284
421.57,57.908,61.112,52.563,74.137,74.084
421.59,68.318,68.612,60.013,83.137,86.984
421.62,56.758,60.812,52.113,72.137,69.184
421.64,63.258,62.812,50.863,73.137,76.984
421.67,57.278,55.712,51.163,72.537,82.384
421.7,67.518,64.412,57.013,81.137,80.184
421.72,56.468,57.012,48.363,72.637,70.784
421.75,75.098,80.512,68.112,98.537,98.084
421.77,56.788,56.112,50.263,74.637,71.184
421.8,64.348,64.112,51.713,78.337,80.084
421.82,53.758,53.512,46.563,74.637,68.384
421.85,62.338,61.212,49.513,74.437,82.484
421.88,50.148,50.512,44.613,66.537,70.184
421.9,65.378,65.512,58.463,79.437,79.884
421.93,57.138,55.912,53.313,72.637,68.384
421.95,64.128,62.612,51.913,78.437,78.684
421.98,56.488,56.712,48.313,80.337,70.784
422,66.748,68.912,56.363,84.337,88.184
422.03,57.118,61.212,49.263,74.437,72.684
422.06,63.348,60.012,54.313,81.837,74.284
422.08,53.688,52.612,52.413,68.937,68.284
422.11,66.438,65.812,52.113,78.837,80.484
422.13,53.818,49.312,45.013,69.237,64.984
422.16,66.428,62.912,55.263,81.137,82.884
422.19,57.848,53.712,52.313,75.637,72.684
422.21,61.898,64.612,51.363,77.537,78.484
422.24,58.188,62.212,52.513,80.737,75.184
422.26,68.228,70.512,54.363,86.737,84.784
422.29,56.118,54.312,46.163,73.237,76.784
422.31,66.028,62.912,54.413,80.137,77.084
422.34,57.298,56.812,50.213,68.037,69.984
422.36,63.788,60.612,48.613,79.237,76.284
422.39,61.588,62.712,55.613,79.837,82.284
422.42,65.498,65.612,52.113,75.137,81.084
422.44,65.128,63.712,63.963,90.737,79.284
422.47,64.928,66.112,58.363,86.937,86.484
422.49,59.348,64.212,47.263,74.337,78.284
422.52,65.468,64.612,54.963,85.637,87.884
422.54,57.038,57.312,52.113,72.837,71.684
422.57,70.978,72.712,62.413,86.437,88.784
422.6,57.258,53.912,51.513,74.537,78.984
422.62,65.028,58.612,55.063,77.637,73.684
422.65,55.668,57.012,49.913,71.537,71.884
422.67,62.428,63.112,54.713,82.937,73.984
422.7,55.218,52.812,52.363,73.537,70.284
422.72,66.068,64.612,56.213,84.737,82.784
422.75,57.498,59.412,48.463,66.937,74.384
422.77,65.568,63.012,55.313,79.037,76.484
422.8,56.728,52.612,48.113,70.137,68.284
422.82,71.708,70.512,66.013,94.637,90.884
422.85,57.108,56.412,50.063,70.237,71.084
422.88,61.988,59.412,51.963,76.737,84.484
422.9,55.638,53.212,44.313,74.237,68.184
422.93,64.218,57.612,51.913,75.337,76.884
422.95,54.508,52.312,47.863,68.637,70.184
422.98,63.028,60.112,53.163,79.437,79.284
423,55.048,52.612,47.513,71.837,72.384
423.03,64.268,61.112,52.113,82.237,76.784
423.06,57.598,55.512,54.513,78.537,77.384
423.08,68.688,69.012,59.463,95.437,85.184
423.11,61.258,59.712,49.013,76.437,72.584
423.13,67.138,63.212,56.813,79.437,86.884
423.16,64.958,65.612,64.813,83.237,83.484
423.18,65.158,63.412,55.913,85.337,85.384
423.21,58.598,56.012,54.563,79.837,74.884
423.23,69.178,66.912,58.663,89.337,85.184
423.26,58.198,57.112,48.963,73.837,78.384
423.29,69.028,63.712,54.563,86.537,80.884
423.31,52.358,51.212,49.313,72.137,66.984
423.34,109.92,126.71,115.41,143.24,149.98
423.36,67.888,62.912,65.763,82.737,82.884
423.39,71.638,71.012,69.813,93.437,92.684
423.41,65.288,67.112,61.313,79.737,85.584
423.44,64.568,64.912,55.613,83.137,77.984
423.46,57.198,56.012,56.363,80.537,74.884
423.49,74.698,79.712,67.913,91.437,93.984
423.51,59.508,52.012,51.363,78.437,75.284
423.54,66.698,67.212,56.013,82.937,78.484
423.57,56.018,52.312,50.663,81.437,68.284
423.59,68.588,63.312,58.313,85.337,83.184
423.62,56.678,55.912,52.413,75.837,74.484
423.64,63.428,58.512,52.713,82.537,79.384
423.67,67.998,67.112,62.963,91.537,83.584
423.69,73.388,75.012,67.163,90.237,88.884
423.72,54.658,54.312,50.213,69.937,66.484
423.75,70.868,65.412,58.363,86.437,79.784
423.77,58.508,59.712,50.313,77.737,76.184
423.8,66.408,63.212,60.813,89.637,83.684
423.82,62.348,59.212,50.413,84.237,75.584
423.85,64.798,58.812,56.063,86.637,81.384
423.87,57.588,51.612,50.713,77.737,75.184
423.9,73.228,76.912,67.112,96.337,90.584
423.92,60.988,61.712,51.663,81.937,74.584
423.95,72.168,71.912,60.363,92.637,91.084
423.97,56.358,53.712,50.163,73.237,66.184
424,69.028,66.112,58.713,86.937,80.684
424.02,59.208,53.512,52.913,75.037,76.784
424.05,68.018,66.312,55.663,88.237,82.984
424.08,61.848,57.212,57.513,75.037,75.484
424.1,72.008,72.112,62.313,86.537,90.984
424.13,62.028,59.112,49.713,78.137,76.884
424.15,69.788,67.612,57.613,86.437,88.284
424.18,62.768,65.012,56.463,83.437,78.184
424.2,66.758,65.112,55.113,81.437,78.684
424.23,76.358,79.512,81.213,98.737,98.984
424.25,73.378,73.612,61.713,93.737,90.184
424.28,62.298,59.112,51.763,83.537,79.284
424.31,68.998,68.012,62.063,85.837,84.784
424.33,57.928,55.012,49.613,76.237,71.684
424.36,70.538,71.012,61.063,90.237,79.784
424.38,73.328,76.312,73.513,102.34,97.584
424.41,72.298,66.012,59.313,90.237,91.384
424.43,63.308,57.712,54.563,89.237,75.884
424.46,72.968,67.612,61.563,94.437,90.384
424.48,77.618,77.212,70.063,100.44,100.58
424.51,71.408,69.412,60.413,89.037,85.284
424.53,62.698,55.312,55.813,79.437,79.784
424.56,109.17,112.51,111.91,145.14,144.68
424.58,63.148,63.312,52.813,80.937,80.084
424.61,72.508,72.712,57.363,89.137,90.984
424.63,62.228,58.412,52.463,84.237,68.584
424.66,72.568,73.112,62.063,93.437,85.584
424.69,63.878,62.912,56.713,82.237,77.684
424.71,73.228,69.312,61.563,94.337,90.984
424.74,67.608,61.012,56.313,84.237,86.584
424.76,74.738,64.512,60.263,91.037,89.584
424.79,66.978,55.012,56.263,85.037,85.084
424.81,75.118,72.712,58.713,93.437,91.384
424.84,74.128,71.712,65.413,91.637,94.784
424.86,71.848,66.612,58.413,91.637,87.984
424.89,65.558,57.512,56.163,82.637,81.684
424.91,73.708,70.412,56.763,91.637,86.084
424.94,64.678,56.612,55.513,83.237,84.584
424.96,82.578,81.112,70.362,109.34,99.284
424.99,65.298,60.212,55.163,80.337,82.684
425.02,72.128,65.412,60.813,87.037,87.784
425.04,65.388,57.312,55.513,79.137,82.584
425.07,74.188,68.212,61.113,90.337,93.984
425.09,65.518,61.612,55.913,81.937,80.784
425.12,76.898,70.412,63.113,93.437,87.084
425.14,66.068,65.412,53.463,85.037,83.384
425.17,74.738,68.312,58.713,90.837,78.584
425.19,68.728,63.212,62.913,88.437,84.684
425.22,81.048,76.312,72.213,100.64,104.68
425.24,65.798,61.112,58.413,84.037,81.684
425.27,73.488,67.212,60.163,92.837,85.384
425.3,64.908,60.812,55.713,84.137,80.384
425.32,87.888,83.712,77.113,102.94,104.28
425.35,64.358,58.612,54.963,84.037,87.084
425.37,75.758,68.412,68.663,96.937,90.184
425.4,64.818,55.312,58.213,82.337,74.584
425.42,77.078,71.712,62.813,91.137,89.284
425.45,66.208,57.312,57.413,87.337,82.484
425.47,74.948,69.212,60.913,92.137,87.484
425.5,65.018,56.912,54.763,84.937,76.784
425.52,73.988,68.512,62.063,90.637,92.584
425.55,65.998,59.912,59.463,86.237,80.384
425.57,73.358,69.312,62.763,91.937,86.584
425.6,66.938,60.712,58.413,86.737,80.084
425.62,78.098,72.912,62.413,98.537,94.084
425.65,66.058,64.712,55.963,86.037,81.584
425.67,74.438,71.612,59.063,91.237,89.484
425.7,64.848,57.712,54.313,82.437,81.184
425.73,81.668,77.812,74.663,105.44,103.58
425.75,67.298,59.712,54.263,82.737,79.384
425.77,74.808,70.812,61.013,97.337,90.284
425.8,67.308,57.712,58.363,85.737,73.284
425.83,74.328,66.912,62.813,93.337,95.484
425.85,68.268,63.812,60.963,84.237,85.684
425.88,72.598,67.512,61.363,93.637,88.384
425.9,67.138,56.712,58.263,82.137,84.684
425.93,73.618,72.112,60.313,85.337,93.184
425.95,71.958,69.712,67.963,99.137,99.484
425.98,76.528,72.612,60.913,94.237,89.984
426,65.358,60.012,58.413,84.937,80.084
426.03,71.458,62.012,63.163,89.537,83.484
426.05,64.908,57.712,56.713,79.937,86.284
426.08,74.608,70.912,66.813,93.437,83.684
426.1,68.818,54.612,62.913,91.037,80.484
426.13,74.808,73.312,66.862,88.337,89.584
426.15,64.178,57.112,53.213,82.037,80.084
426.18,76.788,69.512,62.613,97.037,96.684
426.2,67.208,60.312,57.863,88.237,75.984
426.23,75.988,67.412,65.013,85.037,93.584
426.25,65.178,56.112,58.363,83.637,83.084
426.28,76.138,68.012,67.362,97.937,92.984
426.31,68.388,61.212,60.263,87.837,77.084
426.33,77.948,74.412,61.563,102.84,93.284
426.36,66.768,56.212,54.363,86.237,83.484
426.38,78.398,68.512,66.013,96.337,92.684
426.41,68.648,61.112,57.713,93.437,78.784
426.43,81.398,78.712,71.263,105.24,97.484
426.46,69.038,61.112,60.213,85.337,83.384
426.48,76.918,65.412,65.813,90.237,89.484
426.51,74.488,71.912,62.463,96.237,93.684
426.53,76.218,68.012,64.913,91.437,93.284
426.56,66.508,60.012,60.963,86.537,81.084
426.58,77.148,74.412,63.063,92.937,88.584
426.61,68.608,60.212,60.663,86.037,80.084
426.63,77.058,73.212,60.063,93.837,91.384
426.66,72.628,62.312,61.413,91.637,85.184
426.68,74.388,64.512,62.513,94.137,91.684
426.71,69.338,61.512,60.863,87.537,82.184
426.73,83.178,75.212,69.362,104.54,97.984
426.76,67.908,57.912,56.063,86.037,80.584
426.78,78.818,72.812,68.463,101.54,92.284
426.81,71.798,65.512,62.113,92.337,90.584
426.83,76.958,71.412,66.163,102.44,91.584
426.86,72.308,61.112,59.813,97.337,80.084
426.88,77.318,67.612,63.463,95.737,95.584
426.91,72.458,68.712,63.063,88.837,89.084
426.94,75.458,67.612,62.213,98.037,92.984
426.96,69.728,59.412,57.813,89.137,89.084
426.99,82.618,72.812,68.362,105.14,102.18
427.01,71.568,63.912,61.063,89.537,83.884
427.04,78.318,71.612,65.763,94.537,92.484
427.06,71.078,60.512,61.063,89.537,80.384
427.09,81.828,69.412,66.963,100.24,104.08
427.11,78.258,74.712,73.313,107.04,97.384
427.14,79.968,69.412,65.862,100.64,96.484
427.16,70.838,63.112,61.913,85.937,89.384
427.19,80.598,72.512,69.163,99.037,97.884
427.21,68.628,57.812,60.413,82.437,81.584
427.24,75.668,66.212,64.313,91.637,91.384
427.26,71.668,60.612,62.063,93.237,92.984
427.29,80.978,72.212,64.713,97.637,92.984
427.31,71.528,59.512,61.513,88.437,88.084
427.34,80.208,69.812,67.463,97.737,97.884
427.36,75.128,65.412,61.413,93.537,86.784
427.39,78.338,70.812,64.963,100.14,88.784
427.41,71.058,62.612,67.013,91.937,86.384
427.44,83.568,77.412,72.713,106.34,94.384
427.46,77.868,74.812,73.563,106.54,97.284
427.49,107.62,111.01,109.06,142.04,138.88
427.51,71.278,58.712,63.613,93.137,88.084
427.54,79.908,72.612,70.563,100.24,97.084
427.56,75.718,63.812,64.013,94.237,93.484
427.59,80.698,66.712,66.913,103.94,87.984
427.61,71.968,56.812,61.563,91.337,87.184
427.64,81.868,66.012,67.963,96.437,88.384
427.66,72.288,57.812,64.612,87.037,84.084
427.69,82.398,71.812,66.663,111.24,96.284
427.71,93.858,88.812,87.213,124.04,121.68
427.74,82.228,68.312,66.013,105.74,98.684
427.76,76.588,66.912,66.413,95.937,93.484
427.79,83.998,75.212,72.263,107.04,102.18
427.81,74.938,67.012,65.362,95.537,93.484
427.84,83.518,72.912,70.763,104.54,102.78
427.86,83.328,78.412,75.862,104.14,99.284
427.89,88.808,83.712,74.463,108.84,110.68
427.91,74.198,65.712,64.163,97.037,95.184
427.94,88.358,77.412,69.813,106.84,105.88
427.96,74.318,62.512,65.813,95.137,88.484
427.99,81.488,69.712,65.362,102.94,96.184
428.01,77.378,63.312,63.663,94.537,85.084
428.04,84.128,68.512,69.612,113.04,100.68
428.06,75.698,64.812,68.563,96.537,92.684
428.09,87.848,73.512,69.862,105.44,104.78
428.12,75.168,65.712,66.413,100.74,87.984
428.14,91.928,87.312,82.363,114.54,113.08
428.17,76.148,67.912,68.862,99.837,93.284
428.19,88.778,76.712,68.913,108.34,106.48
428.21,78.898,68.012,69.563,102.84,93.084
428.24,96.098,84.312,78.563,121.64,108.48
428.26,74.598,58.112,64.112,93.737,83.484
428.29,82.628,76.412,68.263,104.64,95.984
428.31,74.438,65.412,64.213,95.437,94.984
428.34,92.828,82.112,85.813,111.94,112.48
428.37,79.898,62.412,69.313,103.94,93.784
428.39,85.338,73.712,73.513,110.34,101.68
428.42,80.218,65.312,69.263,101.04,92.884
428.44,84.978,66.612,68.963,101.04,98.984
428.46,78.668,62.912,68.663,99.437,90.584
428.49,83.938,67.512,69.013,102.84,97.184
428.51,77.278,66.912,68.813,94.237,94.784
428.54,87.678,75.312,71.063,111.44,96.384
428.56,75.408,63.012,63.613,90.837,90.984
428.59,99.138,85.712,83.463,120.84,123.58
428.62,79.898,70.012,70.063,100.14,93.484
428.64,83.578,70.712,70.063,105.04,101.28
428.67,77.388,62.912,67.063,104.04,93.284
428.69,88.978,75.212,74.862,109.74,105.78
428.71,76.288,62.912,67.862,103.34,91.884
428.74,86.938,73.912,70.163,108.94,99.484
428.76,79.378,65.212,69.463,98.837,91.384
428.79,153.34,157.31,169.16,204.74,202.18
428.81,79.328,71.912,70.463,104.74,91.184
428.84,87.538,73.712,70.362,105.94,105.28
428.86,81.888,68.412,74.713,105.14,101.68
428.89,90.158,78.912,74.563,114.74,103.58
428.91,78.718,67.312,64.112,104.44,97.584
428.94,89.528,72.612,73.163,106.44,109.28
428.96,79.838,63.312,74.813,106.04,100.58
428.99,90.528,69.912,75.612,108.04,99.384
429.01,83.118,70.112,70.313,105.24,97.284
429.04,88.348,76.312,75.413,110.34,100.68
429.06,84.428,77.012,69.713,106.94,97.984
429.09,90.778,74.112,75.463,111.74,106.38
429.11,79.038,61.212,65.663,102.54,94.784
429.14,89.088,71.712,73.813,113.54,106.18
429.16,78.928,63.612,70.263,104.64,89.284
429.19,89.758,76.012,78.413,110.34,106.88
429.21,88.898,72.912,82.663,113.74,106.68
429.24,97.788,87.312,91.063,123.34,121.88
429.26,81.878,63.912,71.063,107.04,98.784
429.29,89.478,74.312,73.163,117.24,107.58
429.31,80.728,63.712,71.463,108.44,94.984
429.34,87.198,74.912,74.163,109.14,101.48
429.36,78.878,60.112,69.362,96.737,94.084
429.39,90.128,81.212,78.363,117.44,109.68
429.41,78.138,63.612,69.813,100.14,97.284
429.44,98.138,89.912,84.363,126.54,110.98
429.46,76.908,60.912,69.213,99.437,97.084
429.49,91.428,81.112,75.413,117.84,106.98
429.51,91.188,78.912,77.513,114.24,106.78
429.54,87.698,67.512,70.563,110.54,103.58
429.56,82.978,69.012,71.013,100.94,104.18
429.59,90.738,71.512,74.862,109.04,105.88
429.61,79.668,65.212,69.763,104.84,96.384
429.64,96.468,82.112,82.913,122.44,115.48
429.66,82.818,65.412,73.612,102.34,98.884
429.69,88.768,69.412,73.763,112.34,99.984
429.71,82.258,63.212,73.263,107.84,102.68
429.74,89.168,70.112,79.613,111.54,103.08
429.76,82.618,63.312,71.612,104.74,94.284
429.79,88.288,72.412,77.463,111.44,109.58
429.81,79.248,62.612,68.813,101.64,97.884
429.83,90.948,76.712,80.163,118.84,103.28
429.86,82.048,61.312,74.862,102.44,97.484
429.88,90.708,81.912,75.563,113.24,104.88
429.91,82.088,64.712,75.862,103.84,100.28
429.94,86.508,65.612,75.763,111.14,103.68
429.96,79.328,58.412,70.913,102.74,93.984
429.98,86.968,68.712,76.463,109.14,104.08
430.01,80.568,66.412,69.513,98.937,91.584
430.03,90.818,73.812,72.663,114.24,106.88
430.06,80.578,63.512,70.213,103.84,93.184
430.08,88.718,69.112,77.913,114.64,102.48
430.11,81.538,61.612,70.862,107.84,94.584
430.13,88.378,75.112,77.113,114.94,100.88
430.16,77.918,60.212,69.663,102.04,94.984
430.18,92.178,75.812,79.363,122.04,110.68
430.21,80.528,66.412,76.213,105.24,93.984
430.23,89.888,69.112,78.063,117.04,106.18
430.26,79.538,58.412,72.513,104.74,93.384
430.28,89.658,77.012,76.663,111.74,104.78
430.31,81.958,60.212,76.513,110.14,97.284
430.33,91.538,71.312,78.263,116.54,101.68
430.36,86.488,72.212,78.063,111.44,100.98
430.38,93.078,66.312,78.713,123.44,106.78
430.41,82.548,65.612,70.663,113.54,94.884
430.43,93.768,76.812,80.313,114.94,108.78
430.46,82.968,58.912,77.763,109.54,101.18
430.48,95.168,77.612,76.163,118.64,109.18
430.5,90.888,74.612,84.613,124.24,108.28
430.53,94.688,72.512,83.663,121.24,104.78
430.56,85.108,68.912,77.813,111.54,99.484
430.58,94.738,72.312,80.313,123.64,109.08
430.6,82.798,62.912,77.013,110.44,111.48
430.63,99.738,82.212,86.263,130.64,120.28
430.65,84.348,65.912,73.663,110.94,98.084
430.68,95.148,73.712,78.563,125.04,113.48
430.7,86.568,65.612,76.713,109.14,101.28
430.73,94.108,74.712,80.163,113.54,109.48
430.75,86.418,65.812,79.963,112.84,101.08
430.78,93.518,73.212,84.663,121.14,108.18
430.8,86.688,63.112,79.413,112.64,100.28
430.83,97.158,79.512,81.613,126.44,112.18
430.85,86.478,68.012,75.513,115.84,100.48
430.88,96.948,78.012,80.713,124.34,106.88
430.9,89.798,63.312,80.463,120.64,104.38
430.93,96.388,72.412,83.463,128.64,105.88
430.95,90.038,64.812,77.263,123.14,101.38
430.98,107.35,87.112,98.713,137.44,124.38
431,89.138,65.512,76.413,119.24,101.78
431.02,95.488,75.712,83.363,118.84,113.88
431.05,85.708,61.512,80.563,112.24,102.08
431.07,104.95,83.312,90.163,136.64,118.18
431.1,85.448,62.812,74.313,111.64,98.884
431.12,97.238,74.012,84.363,121.94,114.58
431.15,88.298,62.112,79.213,115.34,98.484
431.17,95.718,76.212,81.413,125.64,100.58
431.2,91.838,67.312,79.513,120.44,98.384
431.22,96.898,71.712,83.913,131.14,104.98
431.25,90.398,69.512,79.713,118.84,103.58
431.27,97.668,76.912,81.963,131.94,107.98
431.3,86.158,62.612,76.863,120.34,96.984
431.32,98.698,74.112,83.713,131.34,114.88
431.35,90.928,67.312,85.313,115.64,103.38
431.37,100.79,78.812,86.313,126.94,118.28
431.39,97.968,76.912,91.313,128.84,118.88
431.42,103.37,75.012,87.163,132.04,116.38
431.44,95.708,73.112,93.613,127.94,110.38
431.47,99.498,73.312,87.913,126.94,117.58
431.49,91.458,68.912,80.913,123.34,107.68
431.52,97.398,70.312,83.713,127.74,114.58
431.54,89.898,65.012,78.813,123.14,105.08
431.57,101.02,80.812,85.363,128.24,114.68
431.59,91.388,67.712,81.813,125.74,100.28
431.62,107.6,81.512,98.513,142.74,125.38
431.64,101.27,76.812,92.213,134.94,121.58
431.67,99.578,78.212,87.463,130.04,110.88
431.69,94.018,71.712,83.513,124.64,111.28
431.72,100.18,74.712,83.363,128.54,116.48
431.74,90.248,60.012,80.813,123.44,106.78
431.76,103.13,80.512,91.763,134.74,117.68
431.79,89.968,61.612,77.763,124.14,110.78
431.81,113.02,86.512,102.21,151.44,134.18
431.84,92.768,65.412,88.913,126.94,107.38
431.86,101.91,73.912,87.063,136.44,117.48
431.89,100.83,72.512,87.813,134.24,111.18
431.91,101.8,75.112,87.113,133.14,115.88
431.94,100.3,72.912,93.263,144.44,118.58
431.96,103.49,73.412,86.413,131.34,123.98
431.99,95.308,67.012,82.563,120.34,111.68
432.01,104.42,77.312,89.463,131.24,121.48
432.04,98.538,69.812,83.813,128.84,116.28
432.06,107.48,77.312,93.163,145.94,113.58
432.08,97.608,67.012,90.363,130.34,113.68
432.11,106.87,81.612,91.413,137.04,126.38
432.13,99.238,68.712,88.763,132.14,113.08
432.16,104.41,72.012,88.363,136.54,121.48
432.18,95.778,65.312,84.113,129.84,106.48
432.21,106.14,72.212,88.013,133.64,119.98
432.23,94.948,67.912,84.063,132.44,105.28
432.26,103.78,75.812,89.113,140.94,120.68
432.28,99.218,75.912,90.013,127.94,117.48
432.31,104.98,71.312,93.413,137.24,124.98
432.33,93.358,64.612,83.263,126.54,108.28
432.36,106.46,72.812,91.263,142.14,121.98
432.38,98.728,64.212,90.613,141.14,115.28
432.4,108.19,76.212,93.363,136.84,126.08
432.43,97.758,70.112,90.863,135.34,119.18
432.45,108.3,76.012,88.463,146.34,119.88
432.48,99.918,73.912,89.063,136.94,114.28
432.5,106.81,75.012,93.063,143.44,119.38
432.53,99.838,63.612,91.013,138.14,110.78
432.55,116.95,84.112,104.06,151.34,132.68
432.58,100.14,65.712,89.263,128.44,115.28
432.6,109.14,78.612,91.863,143.74,121.88
432.63,99.078,66.212,85.963,137.84,119.58
432.65,108.58,75.112,96.063,149.14,120.48
432.67,96.988,65.912,88.063,131.54,107.28
432.7,109.07,79.112,96.463,150.74,119.58
432.72,101.26,66.012,87.363,131.34,119.08
432.75,106.67,71.612,92.513,145.24,120.88
432.77,98.188,59.012,84.363,132.84,108.38
432.8,114.09,79.412,105.26,155.44,130.78
432.82,96.328,61.612,88.663,127.44,112.48
432.85,110.18,75.112,95.013,144.94,122.08
432.87,103.89,63.712,89.113,141.74,117.78
432.89,110.73,74.212,98.613,147.94,132.48
432.92,102.04,65.412,90.263,143.84,115.68
432.94,110.48,74.512,99.363,154.84,124.38
432.97,107.55,78.812,102.26,148.54,126.18
432.99,116.08,80.312,97.613,156.94,129.58
433.02,106.22,66.812,92.963,150.84,116.78
433.04,117.88,81.412,100.26,154.64,130.78
433.07,105.23,65.312,95.213,145.14,124.48
433.09,114.18,80.312,102.06,155.74,125.78
433.12,114,81.012,110.06,158.34,128.88
433.14,112.85,74.712,96.813,152.54,127.68
433.16,107.04,66.212,92.763,145.44,123.68
433.19,116.75,73.512,94.663,160.24,122.98
433.21,113.16,71.612,104.86,154.34,124.38
433.24,116.58,75.212,102.36,165.24,127.78
433.26,109.63,71.412,95.763,153.14,122.38
433.29,120.75,79.812,101.11,163.44,134.18
433.31,108.77,68.412,97.763,149.04,124.98
433.34,117.32,75.912,100.96,165.44,127.28
433.36,110.27,68.512,98.313,157.14,124.18
433.38,118.58,77.612,101.71,160.84,129.48
433.41,108.49,63.412,97.713,146.24,122.38
433.43,125.87,91.912,116.21,167.64,138.98
433.46,110.25,64.412,100.41,153.44,117.38
433.48,126.78,82.112,108.41,166.44,134.38
433.51,111.15,65.112,96.613,154.74,118.48
433.53,118.41,74.012,102.01,164.24,132.68
433.56,114.69,69.212,104.66,163.34,127.78
433.58,122.22,75.912,105.26,171.44,127.18
433.61,113.42,65.912,103.26,163.54,123.88
433.63,124.55,78.212,110.16,169.24,130.78
433.65,129.61,86.912,122.46,182.04,142.68
433.68,121.73,74.712,106.26,167.54,140.18
433.7,116.37,69.612,102.16,164.64,131.28
433.73,124.78,78.812,105.46,177.64,135.28
433.75,116.48,69.412,101.81,161.94,134.68
433.77,127.19,78.312,109.86,177.54,140.88
433.8,118.77,69.612,102.56,167.64,131.98
433.82,126.16,75.912,114.91,183.24,136.78
433.85,118.52,70.512,109.06,170.74,132.18
433.87,125.82,76.012,109.86,178.84,137.88
433.9,120.45,72.612,107.86,170.04,125.78
433.92,130.24,79.312,110.41,178.34,147.48
433.95,120,62.812,106.41,172.14,132.68
433.97,130.51,77.112,114.56,178.64,148.58
434,124.76,76.112,114.16,177.14,138.28
434.02,137.32,87.812,127.96,199.14,161.38
434.04,119.27,66.112,108.06,169.84,128.48
434.07,131.67,76.112,115.86,191.34,143.88
434.09,124.58,70.812,114.21,176.84,142.38
434.12,134.46,82.912,113.01,188.84,147.48
434.14,125.74,73.412,111.01,181.64,138.58
434.17,133.21,75.112,118.96,192.04,142.38
434.19,127.38,74.712,112.06,186.74,137.28
434.21,134.38,72.512,115.66,194.54,143.08
434.24,124.11,70.712,113.26,188.34,135.88
434.26,131.7,75.612,116.66,193.34,140.38
434.29,125.56,64.812,116.01,187.34,134.68
434.31,138.35,75.812,118.76,193.64,157.78
434.34,129.04,66.112,115.16,183.74,131.48
434.36,141.49,86.012,127.56,202.24,151.28
434.38,131.88,70.712,120.86,189.74,140.48
434.41,136.12,74.512,118.56,206.14,151.68
434.43,131.72,68.812,118.71,194.54,141.18
434.46,141.11,74.112,117.61,208.54,151.88
434.48,133.73,68.512,116.21,199.64,140.58
434.51,144.15,84.412,123.36,212.34,160.58
434.53,131.23,74.512,123.11,202.54,138.98
434.56,145.11,86.312,128.71,205.54,149.48
434.58,134.93,71.112,124.36,199.34,146.08
434.6,147.38,81.712,126.56,218.34,160.18
434.63,141.51,70.712,122.31,210.64,157.58
434.65,148.26,80.912,122.21,209.14,156.78
434.68,140.22,65.812,121.61,216.04,150.68
434.7,147.1,75.012,123.71,209.34,153.38
434.73,139.87,71.912,123.41,215.84,147.58
434.75,149.23,80.612,128.21,217.24,159.88
434.77,138.51,70.112,124.76,216.24,143.68
434.8,149.77,79.012,127.26,219.94,164.28
434.82,144.51,77.212,128.41,219.74,153.78
434.85,156.31,87.212,134.16,223.04,167.88
434.87,144.77,73.612,129.96,217.74,154.08
434.89,156.12,84.512,135.31,234.24,165.18
434.92,155.46,84.012,138.16,240.44,169.68
434.94,156.19,86.512,132.26,226.14,169.18
434.97,147.12,71.712,131.21,219.84,151.88
434.99,161.82,85.112,139.41,242.94,167.98
435.02,149.98,73.312,140.31,231.64,165.28
435.04,153.94,75.712,129.81,238.74,161.18
435.06,154.19,76.912,136.36,231.34,167.08
435.09,161.55,92.712,136.96,243.04,173.08
435.11,154.79,76.212,135.46,238.74,158.48
435.14,170.9,96.912,149.41,257.94,182.18
435.16,168.35,92.112,165.06,258.84,189.68
435.19,171.4,93.112,150.11,259.54,183.88
435.21,156.79,79.412,135.71,236.24,160.68
435.24,166.8,83.612,143.46,249.44,179.98
435.26,158.76,70.712,138.26,243.24,166.98
435.28,166.96,80.112,144.06,254.94,173.38
435.31,160.6,79.812,139.21,242.64,165.68
435.33,171.17,80.012,141.21,257.24,176.08
435.36,163.27,79.512,136.46,252.04,171.08
435.38,173.53,90.012,150.46,262.54,181.98
435.4,164.51,79.112,141.36,252.74,169.98
435.43,169.06,84.012,142.76,262.24,176.38
435.45,169.82,79.312,143.06,273.14,181.98
435.48,182.31,94.012,156.36,291.34,188.28
435.5,168.29,76.512,144.76,266.94,172.88
435.53,173.11,83.012,145.11,274.44,172.68
435.55,176.64,89.312,155.71,287.64,186.28
435.57,178.61,86.112,153.86,276.04,185.68
435.6,174.24,84.312,151.31,279.74,179.28
435.62,183.86,85.512,156.01,286.74,188.78
435.65,173.8,74.612,151.81,273.74,179.48
435.67,191.84,94.912,160.31,288.74,194.68
435.69,182.51,82.712,155.76,295.54,182.78
435.72,192.48,88.012,155.31,291.74,193.58
435.74,181.96,83.412,152.96,288.44,184.28
435.77,193.16,90.812,158.86,297.14,197.48
435.79,189.93,84.912,156.31,284.24,192.68
435.82,205.26,93.812,169.11,312.64,201.08
435.84,201.57,77.512,155.21,302.94,190.68
435.86,210.7,89.812,167.21,302.14,196.88
435.89,200.18,85.912,162.06,302.44,189.48
435.91,210.96,88.312,164.41,319.84,193.08
435.94,210.49,77.012,163.71,311.04,202.68
435.96,234,87.412,170.56,322.74,204.08
435.99,250.22,80.812,162.66,311.54,184.58
436.01,275.07,104.61,184.06,341.14,222.88
436.03,237.78,78.012,166.66,319.04,197.08
436.06,222.56,94.612,170.51,323.44,216.48
436.08,200.32,86.812,163.81,329.64,205.78
436.11,208.89,90.912,177.16,334.04,212.18
436.13,202.06,78.812,169.66,325.64,200.78
436.15,213.91,89.912,170.16,338.24,206.08
436.18,206.5,81.412,168.61,322.84,205.98
436.2,214.15,91.912,174.66,348.74,211.18
436.23,205.38,86.112,178.51,346.14,199.38
436.25,224.75,94.712,191.96,362.14,228.88
436.27,213.43,83.812,182.01,350.24,217.78
436.3,215.64,86.212,182.36,356.14,216.48
436.32,212.86,87.212,177.66,358.64,213.28
436.35,225.01,92.912,184.01,369.94,228.58
436.37,215.82,82.212,177.41,357.54,210.58
436.39,226.74,92.612,186.76,371.44,227.18
436.42,216.59,86.812,186.11,350.34,222.58
436.44,231.4,92.512,191.86,376.24,227.38
436.47,223.52,86.112,189.36,377.44,217.58
436.49,246.79,110.41,206.36,402.64,257.98
436.52,226.63,81.412,190.41,371.24,227.88
436.54,242.45,95.712,200.71,394.04,238.78
436.56,233.55,89.112,192.36,394.84,229.98
436.59,242.25,91.912,201.51,394.44,241.68
436.61,240.14,93.912,204.81,399.84,237.28
436.64,251.64,104.41,205.96,413.94,251.48
436.66,249.37,103.91,213.31,405.14,261.88
436.69,247.24,95.812,208.31,405.54,237.28
436.71,269.44,122.21,244.11,438.14,273.18
436.73,258.92,110.21,213.86,438.24,266.58
436.76,247.1,85.912,200.41,424.64,244.48
436.78,264.28,104.41,211.31,431.24,256.28
436.81,251.49,95.612,212.01,418.84,251.58
436.83,263.39,104.61,217.41,442.94,260.88
436.85,255.54,90.212,210.56,420.64,253.78
436.88,269.11,99.812,221.66,444.84,276.58
436.9,258.63,89.712,211.71,437.94,254.48
436.93,270.47,102.31,219.36,455.74,269.48
436.95,265.51,96.012,217.56,446.14,254.98
436.97,274.13,93.412,220.61,462.84,272.58
437,271.53,99.412,228.06,461.74,269.78
437.02,280.09,97.312,227.01,465.24,275.58
437.05,272.34,97.412,222.41,465.54,269.88
437.07,285.84,108.51,233.01,493.94,274.58
437.09,278.09,95.012,224.86,480.34,264.98
437.12,290.09,98.012,229.16,495.34,282.38
437.14,289.18,105.51,236.56,496.74,274.28
437.17,295.28,101.01,239.86,495.44,289.28
437.19,287.71,99.712,232.46,486.64,270.38
437.21,301.81,107.61,238.76,518.44,296.98
437.24,291.23,92.312,241.81,507.54,279.28
437.26,307.16,106.41,245.51,509.64,295.08
437.29,297.85,100.01,242.96,510.84,301.38
437.31,308.49,102.31,243.86,534.44,290.48
437.33,305.78,101.91,252.41,529.54,301.98
437.36,318.1,102.81,250.66,532.64,304.18
437.38,343.41,136.71,295.01,582.34,339.88
437.41,321.97,113.91,257.01,546.54,315.58
437.43,311.11,94.212,246.96,545.54,293.78
437.45,334.26,118.41,272.86,554.64,329.88
437.48,317.35,96.312,251.76,552.44,294.98
437.5,331.65,106.21,265.76,569.04,327.28
437.52,321.39,92.012,256.16,545.74,300.28
437.55,335.71,104.41,268.51,574.84,323.18
437.57,332.06,102.11,263.06,559.04,312.68
437.6,347.18,109.41,272.61,585.94,325.38
437.62,340.53,99.412,270.41,591.04,316.38
437.64,352.7,103.91,277.51,603.54,337.68
437.67,343.67,97.912,269.11,591.34,326.68
437.69,355.14,108.11,282.46,603.64,334.88
437.72,350.61,104.81,275.16,593.44,336.18
437.74,359.58,113.41,284.86,608.64,337.48
437.76,357.98,102.81,279.41,620.04,346.98
437.79,368.44,114.01,289.31,631.14,348.48
437.81,364.63,106.11,288.26,623.74,344.18
437.84,373.35,108.11,295.01,639.84,364.98
437.86,367.95,100.21,278.16,637.84,348.48
437.88,396.56,124.91,310.76,663.94,378.58
437.91,380.43,108.51,298.21,647.44,353.18
437.93,387.44,112.11,307.86,662.34,370.58
437.96,384.26,109.91,296.96,655.64,357.38
437.98,397.18,116.21,300.61,676.84,364.98
438,395.63,115.71,312.71,691.64,378.38
438.03,405.43,113.31,313.06,697.24,378.88
438.05,396.1,110.91,311.96,677.04,374.18
438.08,458.65,180.61,380.21,770.54,465.18
438.1,406.52,107.01,319.16,699.74,381.18
438.12,430.18,131.11,336.71,738.34,406.28
438.15,414.35,109.11,324.96,717.14,388.58
438.17,425.19,116.71,319.51,730.84,397.58
438.2,425.78,112.81,323.56,730.74,394.28
438.22,432.42,122.61,335.01,726.74,411.88
438.24,422.46,105.41,324.61,734.84,396.48
438.27,442.8,118.41,338.91,743.44,417.78
438.29,432.31,114.81,337.41,758.14,417.28
438.31,451.56,123.31,334.21,764.44,423.28
438.34,446.82,117.81,341.66,772.64,419.48
438.36,459.72,122.81,342.86,765.94,430.58
438.39,454.54,123.51,354.21,777.64,420.18
438.41,464.36,129.31,353.36,789.14,420.18
438.44,461.25,113.71,347.26,776.94,431.58
438.46,473.08,133.81,354.76,809.24,445.68
438.48,466.93,121.91,354.26,793.44,432.18
438.51,485.52,130.21,368.26,825.54,453.18
438.53,475.1,119.71,365.11,798.24,448.38
438.55,492.2,130.71,363.36,822.94,467.68
438.58,488.87,117.01,370.31,830.74,469.38
438.6,498.47,130.61,372.96,841.64,477.38
438.63,495.6,121.41,368.36,846.44,456.28
438.65,507.21,127.11,375.61,856.44,465.88
438.67,506.11,119.21,383.71,866.74,476.78
438.7,523.2,138.41,381.21,878.84,493.38
438.72,516.79,128.21,385.81,869.74,476.58
438.75,533.44,138.01,392.51,899.34,485.88
438.77,524.66,130.81,386.76,880.94,490.28
438.79,534.41,132.51,395.61,900.04,489.48
438.82,537.58,128.71,399.06,910.34,505.98
438.84,549.01,137.81,402.26,926.94,505.78
438.86,550.91,135.51,412.91,920.14,510.68
438.89,560,135.31,415.01,937.94,511.28
438.91,560.77,134.31,408.06,944.54,516.08
438.94,570.99,144.61,408.76,951.64,533.08
438.96,561.92,131.61,414.26,929.94,529.18
438.98,580.69,143.61,428.31,947.34,541.68
439.01,580.5,129.11,420.76,966.84,534.98
439.03,586.46,142.61,428.86,969.94,545.78
439.05,587.59,136.61,435.21,977.94,545.48
439.08,602.48,152.51,440.76,997.44,564.88
439.1,605.56,146.91,440.51,996.54,555.98
439.13,614.34,146.61,446.01,1001.9,567.58
439.15,610.15,143.21,443.26,996.84,547.58
439.17,624.15,151.21,450.96,1024.2,585.88
439.2,621.39,137.11,453.21,1015.4,567.98
439.22,639.69,156.31,461.11,1046.5,595.88
439.25,628.77,139.21,457.46,1040,566.68
439.27,648.86,152.51,463.66,1069.1,601.68
439.29,642.43,142.51,460.11,1061.2,592.68
439.32,658.47,156.21,470.26,1066.8,597.88
439.34,650.89,152.21,474.11,1072.3,597.28
439.36,674.86,152.71,474.16,1091.3,606.68
439.39,662.79,137.91,470.76,1064.8,613.78
439.41,679.07,157.51,479.61,1100.9,625.08
439.44,681.53,148.41,471.26,1096.9,620.88
439.46,688.63,154.01,482.21,1099.2,630.18
439.48,688.87,152.01,489.61,1110.9,647.08
439.51,705.51,161.81,495.71,1136.9,643.78
439.53,702.04,152.81,495.46,1115.3,645.48
439.55,719.91,171.91,503.26,1136.9,665.98
439.58,713.59,156.31,501.56,1148.3,651.18
439.6,732.13,167.51,507.86,1152.7,673.28
439.63,724.29,161.81,513.51,1149.9,669.58
439.65,744.9,171.71,521.26,1167.3,671.28
439.67,738,161.61,517.76,1161.9,681.48
439.7,757.9,177.61,532.01,1192.6,691.68
439.72,747.1,164.41,528.26,1189.2,683.78
439.74,776.83,175.01,531.71,1207.2,694.88
439.77,767.57,167.71,530.36,1199.1,700.98
439.79,792.12,188.31,556.81,1217.2,720.68
439.81,777.27,169.11,538.26,1205.6,720.18
439.84,790.63,173.51,534.26,1228.5,717.38
439.86,793.34,169.81,553.11,1228.9,733.38
439.89,814.02,187.91,561.61,1242.4,751.78
439.91,809.87,171.61,548.56,1234.9,743.88
439.93,828.79,194.01,568.36,1248.7,760.38
439.96,815.78,185.01,552.76,1249.7,769.98
439.98,839.87,188.21,569.31,1274.5,776.18
440,829.51,179.81,567.26,1256.1,744.98
440.03,848.91,192.71,576.71,1306.9,770.48
440.05,847,182.11,579.01,1282,780.68
440.07,890.17,231.01,619.01,1356.9,834.48
440.1,867.27,184.81,579.41,1317.1,779.58
440.12,885.1,195.01,598.46,1320.7,790.38
440.15,886.69,192.41,595.31,1327.5,813.78
440.17,899.26,203.51,604.16,1332.7,831.48
440.19,882.86,193.81,600.36,1320.9,806.78
440.22,912.58,201.51,605.56,1343.2,861.88
440.24,909.79,190.81,606.26,1332.8,819.68
440.26,923.58,203.51,619.01,1350.2,848.38
440.29,922.18,192.01,609.91,1354.8,850.08
440.31,936.63,204.61,625.21,1369.7,865.08
440.34,931.73,195.61,622.71,1377.7,862.88
440.36,949.35,203.51,630.76,1386.3,889.78
440.38,954.15,197.61,628.56,1404,856.28
440.41,964.6,213.71,642.61,1434.5,885.78
440.43,970.53,226.61,651.16,1414.9,906.28
440.45,977.5,209.51,635.01,1417.5,887.18
440.48,984.55,209.21,637.71,1394,891.98
440.5,991.29,215.51,656.41,1428.5,911.08
440.52,987.17,212.31,645.16,1413.9,906.78
440.55,1012.2,220.81,652.81,1466.1,936.28
440.57,1005.8,213.81,659.96,1430,918.28
440.6,1019.8,231.31,658.01,1456.9,934.08
440.62,1019.4,220.21,665.96,1462.7,929.08
440.64,1035.5,223.81,668.41,1476.2,968.48
440.67,1036.3,219.51,670.16,1451.5,960.88
440.69,1047.8,233.01,672.11,1482.5,954.08
440.71,1043.4,219.31,673.96,1455.1,961.78
440.74,1129.7,307.41,775.41,1578.2,1077.1
440.76,1067.4,231.41,691.96,1491,985.18
440.78,1083.3,238.81,692.51,1485,996.58
440.81,1078.8,226.21,694.01,1476.1,993.98
440.83,1097.3,240.31,698.01,1508.8,983.18
440.86,1097.6,231.81,691.76,1495.8,1018.3
440.88,1159.6,318.21,777.41,1600.2,1086.1
440.9,1105.9,236.71,713.71,1490.8,1016.6
440.93,1122.7,249.21,712.36,1538.5,1026.1
440.95,1122.3,233.21,714.86,1523.9,1037.1
440.97,1148.9,251.81,719.31,1539.8,1045.7
441,1130.9,231.61,707.96,1531.2,1056.4
441.02,1157.2,253.21,734.51,1534.9,1051
441.04,1147.4,251.71,716.11,1530.9,1049
441.07,1156.5,253.31,735.36,1564,1083.7
441.09,1159.7,257.61,722.71,1556.8,1078.2
441.12,1178.7,262.31,739.91,1545.9,1096.7
441.14,1178.2,253.91,745.11,1562.7,1103.8
441.16,1191,260.11,746.71,1580.3,1091.2
441.19,1184.3,263.11,726.51,1550.7,1113.8
441.21,1202.4,261.71,747.81,1583.1,1102
441.23,1201.5,257.01,744.71,1561.2,1096.5
441.26,1216.6,271.21,753.91,1588,1114
441.28,1226.1,264.11,753.21,1561,1134.7
441.3,1234.1,280.81,764.01,1585.6,1142.6
441.33,1227.9,262.91,767.26,1583.8,1128.9
441.35,1248,275.21,769.91,1591.5,1169
441.37,1239.5,255.51,770.01,1590.9,1152.3
441.4,1267.1,283.31,773.86,1611.8,1169.1
441.42,1259.8,269.31,784.16,1612.9,1164.4
441.44,1280.5,287.51,783.26,1595.8,1179.2
441.47,1284.5,277.11,781.41,1622.8,1180.8
441.49,1301.4,292.01,786.26,1635.5,1198.5
441.51,1283.9,270.11,773.26,1602.8,1178.7
441.54,1301.8,287.71,784.71,1611.9,1228.3
441.56,1296.8,282.61,788.26,1608.2,1214.1
441.58,1314,290.41,792.46,1624.1,1230.3
441.61,1311.7,288.51,799.26,1629.2,1229.4
441.63,1330.4,286.31,805.26,1643.5,1221.5
441.66,1331.5,291.91,810.01,1624.6,1246.5
441.68,1343.3,292.01,811.26,1638.6,1246.4
441.7,1336.4,290.11,822.46,1613.3,1256.7
441.73,1357.9,302.31,813.16,1672.1,1257.2
441.75,1349.3,292.21,817.86,1634.6,1252.3
441.77,1372.7,315.81,823.26,1671,1296
441.8,1365.6,302.11,820.46,1652,1270.1
441.82,1385.9,306.31,821.16,1632.9,1295.3
441.84,1376.1,305.61,835.31,1643.1,1290.7
441.87,1396.9,310.41,835.96,1665.6,1305.9
441.89,1394.2,301.01,830.46,1649.6,1292.3
441.91,1400.4,310.91,832.86,1644.1,1292.8
441.94,1398.5,301.61,843.21,1625.9,1312.8
441.96,1424,317.31,852.21,1656.6,1327.7
441.98,1408.1,302.31,844.81,1641.9,1317.3
442.01,1426.7,310.01,845.56,1657.9,1329.9
442.03,1423.6,310.31,843.86,1646.7,1335.3
442.06,1432.3,311.51,848.56,1649.4,1329.3
442.08,1430.7,304.31,855.26,1629.2,1345.4
442.1,1462.9,339.21,871.86,1680,1356.2
442.13,1434.2,319.71,849.51,1648.2,1352.7
442.15,1460.4,344.81,877.46,1689.2,1382.8
442.17,1447.3,320.21,853.61,1671.8,1350.4
442.19,1471.3,338.41,856.86,1666.7,1382.8
442.22,1457.8,331.11,862.66,1659.9,1365
442.24,1486,340.51,872.91,1662.6,1403.1
442.27,1472.5,324.31,870.26,1655.7,1396.9
442.29,1490.5,334.21,878.86,1668.2,1403.3
442.31,1472.2,327.91,862.36,1634.4,1385.5
442.34,1497.5,331.21,878.76,1645.8,1396.4
442.36,1485.4,332.31,866.71,1664.4,1383.3
442.38,1501.8,334.81,880.16,1661.3,1411.2
442.41,1485.1,337.61,875.16,1636.8,1419.2
442.43,1506.5,343.21,874.51,1677.9,1431.3
442.45,1498,329.71,877.71,1639,1408.9
442.48,1526.2,349.41,902.21,1690.3,1439.6
442.5,1508.4,336.71,875.61,1641.5,1429.5
442.52,1532.2,348.51,883.91,1637.3,1451.7
442.55,1516.9,333.91,884.01,1631.2,1448.6
442.57,1536.3,346.11,895.51,1652.4,1441
442.59,1522.2,325.41,886.36,1634.2,1446.3
442.62,1534.7,352.61,893.26,1649,1450.9
442.64,1532.5,345.51,880.41,1644.1,1443.2
442.66,1546.1,354.21,893.66,1642.1,1480.8
442.69,1541.5,342.31,894.21,1640.7,1471.2
442.71,1553,357.21,896.11,1671.2,1484.1
442.73,1539.8,347.41,889.86,1612.6,1466.8
442.76,1551.8,363.01,896.76,1630.5,1490.5
442.78,1543.3,356.61,898.06,1601.9,1469.9
442.8,1564.8,366.01,893.66,1630.4,1480.9
442.83,1556.2,361.11,918.01,1629.9,1474.6
442.85,1562.7,373.41,899.16,1640.6,1466.7
442.87,1551.9,350.41,889.51,1612.7,1461
442.9,1582.6,395.41,924.66,1624,1505.3
442.92,1556.2,352.51,892.46,1608.3,1468.6
442.94,1572.3,367.41,905.46,1622.2,1507.8
442.97,1565,373.21,905.41,1616.2,1491.1
442.99,1573.9,370.31,911.91,1618.6,1506.2
443.01,1561.3,343.41,908.96,1597.3,1490
443.04,1579.2,374.51,917.26,1608.2,1518.6
443.06,1572.1,370.41,910.46,1583.4,1510.8
443.08,1586.7,375.11,920.96,1595.8,1523.1
443.11,1575.7,371.41,902.01,1587,1511.2
443.13,1585.7,371.21,900.21,1581.1,1520.1
443.15,1574.6,363.51,912.36,1566,1500
443.18,1589.1,392.11,929.76,1606.2,1545.7
443.2,1571.6,364.81,896.01,1558.4,1513.5
443.22,1585,381.01,912.36,1577.6,1530.7
443.25,1584.7,369.31,916.86,1581.4,1509.4
443.27,1595.7,387.61,925.71,1569.1,1517.9
443.29,1594.1,386.71,930.71,1565,1537.2
443.32,1604.2,388.71,931.46,1557.5,1539.9
443.34,1578,360.01,907.51,1526.7,1516.1
443.36,1608.9,399.31,925.16,1580.8,1560.6
443.39,1578,369.71,913.71,1517.4,1522.5
443.41,1596.9,393.61,922.01,1565.4,1538.1
443.43,1583.6,377.81,910.36,1546.4,1525.5
443.46,1601.3,380.31,912.11,1530,1539.8
443.48,1591,381.91,919.81,1543.5,1546
443.5,1598.3,385.91,917.51,1519.6,1549.8
443.53,1572.9,376.91,918.96,1522.6,1524.4
443.55,1586.4,374.81,915.61,1500.9,1519.1
443.57,1580.3,379.01,905.51,1508.5,1516
443.6,1596.4,393.61,909.86,1529,1552.1
443.62,1581,376.21,898.81,1500.9,1528.8
443.64,1600.6,406.11,930.61,1524,1548.3
443.67,1744.1,584.51,1158.5,1737.1,1782.1
443.69,1589.9,384.61,902.71,1512.1,1531.9
443.71,1581.3,375.31,908.26,1473,1529.2
443.74,1590.2,387.21,911.06,1497.7,1540.5
443.76,1566.9,380.91,899.96,1451.3,1502.9
443.78,1584.2,386.51,911.76,1482.2,1514.6
443.81,1573.5,367.21,904.41,1462.3,1509.3
443.83,1591.1,390.71,911.86,1474.8,1529.1
443.85,1624.8,434.51,976.86,1538.5,1582.8
443.88,1580,387.11,906.41,1455.9,1528.4
443.9,1571.5,369.11,888.31,1448.4,1511.6
443.92,1582.6,391.31,899.96,1450,1526.6
443.94,1563.8,382.21,894.66,1434.1,1501.5
443.97,1574.1,381.51,897.06,1472.3,1509.7
443.99,1557.6,387.41,905.46,1420.8,1500.3
444.01,1573.1,381.21,906.61,1451.3,1533.1
444.04,1549.7,367.91,892.01,1417.5,1524
444.06,1566.8,380.61,894.66,1419.5,1534.1
444.08,1551.3,377.21,896.26,1408.8,1521.6
444.11,1557.7,374.41,908.96,1397.3,1524.7
444.13,1549,376.31,900.26,1404.5,1526.5
444.15,1568.3,394.21,905.96,1410.4,1524.9
444.18,1534.3,379.21,892.26,1379.2,1495
444.2,1546.9,382.51,891.96,1412.1,1488.1
444.22,1535.2,374.91,884.01,1380.3,1471.3
444.25,1534,396.41,887.66,1379.5,1509.8
444.27,1528.5,384.61,871.61,1374.1,1481.6
444.29,1545.9,393.31,883.96,1366.1,1497.2
444.31,1529.9,390.91,903.61,1369.1,1497.8
444.34,1532.8,379.11,888.36,1360.4,1477.2
444.36,1524.2,379.31,873.56,1366.2,1479.2
444.38,1524.5,387.41,884.66,1361.3,1479.1
444.41,1513.6,375.31,874.91,1345.7,1479.7
444.43,1507.5,380.51,864.56,1341.2,1469.6
444.45,1494.2,373.61,874.41,1327.1,1454.1
444.48,1511.5,385.31,893.31,1347.4,1496.3
444.5,1501.7,385.81,882.36,1328.5,1472.3
444.52,1500.8,380.31,872.61,1346.9,1462.6
444.55,1479.3,373.71,872.21,1312.5,1469.9
444.57,1496.3,371.31,878.26,1318.2,1458
444.59,1468.3,368.51,855.81,1298.8,1443.7
444.62,1489.2,377.41,861.51,1297.9,1442.9
444.64,1474,375.21,855.06,1283.5,1461
444.66,1479.1,376.31,867.96,1295.7,1446.7
444.69,1460.8,366.91,855.76,1295.2,1428.3
444.71,1473.9,386.31,859.56,1290.1,1447.4
444.73,1461.1,362.61,859.31,1274.6,1435.8
444.75,1474.5,378.11,855.66,1278.2,1429
444.78,1446.6,373.41,836.91,1264.1,1400.7
444.8,1468.8,394.91,864.51,1272.7,1453.5
444.82,1433.3,367.21,848.41,1242.5,1403.4
444.85,1446.5,372.41,837.71,1228.8,1413.4
444.87,1425.2,363.31,830.06,1210.6,1408.2
444.89,1451.7,379.41,858.21,1252.3,1421.5
444.92,1428.9,369.11,847.21,1244.4,1390.3
444.94,1432.5,375.31,847.06,1239.9,1416.2
444.96,1413,367.51,832.21,1208.7,1374.4
444.99,1415.9,362.51,828.06,1202.2,1390
445.01,1397,353.41,830.86,1200.8,1380.5
445.03,1404.5,375.01,827.26,1206.7,1411.7
445.06,1388.4,358.91,822.36,1183.4,1370.2
445.08,1396.6,361.41,814.56,1183.8,1376.1
445.1,1388.4,361.51,810.46,1184.4,1374.9
445.13,1399.5,371.01,826.16,1160.7,1377.2
445.15,1382.9,354.81,816.86,1155.2,1354
445.17,1385.6,362.71,823.51,1188,1353.6
445.19,1368.7,357.41,804.81,1153.8,1341.6
445.22,1376.3,365.81,824.36,1159.5,1359.8
445.24,1357.2,359.61,803.01,1145.8,1344.3
445.26,1358.8,356.51,806.76,1135.5,1347.9
445.29,1358.4,359.61,815.81,1146.1,1329.9
445.31,1351.7,362.61,798.86,1146,1315.1
445.33,1337.1,344.01,789.61,1108.6,1313.8
445.36,1338,345.51,798.06,1114.8,1325.9
445.38,1317.1,344.51,785.51,1112.4,1309.1
445.4,1332.6,352.31,797.26,1105.1,1327.1
445.42,1322.3,348.61,798.76,1117.3,1308.7
445.45,1321.8,342.91,792.06,1121.2,1293.4
445.47,1308.7,349.21,776.26,1085.3,1271.3
445.49,1311.6,347.51,787.01,1097.1,1287.7
445.52,1294.6,330.61,770.26,1087.4,1294.9
445.54,1307.6,352.81,781.41,1072.5,1310.3
445.56,1281.6,340.11,776.56,1072.5,1263.2
445.58,1291.4,342.91,775.96,1089.5,1279.8
445.61,1273,338.81,761.06,1048.6,1256.2
445.63,1282.3,348.21,768.06,1057.6,1268.8
445.65,1261.3,330.31,768.56,1052.7,1253.5
445.68,1278.1,349.31,770.71,1051.3,1267.9
445.7,1263.3,331.71,755.51,1039.6,1235.8
445.72,1262.2,336.31,768.76,1053.4,1232
445.75,1239,323.41,736.16,1028.7,1227.7
445.77,1245.7,335.81,753.11,1046,1236.9
445.79,1228.9,332.31,738.11,1020.3,1205.1
445.81,1229.8,333.91,738.81,1006.3,1206.2
445.84,1225.5,340.41,753.11,1003.2,1210.7
445.86,1232.7,340.21,739.41,1000.8,1205
445.88,1216.6,331.41,743.91,1004.1,1223.4
445.91,1224.8,341.01,751.21,1011.2,1224.3
445.93,1202.3,320.01,731.56,970.84,1175.8
445.95,1198.1,334.51,731.11,989.74,1181.5
445.98,1182.5,320.21,718.66,965.54,1181.2
446,1195.4,336.41,732.71,975.14,1164
446.02,1184.3,330.21,732.86,978.74,1179.7
446.05,1189.5,325.31,722.21,964.54,1164.8
446.07,1158.9,321.91,705.91,944.34,1161.9
446.09,1169.7,319.41,712.96,949.64,1148.9
446.11,1151.5,315.31,696.61,952.64,1145.9
446.14,1167.2,318.21,706.16,972.04,1153
446.16,1159.8,320.31,722.66,948.94,1144.7
446.18,1150.6,316.81,699.31,955.44,1136.7
446.21,1133.9,316.21,693.51,916.94,1128.4
446.23,1146.3,316.11,695.86,935.24,1132.9
446.25,1121.3,311.01,678.61,909.54,1118.4
446.27,1135.4,324.21,696.66,928.54,1130.5
446.3,1116.7,302.11,678.21,890.04,1095.7
446.32,1122.5,308.81,680.91,904.14,1101.3
446.34,1107.4,301.91,674.46,885.74,1093.6
446.37,1113.1,307.21,681.16,900.64,1095.5
446.39,1097,296.41,677.56,889.14,1064.2
446.41,1101.1,310.31,674.96,870.94,1080.2
446.44,1074.3,305.51,663.31,870.14,1065
446.46,1092.5,302.61,669.26,885.34,1058.7
446.48,1090.5,320.11,685.81,900.24,1083.7
446.5,1079.2,308.91,661.61,878.24,1080.8
446.53,1057.8,296.61,654.11,863.94,1070
446.55,1065.5,305.41,663.81,847.94,1052.6
446.57,1044.2,288.61,647.46,834.94,1028.5
446.6,1057.4,298.11,655.16,841.84,1047.4
446.62,1054.7,295.31,654.66,836.24,1051.3
446.64,1052.1,314.81,644.41,851.04,1047.5
446.66,1026.7,280.01,632.36,831.24,1018.4
446.69,1032,294.41,643.16,830.94,1021.8
446.71,1018.6,285.71,629.21,825.24,1027.2
446.73,1022.3,303.51,627.06,821.64,1008.8
446.75,1012.3,280.71,624.36,796.04,1002.1
446.78,1020.9,297.71,631.31,818.54,997.88
446.8,1001.3,292.91,619.41,806.14,992.98
446.82,1004.3,292.31,627.36,802.34,989.48
446.85,991.22,275.21,627.46,796.54,994.28
446.87,995.27,287.61,630.71,793.54,1007.6
446.89,980.31,282.11,613.01,788.34,964.08
446.92,993.12,284.11,614.76,796.14,965.58
446.94,970.08,273.41,606.81,779.04,972.28
446.96,989.23,293.11,623.36,801.54,981.88
446.98,962.74,268.31,603.51,770.24,960.88
447.01,965.5,279.11,606.56,769.84,966.78
447.03,952.88,262.91,597.51,777.54,948.48
447.05,958.54,286.61,599.26,771.24,960.08
447.07,938.55,273.01,586.01,745.04,938.68
447.1,945.25,275.81,605.01,746.84,917.18
447.12,925.96,261.81,593.01,733.24,923.28
447.14,940.62,272.31,590.21,758.64,947.58
447.17,924.16,269.61,571.26,732.34,915.98
447.19,929.17,276.41,584.76,749.44,927.28
447.21,918.02,259.21,580.66,748.74,897.68
447.24,919.91,273.01,579.96,740.54,918.58
447.26,904.09,264.61,580.26,709.64,903.68
447.28,912.83,268.51,576.76,734.04,908.48
447.3,901.23,264.71,580.81,705.64,895.18
447.33,899.83,270.51,569.06,736.64,895.18
447.35,894.55,256.81,568.71,707.74,896.58
447.37,891.39,270.41,569.16,705.54,890.78
447.39,874.62,253.11,559.31,700.14,882.78
447.42,891.75,259.21,578.96,705.74,886.48
447.44,868.52,248.31,557.36,684.84,870.48
447.46,877.57,256.71,559.91,698.54,859.98
447.49,867.01,251.11,553.41,690.64,861.08
447.51,866.75,262.01,548.11,688.94,844.08
447.53,854.82,248.31,543.81,684.54,861.98
447.55,857.79,260.41,552.31,685.14,857.38
447.58,840.26,241.61,539.31,676.54,847.28
447.6,891.22,303.01,595.56,727.04,908.28
447.62,835.07,239.71,538.01,663.34,825.38
447.64,838.92,247.61,541.06,670.94,832.88
447.67,822.66,239.51,547.01,650.64,824.18
447.69,834.58,263.11,544.51,671.14,848.18
447.71,813.97,239.81,534.41,653.64,810.28
447.74,823.92,238.71,532.36,653.14,819.18
447.76,804.69,237.11,526.16,645.94,810.58
447.78,810.94,260.41,522.96,641.44,828.58
447.8,798.21,234.01,517.11,643.64,800.78
447.83,802.85,243.01,521.66,647.14,801.88
447.85,790.85,237.21,508.61,632.84,807.28
447.87,802.75,239.01,517.31,637.84,802.98
447.89,814.02,271.91,558.51,679.84,843.78
447.92,784.63,236.11,512.61,628.14,791.28
447.94,774.4,232.61,509.26,619.44,781.48
447.96,777.02,233.71,503.66,621.34,783.38
447.99,763.93,226.21,494.51,609.04,755.18
448.01,775.2,241.01,500.01,614.84,776.98
448.03,759.02,224.91,494.36,604.54,754.18
448.05,776.63,241.41,509.96,620.44,767.48
448.08,748.3,216.91,491.26,591.74,755.78
448.1,756.73,231.21,493.11,609.84,770.48
448.12,739.01,223.61,482.56,595.54,753.78
448.14,741.59,234.11,498.31,590.54,764.58
448.17,732.61,222.81,480.71,579.34,726.68
448.19,741.66,224.31,492.56,594.34,741.38
448.21,727.9,212.31,469.81,566.04,721.58
448.24,733.01,230.51,476.51,585.64,735.58
448.26,730.26,233.71,481.81,583.34,746.18
448.28,726.82,222.31,479.71,577.14,726.28
448.3,717.58,217.01,471.41,570.24,712.18
448.33,722.29,228.01,476.36,584.94,723.08
448.35,700.56,210.11,461.31,555.14,702.88
448.37,708.59,217.91,469.66,561.14,721.18
448.39,692.04,211.61,462.31,546.04,696.68
448.42,704.27,215.61,463.46,558.04,702.98
448.44,694.86,223.31,467.91,549.34,710.68
448.46,696.89,215.11,459.11,552.24,683.78
448.49,682.29,210.61,448.96,540.64,685.88
448.51,686.95,216.11,452.21,551.14,690.68
448.53,669.29,208.11,446.96,540.54,674.98
448.55,681.91,212.11,452.81,547.94,684.88
448.58,664.91,201.41,441.61,519.24,669.78
448.6,669.96,215.21,454.61,538.24,678.88
448.62,656.39,198.31,439.66,522.64,658.68
448.64,661.6,209.71,446.31,534.14,660.18
448.67,655.03,204.51,434.86,522.64,661.98
448.69,661.92,209.41,440.46,529.34,662.18
448.71,656.1,218.31,444.16,523.64,655.58
448.73,656.33,212.81,433.26,522.44,655.28
448.76,637.23,198.71,426.91,510.34,628.18
448.78,645.57,202.91,425.56,511.44,645.28
448.8,631.34,199.01,425.16,511.54,639.98
448.82,633.98,205.61,424.51,511.34,647.88
448.85,623.51,193.11,425.86,500.54,639.58
448.87,631.18,204.81,421.41,501.24,640.78
448.89,620.26,196.91,415.61,494.84,629.38
448.92,624.86,210.41,433.71,518.24,646.08
448.94,615.3,189.11,419.11,501.94,618.48
448.96,613.44,203.41,414.06,501.54,616.68
448.98,600.49,193.51,411.96,483.54,611.48
449,616.64,206.91,417.16,501.14,628.58
449.03,596.81,191.51,402.41,484.24,612.98
449.05,612.13,203.01,414.31,500.04,621.98
449.07,598.87,195.81,408.26,484.64,610.68
449.1,607.56,199.21,412.51,485.04,606.48
449.12,590.13,187.11,398.21,459.24,594.38
449.14,596.66,203.41,401.56,477.24,599.38
449.16,578.92,189.61,391.41,454.94,587.88
449.19,590.74,195.61,392.46,478.64,586.68
449.21,577.89,192.31,398.81,449.64,591.58
449.23,586.07,196.81,391.06,464.34,579.48
449.25,571.8,186.41,390.11,459.54,575.78
449.28,575.64,197.51,392.86,469.94,584.68
449.3,564.74,180.71,384.56,456.64,562.28
449.32,569.18,193.41,387.46,463.94,583.88
449.34,553.57,183.11,377.96,446.24,561.08
449.37,563.49,192.31,394.71,452.64,578.18
449.39,550.23,178.81,375.76,432.04,549.48
449.41,561.54,199.01,392.31,453.44,587.48
449.43,543.15,184.61,367.96,440.64,544.68
449.46,553.87,193.01,387.01,452.24,569.08
449.48,535.94,182.21,365.01,430.84,537.58
449.5,551.97,196.31,388.81,446.94,560.48
449.52,531.3,178.41,370.21,422.44,542.28
449.55,539.35,192.01,374.21,438.24,548.88
449.57,526.28,172.61,365.36,424.04,540.68
449.59,534.92,186.21,362.16,437.34,544.88
449.61,525.57,180.41,357.76,429.74,540.58
449.64,525.5,180.91,360.96,432.34,525.48
449.66,519.05,170.11,355.96,419.84,518.38
449.68,523.72,186.21,364.01,426.34,542.88
449.7,516.96,176.01,355.11,422.54,518.78
449.73,519.36,180.91,362.61,410.74,538.98
449.75,508.93,180.51,350.11,413.24,523.08
449.77,523.78,200.51,369.81,441.44,539.28
449.79,497.72,168.61,344.16,406.04,509.78
449.82,511.75,180.71,351.11,412.54,511.08
449.84,499.58,175.71,354.16,403.64,510.98
449.86,508.24,173.71,352.21,411.74,519.08
449.88,493.58,177.11,337.16,408.24,503.38
449.91,497.42,180.01,339.81,413.34,510.18
449.93,479.11,158.41,336.21,399.34,497.08
449.95,490.91,177.91,340.51,400.74,499.38
449.97,475.85,169.31,327.56,383.54,493.68
450,490.19,184.01,339.51,398.64,496.38
450.02,475.28,165.91,335.46,385.54,490.98
450.04,482.16,171.11,331.86,399.94,499.08
450.06,481.3,173.61,346.71,404.84,494.78
450.09,482.99,181.51,351.91,401.64,478.38
450.11,464.15,171.71,325.31,374.64,475.68
450.13,472.09,177.41,330.26,389.84,479.78
450.15,460.74,161.81,326.06,378.24,467.08
450.18,467.54,165.11,327.71,384.34,466.08
450.2,456.37,166.81,321.01,371.94,472.08
450.22,463.7,170.91,325.51,379.24,477.18
450.24,451.2,154.21,320.56,370.64,463.98
450.26,460.61,160.01,322.76,380.24,475.48
450.29,446.41,161.81,318.31,362.24,457.78
450.31,447.89,169.51,318.66,368.84,470.18
450.33,438.53,157.31,310.31,363.94,445.68
450.36,448.47,166.61,310.91,377.24,461.08
450.38,442.56,172.51,324.81,376.24,461.88
450.4,443.83,164.01,312.51,372.04,466.98
450.42,429.52,158.01,303.06,352.54,453.78
450.44,439,168.11,314.21,354.84,448.18
450.47,431.52,153.61,306.31,361.14,447.68
450.49,431.47,169.31,306.16,363.84,442.88
450.51,415.92,149.31,302.71,357.34,438.98
450.53,428.66,157.51,301.36,357.34,433.58
450.56,419.54,158.11,292.46,341.54,434.18
450.58,426.28,158.11,301.71,356.24,440.78
450.6,420.78,170.31,306.31,364.04,442.78
450.62,419.28,159.11,300.31,350.74,423.98
450.65,408.18,152.41,287.71,339.14,424.88
450.67,426.3,171.11,309.46,364.44,439.78
450.69,404.65,147.51,281.61,328.04,415.28
450.71,420.33,167.81,309.31,354.34,432.88
450.74,400.57,142.41,288.21,336.04,404.28
450.76,411.13,154.91,289.71,332.04,413.98
450.78,403.96,160.21,302.46,341.94,427.58
450.8,407.74,161.61,293.76,339.54,417.58
450.82,398.03,152.01,286.41,332.04,412.38
450.85,409.65,169.31,305.26,354.74,429.48
450.87,389.14,147.91,283.01,326.74,396.28
450.89,396.19,160.41,279.26,325.44,420.88
450.91,389.86,154.31,281.31,328.84,401.88
450.94,394.39,156.51,283.46,330.74,407.88
450.96,388.72,151.71,284.26,327.84,404.08
450.98,394.3,159.21,290.76,336.24,407.68
451,381.75,134.91,284.76,331.64,389.38
451.03,383.75,155.81,281.21,325.14,405.48
451.05,378.42,142.91,265.76,310.84,380.48
451.07,383.87,152.11,276.26,338.64,402.78
451.09,375.47,139.71,276.21,317.24,396.98
451.12,381.73,155.11,275.91,328.54,390.38
451.14,368.39,150.01,277.26,305.24,380.68
451.16,378.25,155.71,275.31,321.74,380.78
451.18,365.8,142.11,259.76,307.84,380.68
451.2,375.76,147.91,272.26,312.14,381.78
451.23,362.46,137.81,264.01,300.54,365.88
451.25,369.01,146.31,266.76,312.14,379.48
451.27,358.78,140.11,262.31,289.74,389.48
451.29,369.14,148.51,270.91,319.04,394.48
451.32,357.67,138.41,259.16,305.34,363.78
451.34,366.1,145.01,260.06,319.34,373.28
451.36,359.69,152.61,267.51,318.94,388.08
451.38,361.19,151.71,258.81,299.94,383.48
451.4,349.12,136.31,251.51,292.64,366.18
451.43,355.2,146.31,265.01,303.34,361.38
451.45,345.66,137.21,258.66,291.74,360.98
451.47,352.95,143.41,261.81,302.34,369.98
451.49,342.71,136.11,251.36,295.84,359.48
451.52,355.98,150.61,255.21,302.44,367.98
451.54,343.43,144.01,248.26,298.34,358.18
451.56,349.95,142.51,247.56,302.34,362.78
451.58,343.23,139.01,255.06,280.24,347.88
451.61,349.26,147.11,253.81,297.24,368.28
451.63,337.33,130.41,249.66,286.34,344.88
451.65,347.55,141.71,258.36,296.84,359.18
451.67,340.24,142.31,261.41,295.84,360.48
451.69,351.26,155.81,269.46,304.04,371.08
451.72,327.3,131.81,238.76,284.54,338.08
451.74,332.28,138.71,248.26,293.84,348.98
451.76,324.73,130.71,243.11,275.74,335.48
451.78,339.67,147.81,243.76,285.84,355.58
451.81,324.37,133.41,241.26,284.94,336.68
451.83,331.01,133.41,243.51,287.74,346.38
451.85,318.46,121.01,237.86,279.04,332.18
451.87,328.77,139.61,251.51,287.54,344.28
451.89,318.77,134.01,238.11,276.64,344.88
451.92,327.96,136.81,244.96,288.94,351.68
451.94,315.16,123.61,238.61,271.54,327.08
451.96,323.88,131.61,236.76,276.44,339.18
451.98,314.46,129.91,235.31,273.04,326.28
452,321.87,136.71,236.81,282.44,339.98
452.03,311.01,129.91,233.21,268.94,318.78
452.05,316.99,133.71,237.86,270.84,338.48
452.07,309.42,132.51,230.41,270.74,327.68
452.09,317.4,137.01,230.21,287.84,328.68
452.12,296.27,122.81,229.16,262.94,312.28
452.14,313.25,137.01,238.96,268.74,327.68
452.16,303.89,130.11,236.06,259.54,319.58
452.18,310.5,134.31,230.86,257.84,329.18
452.2,299.2,125.81,224.86,266.44,319.88
452.23,308.37,134.91,239.41,269.34,322.08
452.25,305.04,128.41,239.71,262.04,315.38
452.27,300.28,127.71,225.46,259.84,316.28
452.29,293.54,126.01,222.46,265.84,311.88
452.32,299.55,127.21,222.06,259.74,309.28
452.34,289.34,123.71,223.96,251.74,315.18
452.36,302.19,135.11,227.71,270.74,313.78
452.38,289.73,118.71,215.66,251.84,303.88
452.4,298.01,128.31,222.16,257.84,301.28
452.43,282.54,114.51,216.56,245.74,290.58
452.45,292.42,130.11,218.01,259.94,306.28
452.47,278.77,113.81,215.21,246.64,290.38
452.49,288.92,131.81,222.26,255.04,298.48
452.51,281.24,125.81,218.11,240.84,299.78
452.54,305.84,151.11,243.51,288.74,338.38
452.56,277.58,125.51,216.86,247.44,304.28
452.58,291.12,129.61,222.66,257.04,306.88
452.6,277.67,117.61,211.96,248.04,288.38
452.63,284.32,130.61,215.91,253.74,302.58
452.65,278.38,119.01,206.61,243.24,277.28
452.67,296.12,141.01,231.96,268.64,310.08
452.69,271.7,111.31,206.36,237.84,284.38
452.71,290.29,138.91,228.01,264.34,316.28
452.74,271.45,118.21,205.11,241.54,281.18
452.76,277.07,127.01,211.06,250.34,292.18
452.78,321.58,186.81,287.41,328.24,375.18
452.8,277.58,127.31,209.91,241.64,295.68
452.82,264.49,115.71,204.16,235.04,283.28
452.85,275.62,128.21,210.71,244.44,293.88
452.87,261.59,114.21,205.66,236.64,283.18
452.89,281.86,141.51,231.06,253.84,297.08
452.91,259.22,116.31,204.41,237.94,276.98
452.94,266.94,117.51,207.41,238.04,282.98
452.96,263.63,114.41,202.91,224.54,273.48
452.98,269.51,122.21,202.36,243.04,278.48
453,273.59,130.61,220.56,253.44,288.28
453.02,265.7,124.81,199.96,244.04,281.38
453.05,253.87,114.41,196.46,226.94,267.58
453.07,262.25,121.11,197.71,238.34,279.68
453.09,252.28,106.61,198.21,227.04,273.38
453.11,264.47,117.61,208.91,233.84,274.28
453.13,254.79,113.91,202.01,231.94,267.38
453.15,260.92,118.31,204.26,240.74,274.68
453.18,264.93,123.41,212.01,241.44,294.38
453.2,260.62,118.21,196.46,237.44,271.58
453.22,247.38,112.91,196.21,226.04,259.48
453.24,259.82,117.01,203.76,227.64,273.98
453.26,246.06,113.61,195.26,216.84,269.28
453.29,256.3,130.21,193.86,235.84,276.28
453.31,247.17,111.81,193.76,224.84,261.68
453.33,256.43,118.31,198.76,222.74,278.08
453.35,252.38,126.21,201.91,230.74,262.28
453.38,253.02,126.31,196.16,224.14,266.78
453.4,242.99,109.61,191.16,215.44,257.88
453.42,251.22,121.21,193.01,226.74,271.98
453.44,240.94,107.01,192.71,216.24,259.38
453.46,248.94,118.01,191.11,228.04,264.48
453.49,239.56,118.01,185.51,217.54,247.08
453.51,250.48,122.11,189.61,230.44,269.88
453.53,239.97,111.51,191.16,217.44,261.48
453.55,246.91,124.01,194.41,224.04,263.18
453.57,233.51,103.91,189.91,215.14,248.98
453.6,252.25,139.31,196.91,234.24,285.28
453.62,232.05,105.71,184.16,213.34,243.68
453.64,240.93,121.21,198.61,224.04,258.28
453.66,232.29,107.51,189.36,222.14,248.88
453.68,239.5,120.01,189.61,215.64,256.38
453.7,230.65,108.31,180.81,209.84,254.58
453.73,240,120.51,188.31,231.14,248.98
453.75,230.65,115.51,185.46,217.94,246.28
453.77,246.77,130.21,197.61,234.34,267.78
453.79,226.78,108.51,185.06,207.74,248.28
453.81,233.4,115.81,183.16,215.84,252.98
453.84,225.11,102.11,180.11,202.04,247.78
453.86,235.12,115.21,187.26,221.24,255.88
453.88,221.41,100.21,172.66,203.24,239.98
453.9,226.35,113.91,181.96,215.34,246.08
453.93,227.47,112.01,179.61,215.44,238.38
453.95,231.34,107.31,184.01,218.74,248.78
453.97,221.55,108.91,182.56,207.34,242.48
453.99,226.13,113.01,176.56,215.54,242.28
454.01,225.96,109.81,176.81,216.74,243.18
454.04,225.48,112.91,178.56,214.24,244.48
454.06,214.26,101.11,168.96,192.24,233.48
454.08,225.29,116.71,179.81,209.34,236.38
454.1,214.71,98.412,175.11,203.24,233.08
454.12,224.59,117.01,179.96,217.04,243.48
454.14,218.31,113.91,174.01,214.24,244.58
454.17,220.12,116.81,177.11,206.04,237.08
454.19,211.95,104.61,174.86,211.14,225.48
454.21,232.52,127.91,193.01,225.54,254.48
454.23,212.44,103.41,169.61,197.84,230.08
454.25,223.15,113.21,174.26,210.84,238.98
454.28,211.95,106.51,170.51,193.54,225.48
454.3,218.36,111.61,171.16,192.04,235.08
454.32,208.59,103.41,163.56,187.84,217.38
454.34,218.45,118.01,176.06,212.04,236.98
454.36,208.48,98.512,168.56,203.94,219.98
454.38,226.57,125.91,186.61,225.24,244.48
454.41,208.4,99.312,170.41,195.14,217.28
454.43,218.84,107.41,169.61,199.04,229.38
454.45,213.43,113.51,176.26,208.94,235.38
454.47,211.97,109.51,170.91,211.64,222.08
454.49,205.67,103.41,168.46,198.54,226.58
454.52,208.86,110.51,168.26,194.64,224.58
454.54,216.1,110.41,184.46,205.64,239.38
454.56,214.84,109.61,173.86,197.54,220.58
454.58,199.26,100.41,164.41,189.94,211.58
454.6,208.44,108.41,169.86,198.94,222.18
454.63,198.67,104.51,158.86,191.84,213.98
454.65,223.4,128.91,192.66,220.54,250.18
454.67,200.93,99.712,168.76,196.84,209.78
454.69,204.72,110.51,163.26,197.24,219.28
454.71,198.05,101.51,160.76,184.74,212.78
454.74,205.85,102.31,160.46,196.24,216.68
454.76,197.96,104.71,163.16,187.74,222.78
454.78,203.31,110.71,166.71,189.14,223.98
454.8,204.65,111.11,171.96,197.94,224.98
454.82,200.61,105.61,162.91,192.24,209.08
454.84,194.23,104.01,161.26,187.44,210.48
454.87,201.05,102.81,162.11,194.74,217.68
454.89,188.92,94.412,156.21,191.84,208.08
454.91,195.55,102.61,156.51,183.64,213.18
454.93,199.45,110.51,166.21,188.04,222.48
454.95,200.24,107.11,157.76,190.24,221.78
454.98,193.9,96.912,163.01,190.64,208.98
455,198.16,101.51,162.46,185.04,220.18
455.02,188.98,97.412,156.31,188.94,205.28
455.04,191.52,101.11,157.46,185.14,204.18
455.06,198.63,111.21,168.01,191.24,223.18
455.08,198.69,106.51,160.66,198.44,214.18
455.11,187.5,96.412,156.66,176.04,202.78
455.13,195.51,103.21,161.81,181.54,207.18
455.15,193.96,109.21,165.36,190.04,220.58
455.17,197.08,116.11,158.86,190.74,211.88
455.19,182.98,93.112,153.16,167.54,200.38
455.21,195.91,110.31,156.16,187.14,204.68
455.24,182.09,97.512,150.56,174.04,202.68
455.26,189.11,102.91,157.61,186.14,201.78
455.28,182.69,97.712,152.16,176.44,203.88
455.3,189.58,99.412,150.21,173.84,206.08
455.32,179.65,93.812,152.51,186.44,202.28
455.35,187.29,102.61,150.41,174.94,200.08
455.37,183.86,100.11,151.56,176.54,197.98
455.39,187.73,103.11,155.71,184.34,202.28
455.41,179.07,95.612,148.96,170.64,199.78
455.43,193.93,113.01,164.31,198.94,215.28
455.45,217.42,151.41,205.56,235.14,266.38
455.48,185.68,100.71,148.21,177.94,203.68
455.5,171.63,88.412,145.01,173.84,195.28
455.52,186.03,103.91,155.01,182.84,203.38
455.54,184.26,106.21,156.41,168.74,204.38
455.56,192.42,111.41,164.71,191.64,216.88
455.58,173.79,104.61,146.46,172.24,191.58
455.61,191.49,115.71,158.66,191.04,212.58
455.63,172.98,91.612,144.56,172.54,184.58
455.65,190.77,116.01,157.46,189.04,211.68
455.67,171.8,95.012,141.31,166.14,186.18
455.69,192.8,120.21,165.46,190.64,213.88
455.71,171.16,91.912,143.76,166.64,189.38
455.74,182.36,101.51,152.71,183.94,208.78
455.76,173.51,93.912,146.26,167.04,190.58
455.78,183.06,106.01,147.31,185.94,199.18
455.8,172.37,101.81,140.96,168.44,194.28
455.82,182.25,103.41,148.71,173.64,195.18
455.84,175.51,101.81,156.91,176.24,199.08
455.87,179.91,102.01,150.86,183.04,195.78
455.89,169.53,90.712,141.91,172.64,190.48
455.91,179.76,104.21,149.61,171.74,195.48
455.93,167.6,87.212,136.61,162.54,188.88
455.95,179.24,103.81,150.51,179.24,193.28
455.97,169.43,86.712,141.56,165.04,185.78
456,178.04,104.81,147.31,171.44,192.78
456.02,168.47,95.612,140.66,172.54,188.68
456.04,174.98,107.11,143.36,168.74,199.38
456.06,167.25,98.012,143.01,170.34,182.38
456.08,176.92,97.012,142.01,180.04,195.18
456.1,172.87,102.71,148.01,173.24,195.28
456.13,175.57,105.51,146.86,165.74,193.88
456.15,164.54,87.412,134.91,165.84,183.78
456.17,172.31,104.31,141.16,169.04,181.08
456.19,165.48,91.812,140.36,160.14,184.08
456.21,177.41,112.41,148.46,184.74,199.58
456.23,166.22,96.412,138.86,171.74,182.68
456.25,170.35,103.41,141.21,165.64,193.58
456.28,165.54,95.612,142.61,169.84,179.28
456.3,172.25,102.41,139.11,165.94,179.98
456.32,161.8,91.112,137.06,155.64,181.68
456.34,171.43,103.91,139.96,170.74,195.88
456.36,158.55,93.612,139.66,153.54,183.08
456.38,174.28,102.11,142.16,167.04,190.18
456.41,161.44,93.312,133.61,161.44,178.48
456.43,173.16,106.81,142.06,170.34,192.58
456.45,161.12,92.012,137.91,153.04,182.68
456.47,199.27,140.91,192.96,211.44,233.08
456.49,158.98,90.712,134.71,162.44,173.58
456.51,166.06,104.51,138.26,174.84,185.78
456.54,162.72,101.71,141.76,158.44,181.38
456.56,177.66,113.11,152.01,178.84,207.28
456.58,153.2,86.512,131.91,145.84,170.48
456.6,168.03,101.01,138.01,169.94,185.28
456.62,157.01,90.112,133.56,153.14,175.58
456.64,169.81,106.51,138.71,167.14,186.78
456.67,154.78,92.412,132.96,147.74,175.18
456.69,163.62,100.31,135.11,172.44,184.78
456.71,152.8,88.612,124.36,154.64,170.98
456.73,163.5,101.71,143.31,177.64,182.68
456.75,152.78,90.112,134.41,144.84,168.68
456.77,162.46,102.11,133.71,168.34,178.88
456.8,165.02,106.41,147.41,165.74,187.08
456.82,162.28,104.21,141.11,164.44,179.98
456.84,149.41,86.112,130.11,145.74,165.68
456.86,163.29,102.31,139.96,172.74,178.88
456.88,157.22,95.912,139.51,150.04,170.78
456.9,160.46,93.712,131.66,159.74,184.68
456.92,148.21,85.612,123.01,150.94,168.28
456.95,156.02,92.912,129.71,158.94,175.18
456.97,151.71,94.212,128.91,153.04,167.98
456.99,156.89,98.012,130.91,163.54,173.48
457.01,147.32,87.312,129.66,150.74,165.88
457.03,154.13,95.712,130.16,155.34,174.28
457.05,153.83,95.312,145.11,159.94,180.48
457.07,153.14,91.012,133.71,161.44,171.28
457.1,147.22,84.312,126.31,150.64,166.68
457.12,151.46,94.512,125.46,155.64,167.08
457.14,144.06,89.512,126.51,155.94,165.88
457.16,153.04,95.112,131.01,161.04,168.98
457.18,141.3,85.412,125.01,148.44,164.78
457.2,156.07,97.612,135.81,161.24,172.48
457.23,149.23,92.312,134.56,151.74,167.68
457.25,155.35,93.012,131.21,155.24,172.48
457.27,152.57,95.212,134.76,155.64,175.38
457.29,150.43,91.412,121.36,148.14,163.68
457.31,143.64,87.712,123.46,144.74,162.98
457.33,152.56,95.812,131.71,154.74,167.58
457.35,144.43,85.212,121.86,150.14,165.78
457.38,166.56,115.31,152.11,176.94,190.78
457.4,139.47,84.212,125.31,133.94,155.18
457.42,153.75,97.912,131.46,151.64,175.78
457.44,142.3,83.812,119.11,144.64,158.48
457.46,169.13,120.11,156.76,182.34,191.38
457.48,147.47,87.312,127.71,161.14,176.88
457.5,148.05,95.412,122.61,149.04,162.48
457.53,141.91,87.612,119.66,139.74,152.38
457.55,153.41,104.21,127.51,157.64,172.78
457.57,136.98,79.512,119.61,138.64,154.18
457.59,148.52,95.712,126.11,148.64,164.78
457.61,149.31,95.612,135.66,157.64,169.98
457.63,149.37,96.912,129.76,147.34,166.68
457.65,140.47,84.612,123.81,147.34,159.68
457.68,144.22,90.212,116.36,147.44,166.78
457.7,138.76,86.912,121.51,142.64,158.88
457.72,146.54,98.112,127.66,145.74,168.68
457.74,138.51,85.712,119.11,142.94,149.68
457.76,148.69,95.212,127.66,150.94,166.18
457.78,137.82,86.612,116.61,138.64,151.68
457.81,147.98,96.712,124.61,141.84,167.18
457.83,139.69,90.312,124.36,145.34,156.88
457.85,142.85,92.512,120.91,147.14,160.38
457.87,139.54,88.912,126.86,145.74,161.78
457.89,145.37,99.412,121.66,151.64,159.38
457.91,146.47,93.412,135.06,155.44,169.88
457.93,141.49,91.812,122.61,144.54,158.78
457.95,135.13,80.712,116.31,134.64,149.28
457.98,144.34,96.112,126.76,148.94,168.18
458,143.89,101.21,135.56,158.74,167.18
458.02,145.73,96.612,122.46,149.84,161.88
458.04,134.38,85.612,117.46,144.14,157.28
458.06,144.36,104.81,133.71,148.24,172.18
458.08,135.73,85.912,117.91,137.74,147.38
458.1,143.4,97.912,123.91,143.84,158.28
458.13,132.14,79.812,118.56,135.04,149.08
458.15,140.86,93.512,124.56,143.14,162.18
458.17,131.7,84.912,119.21,141.84,143.18
458.19,139.42,97.012,118.41,146.54,153.58
458.21,135.24,91.012,117.81,136.24,146.68
458.23,140.3,94.412,123.71,146.24,153.28
458.25,131.99,87.412,116.81,137.44,152.78
458.27,138.82,89.112,116.56,144.64,157.08
458.3,132.63,82.612,119.96,131.74,154.48
458.32,156.22,111.81,138.56,167.24,182.28
458.34,129.91,80.712,114.61,130.24,143.18
458.36,134.87,86.412,118.56,142.84,154.08
458.38,130.17,80.612,116.31,135.64,155.28
458.4,139.4,91.812,124.21,142.14,157.98
458.42,131.07,88.812,111.71,139.14,152.88
458.44,137.46,90.612,120.56,138.64,155.48
458.47,129.57,86.712,111.71,136.74,146.98
458.49,142.07,100.41,127.71,148.94,164.78
458.51,127.49,86.012,112.76,136.94,147.68
458.53,135.76,88.512,117.61,143.24,159.98
458.55,159.13,120.01,159.91,181.04,199.48
458.57,139.93,94.612,120.11,147.44,157.18
458.6,126.09,79.512,110.61,134.94,141.48
458.62,137.52,91.312,116.41,145.94,154.18
458.64,123.59,77.112,108.56,130.14,142.48
458.66,144.33,102.91,130.51,150.64,170.48
458.68,126.75,77.212,112.11,137.24,143.88
458.7,133.33,91.612,113.16,136.14,146.68
458.72,168.48,134.11,177.46,198.24,208.58
458.74,133.91,88.012,114.51,137.74,150.18
458.76,125.54,73.112,106.01,134.24,140.18
458.79,129.9,87.312,117.31,135.54,142.88
458.81,124.26,80.512,111.11,130.94,142.88
458.83,133.15,89.912,115.86,134.44,152.58
458.85,128.56,91.712,123.01,140.54,155.18
458.87,131.96,86.012,113.26,144.24,155.78
458.89,122.63,81.712,108.01,127.84,138.58
458.91,132.12,90.912,116.41,137.14,145.18
458.94,122.46,81.212,107.96,129.54,136.78
458.96,132.43,92.512,115.86,135.94,151.48
458.98,119.78,81.912,105.86,131.04,135.18
459,142.28,103.51,130.36,153.84,169.58
459.02,121.27,81.312,113.46,133.44,144.48
459.04,132.01,92.312,117.41,134.64,156.28
459.06,121.46,79.112,110.46,128.44,140.08
459.08,139.32,96.812,121.96,148.84,153.48
459.11,127.05,92.812,115.81,139.04,150.68
459.13,134.25,93.512,113.36,146.64,154.78
459.15,119.88,76.412,107.76,128.24,132.68
459.17,133.99,94.212,120.86,147.34,164.38
459.19,117.38,75.712,104.71,130.94,137.28
459.21,125.95,89.312,111.66,135.64,143.08
459.23,119.58,78.212,108.11,123.44,134.68
459.25,125.35,82.912,114.31,132.44,135.28
459.27,116.84,78.412,106.86,127.74,136.88
459.3,128.32,94.512,105.61,135.54,150.58
459.32,120.35,85.312,106.56,127.14,140.68
459.34,125.21,89.612,111.71,134.24,144.48
459.36,124.83,88.312,119.21,143.94,146.18
459.38,126.47,91.712,108.26,129.54,146.18
459.4,119.57,77.312,106.56,122.04,132.78
459.42,126.97,87.312,108.01,128.44,144.28
459.44,111.59,72.312,107.01,118.04,132.18
459.46,123.63,87.412,110.46,139.64,142.98
459.49,118.45,76.512,108.46,128.44,138.38
459.51,124.04,87.712,110.81,132.94,144.08
459.53,117.77,84.512,105.56,122.34,130.68
459.55,127.94,98.812,116.96,135.94,142.78
459.57,117.29,71.812,101.46,125.34,135.38
459.59,127.24,84.912,111.96,133.54,143.08
459.61,115.97,81.712,103.06,125.94,132.98
459.63,128.25,88.312,110.81,135.84,144.08
459.66,115.02,77.112,107.41,129.84,137.08
459.68,122.56,85.612,107.76,135.14,139.38
459.7,115.02,82.112,104.91,117.44,136.08
459.72,126.16,88.912,106.66,139.64,146.18
459.74,114.22,76.812,104.66,119.64,135.18
459.76,124.23,85.812,111.16,133.24,141.88
459.78,112.35,74.912,99.613,117.04,131.18
459.8,124.04,86.912,110.11,131.84,138.58
459.82,117.38,88.312,109.86,122.94,142.98
459.85,118.69,84.912,100.36,124.94,132.68
459.87,114.31,76.012,104.21,129.14,134.28
459.89,120.31,85.912,111.46,128.64,141.48
459.91,115.85,78.712,100.61,119.04,130.58
459.93,132.93,94.212,121.56,142.54,156.38
459.95,113.67,75.312,104.21,116.54,128.48
459.97,121.52,83.512,110.46,134.84,137.28
459.99,109.55,69.412,98.363,113.04,124.68
460.01,122.42,84.412,105.96,136.24,141.78
460.04,117.5,81.812,107.01,130.14,134.08
460.06,120.3,87.312,105.66,126.54,135.78
460.08,112.02,79.612,106.16,121.34,132.38
460.1,122.33,90.012,106.21,128.64,140.88
460.12,109.39,72.712,104.11,118.84,121.38
460.14,122.84,86.412,102.36,132.94,136.58
460.16,108.12,79.512,101.56,118.14,124.58
460.18,119.45,85.112,107.01,127.94,142.28
460.2,106.37,75.312,100.96,114.64,127.58
460.23,154.26,128.21,156.61,182.74,190.38
460.25,110.56,77.712,103.61,125.14,132.78
460.27,122.13,91.212,108.11,125.14,138.38
460.29,109.72,76.812,102.96,109.64,127.48
460.31,129.15,101.31,123.31,140.24,145.68
460.33,106.44,81.612,101.16,113.24,116.68
460.35,112.86,80.112,105.66,118.24,130.68
460.37,106.03,81.112,99.713,116.64,122.68
460.39,117.73,85.112,103.31,125.14,134.88
460.42,107.75,77.512,105.41,118.24,133.98
460.44,114.72,82.912,103.61,125.94,134.08
460.46,110.57,78.512,104.66,118.64,132.88
460.48,114.68,84.412,98.713,122.24,129.68
460.5,107.97,70.812,103.01,115.24,125.38
460.52,115.12,79.812,101.16,121.44,127.88
460.54,107.79,80.912,98.263,116.64,128.38
460.56,114.18,85.512,101.06,119.04,134.58
460.58,105.86,72.712,102.11,116.84,120.98
460.6,121.61,90.112,112.66,139.34,141.18
460.63,106.88,78.612,100.11,118.24,124.88
460.65,116.13,90.512,106.56,124.64,134.68
460.67,103.8,76.412,98.663,114.64,117.98
460.69,110.65,80.012,99.113,118.34,133.18
460.71,113.02,87.912,110.66,125.74,130.08
460.73,117.67,83.212,108.41,129.64,140.18
460.75,103.17,70.712,94.913,121.04,128.08
460.77,113.34,81.312,98.163,121.64,133.88
460.79,106.5,73.712,101.61,113.04,124.88
460.81,112.41,80.812,98.363,121.94,126.98
460.83,104.15,71.112,99.463,114.14,123.98
460.86,110.18,76.212,102.41,127.04,137.18
460.88,105.64,71.512,98.213,114.54,123.28
460.9,113.46,83.112,101.16,124.84,121.98
460.92,101.69,68.712,94.513,108.84,121.78
460.94,120.58,97.012,114.36,133.74,145.88
460.96,104.82,68.412,95.263,119.84,114.88
460.98,114.48,82.612,108.36,128.54,134.38
461,114.22,86.412,112.91,118.14,135.48
461.02,107.24,76.212,99.213,112.74,129.78
461.05,105.75,82.812,102.41,117.14,126.28
461.07,132.83,108.11,133.46,153.84,161.78
461.09,98.928,70.412,96.313,111.74,118.08
461.11,119.86,93.512,110.01,138.34,146.28
461.13,100.76,74.412,92.663,112.64,114.98
461.15,107.78,77.512,96.463,111.64,118.28
461.17,101.76,70.712,94.763,108.24,120.38
461.19,108.48,74.512,97.213,117.54,123.58
461.21,99.468,71.812,99.063,108.44,122.28
461.23,105.99,75.512,97.163,117.24,123.18
461.25,94.518,68.412,92.263,103.14,113.28
461.27,106.25,75.012,97.613,114.84,124.08
461.3,104.9,81.912,101.16,117.64,125.28
461.32,117.13,88.212,109.86,131.74,141.08
461.34,98.958,67.812,89.113,108.74,109.68
461.36,109.18,80.112,98.563,119.64,130.18
461.38,96.858,71.612,92.763,107.54,108.78
461.4,108.91,81.212,98.513,120.94,126.38
461.42,97.048,71.012,90.163,104.74,113.48
461.44,106.04,83.612,98.813,118.04,129.18
461.46,96.608,71.912,86.213,107.74,110.98
461.48,106.53,79.112,93.013,110.84,126.08
461.5,93.078,67.512,91.113,107.54,110.48
461.53,105.2,77.212,97.113,119.04,128.28
461.55,98.958,67.512,94.963,106.74,116.48
461.57,99.518,79.412,89.463,106.14,121.38
461.59,95.458,73.212,92.663,108.94,122.18
461.61,104.26,82.212,99.713,118.44,126.78
461.63,93.328,70.112,86.913,102.44,112.48
461.65,106.35,81.212,97.613,119.24,122.78
461.67,96.638,74.012,89.863,107.34,117.78
461.69,106.42,85.712,95.863,118.74,124.58
461.71,98.168,76.812,94.813,110.14,115.88
461.74,105.83,76.912,94.813,111.34,123.98
461.76,94.418,69.712,87.463,100.94,115.08
461.78,107.26,78.312,95.863,117.54,123.58
461.8,106.56,80.912,105.16,129.04,130.98
461.82,99.548,75.912,89.663,110.14,121.68
461.84,100.32,76.312,101.16,114.74,123.68
461.86,103.88,79.912,100.66,116.34,122.68
461.88,96.438,68.612,94.663,107.44,121.08
461.9,100.71,71.312,92.913,114.24,117.78
461.92,99.948,79.412,102.56,120.54,127.18
461.94,102.87,79.212,94.513,119.84,124.78
461.96,95.988,69.412,86.163,103.04,117.08
461.99,104.48,77.412,92.163,116.64,124.68
462.01,95.418,71.712,87.713,106.24,109.78
462.03,104.65,81.612,92.913,117.54,131.28
462.05,92.928,70.112,87.113,103.04,116.28
462.07,99.048,76.012,88.213,113.84,114.28
462.09,94.718,67.012,90.313,108.04,120.08
462.11,103.24,81.312,92.213,112.84,124.38
462.13,93.908,69.112,88.513,100.04,108.38
462.15,101.78,76.512,94.713,111.04,122.88
462.17,93.608,68.912,94.263,107.24,110.88
462.19,101.54,74.412,90.613,111.74,125.58
462.21,90.708,71.312,87.663,105.54,110.68
462.23,102.24,81.012,91.413,111.94,116.08
462.25,97.738,71.312,90.313,109.84,112.78
462.28,101.4,81.912,92.063,106.54,116.78
462.3,92.988,74.512,96.363,105.74,119.08
462.32,102.97,78.312,94.563,111.24,120.28
462.34,98.798,80.812,101.86,113.84,122.38
462.36,105.66,84.312,94.413,122.44,122.88
462.38,96.758,74.012,93.563,107.54,116.48
462.4,104.36,84.312,94.313,117.74,121.68
462.42,93.028,72.612,87.413,100.14,107.88
462.44,102.04,75.712,97.063,111.44,118.08
462.46,94.558,70.812,90.263,102.14,118.38
462.48,101.49,80.312,93.213,114.84,121.18
462.5,90.718,74.212,91.213,98.137,105.78
462.52,104.3,79.612,91.763,115.74,121.08
462.55,105.28,84.312,108.46,125.44,136.58
462.57,100.22,78.112,93.963,112.34,119.28
462.59,92.708,72.612,84.363,101.54,110.48
462.61,104.59,79.012,99.463,120.34,124.58
462.63,94.118,67.712,90.813,110.54,109.88
462.65,98.518,79.812,88.163,114.44,121.78
462.67,101.22,82.512,101.51,116.84,126.38
462.69,100.18,73.812,91.013,109.04,118.58
462.71,91.048,71.612,85.963,110.24,104.58
462.73,107.84,87.512,103.86,125.94,135.28
462.75,94.978,76.612,87.513,107.54,110.38
462.77,103.98,82.312,95.413,119.94,120.48
462.79,98.808,78.212,98.863,111.04,120.98
462.81,103.8,89.512,100.31,118.04,125.18
462.84,91.778,70.612,84.863,103.44,118.38
462.86,101.49,82.612,93.913,115.84,125.08
462.88,89.338,66.012,86.663,98.037,111.58
462.9,108.19,96.012,100.56,124.84,128.18
462.92,93.728,75.812,88.913,106.14,113.08
462.94,99.928,80.012,91.063,112.44,122.48
462.96,94.268,75.412,86.813,108.64,114.48
462.98,100.09,86.112,93.763,106.14,126.48
463,91.078,74.112,91.413,100.34,113.18
463.02,240.37,266.61,189.31,201.54,337.68
463.04,95.918,78.312,101.86,110.74,121.18
463.06,98.178,82.412,90.263,112.44,116.98
463.08,89.468,69.712,86.513,97.537,112.38
463.1,103.12,85.312,97.663,117.44,123.28
463.13,91.978,75.812,89.713,111.04,117.18
463.15,98.168,77.412,89.063,113.84,118.28
463.17,93.038,75.512,86.463,104.74,112.18
463.19,95.668,75.912,89.113,108.24,117.88
463.21,91.188,74.912,85.563,101.64,115.18
463.23,97.318,77.412,94.113,112.44,117.68
463.25,84.998,72.012,82.263,103.24,104.88
463.27,99.168,80.812,95.263,113.04,123.78
463.29,88.528,66.812,87.013,108.04,101.48
463.31,95.288,74.912,93.513,104.14,116.28
463.33,88.408,71.012,84.713,100.94,104.98
463.35,99.638,79.112,91.963,111.54,115.98
463.37,89.688,64.912,80.463,102.24,109.38
463.39,93.458,79.312,85.063,108.54,116.28
463.41,85.388,70.312,81.313,94.737,103.28
463.43,101.05,87.012,93.613,115.74,116.78
463.45,90.018,72.412,88.013,107.04,108.68
463.48,100.17,80.512,94.163,111.64,119.38
463.5,92.378,72.712,89.963,107.54,114.68
463.52,97.988,83.612,94.013,111.04,121.18
463.54,88.788,68.212,81.463,101.74,113.88
463.56,97.468,80.712,90.263,112.44,118.28
463.58,87.648,66.712,84.313,104.74,105.98
463.6,96.248,79.812,85.713,109.64,114.88
463.62,88.568,68.712,89.263,103.24,107.68
463.64,107.6,86.412,102.46,122.94,136.88
463.66,85.748,66.212,85.163,105.54,111.68
463.68,98.988,79.612,90.113,109.04,113.28
463.7,87.798,69.812,85.713,102.34,106.78
463.72,95.588,82.412,86.763,105.14,112.78
463.74,85.998,66.312,80.963,95.337,103.58
463.76,95.038,72.812,90.113,107.64,110.38
463.78,82.228,65.912,80.913,103.04,100.98
463.81,94.738,85.012,88.113,111.04,116.08
463.82,86.848,68.912,85.513,103.44,108.68
463.85,114.26,98.612,115.31,132.54,145.88
463.87,90.918,74.512,91.813,104.94,112.28
463.89,96.288,74.612,87.813,115.04,117.58
463.91,84.188,68.412,81.813,99.837,106.98
463.93,100.11,83.112,96.613,123.84,121.28
463.95,85.218,64.012,83.513,98.737,102.48
463.97,97.938,80.512,94.063,118.94,126.08
463.99,83.608,71.412,83.563,101.64,103.88
464.01,94.958,76.912,93.163,115.04,113.78
464.03,82.528,69.012,78.963,91.237,103.78
464.05,89.328,76.912,86.313,106.84,109.98
464.07,81.268,61.712,85.663,95.737,100.78
464.09,92.418,73.012,87.713,107.14,111.08
464.11,83.848,70.912,82.413,95.037,101.38
464.13,92.248,80.212,88.713,107.54,112.18
464.15,86.168,73.112,87.513,99.937,119.48
464.17,91.688,77.512,84.663,100.54,107.48
464.19,84.438,75.412,81.413,99.837,99.884
464.21,93.048,74.312,86.263,103.44,108.98
464.24,83.588,69.812,83.813,102.84,101.58
464.26,94.848,76.012,89.413,109.44,122.28
464.28,79.458,67.612,82.463,94.337,103.68
464.3,92.298,74.012,86.263,104.24,106.68
464.32,84.628,72.612,84.963,96.637,101.58
464.34,92.968,79.012,85.763,110.94,120.08
464.36,84.538,72.312,82.563,94.237,103.48
464.38,91.238,85.512,87.063,107.84,115.18
464.4,89.598,73.912,94.963,108.84,110.28
464.42,90.058,76.012,86.013,109.84,116.48
464.44,81.428,64.012,79.913,97.537,94.784
464.46,88.968,73.612,83.413,104.44,112.88
464.48,81.318,70.212,80.363,91.637,100.08
464.5,90.448,75.012,81.413,100.14,110.08
464.52,77.938,66.912,78.563,96.237,93.984
464.54,97.018,85.712,94.413,122.24,123.48
464.56,82.548,71.312,81.563,89.137,105.58
464.58,91.368,77.012,87.313,111.94,106.38
464.6,81.098,65.212,81.463,92.937,102.58
464.62,90.448,74.312,83.413,107.04,107.48
464.64,79.778,69.312,81.163,92.437,106.28
464.67,91.668,82.512,90.713,113.64,112.28
464.69,80.708,63.212,80.413,92.437,100.08
464.71,90.338,80.712,82.663,106.54,109.38
464.73,82.218,66.612,83.663,98.837,110.08
464.75,88.778,73.512,86.013,102.74,109.28
464.77,85.148,74.312,83.313,100.54,110.88
464.79,91.178,76.712,87.163,104.74,108.98
464.81,83.108,67.812,83.363,99.737,105.38
464.83,88.958,76.012,82.763,105.34,111.78
464.85,79.898,66.012,78.863,91.637,104.78
464.87,88.548,76.212,86.713,106.54,106.38
464.89,81.898,69.812,83.313,104.84,105.38
464.91,127.8,121.41,137.31,161.74,166.78
464.93,85.688,76.312,84.913,98.337,108.18
464.95,92.088,81.112,83.763,103.94,111.48
464.97,89.038,81.212,94.313,108.34,111.48
464.99,91.948,88.612,88.913,107.94,114.38
465.01,82.908,72.212,85.513,100.74,103.88
465.03,90.778,76.212,83.413,108.04,121.78
465.05,85.568,68.412,80.013,101.44,107.08
465.07,93.248,79.112,84.713,110.04,118.08
465.09,92.098,85.012,91.213,112.24,118.08
465.11,90.578,78.012,83.913,104.84,112.28
465.13,91.868,81.812,97.663,105.14,117.98
465.15,100.43,95.112,105.36,126.84,125.08
465.17,80.938,69.012,75.913,92.537,101.58
465.19,95.458,86.612,89.063,114.24,112.98
465.21,79.498,68.512,76.112,93.337,102.08
465.24,91.908,80.812,80.963,112.64,107.28
465.26,79.078,62.812,77.313,92.337,94.884
465.28,90.798,76.212,83.813,104.94,108.48
465.3,78.728,70.612,77.963,97.437,101.58
465.32,88.628,74.512,83.013,104.14,109.58
465.34,80.668,71.512,82.613,96.437,99.384
465.36,89.708,77.512,85.313,103.64,108.58
465.38,80.748,68.412,74.263,93.537,101.98
465.4,89.078,78.412,87.413,99.837,116.28
465.42,85.208,73.512,81.663,100.34,103.68
465.44,89.488,78.012,84.863,103.74,110.38
465.46,81.408,73.212,81.213,95.337,104.58
465.48,90.468,79.912,86.363,101.84,114.28
465.5,81.348,75.512,83.363,98.037,103.68
465.52,87.808,78.012,86.663,103.84,109.18
465.54,80.088,71.312,76.863,96.737,101.68
465.56,96.138,87.712,101.76,112.74,116.58
465.58,78.768,67.212,77.713,93.837,98.284
465.6,106.26,103.21,107.31,128.34,141.18
465.62,79.608,69.912,78.063,92.037,104.08
465.64,88.918,81.312,88.463,104.04,113.58
465.66,80.138,65.912,79.813,99.637,106.38
465.68,91.038,75.112,84.213,103.44,111.48
465.7,79.948,66.712,76.913,88.037,100.08
465.72,94.508,83.412,95.763,115.74,113.38
465.74,77.908,67.912,77.263,92.137,100.68
465.76,84.818,77.612,85.163,97.537,109.88
465.78,75.678,62.412,77.063,94.437,91.284
465.8,88.148,75.612,77.413,98.337,111.58
465.82,76.808,65.612,78.413,100.74,94.184
465.84,87.298,78.212,76.863,104.74,109.08
465.86,76.928,61.312,75.713,95.037,100.88
465.88,84.228,76.112,83.663,99.537,109.38
465.9,77.518,67.712,73.663,87.837,95.484
465.93,87.008,78.112,81.763,104.84,109.98
465.94,77.848,64.612,74.963,91.237,99.484
465.96,87.708,74.912,80.213,103.04,102.38
465.99,73.688,71.912,72.963,82.837,101.58
466.01,81.438,65.512,78.463,99.837,102.48
466.03,86.848,79.712,93.913,98.937,108.88
466.05,84.898,71.212,80.313,99.337,101.08
466.07,75.718,65.912,73.963,90.237,97.284
466.09,84.478,75.212,82.513,95.137,105.28
466.11,86.728,83.412,96.163,105.84,114.58
466.13,84.018,75.712,84.013,96.737,104.38
466.15,76.738,65.112,79.713,92.137,96.684
466.17,81.398,73.612,80.713,90.437,102.78
466.19,77.098,72.912,76.213,91.837,96.184
466.21,82.218,75.812,82.413,100.64,99.984
466.23,73.378,62.312,75.563,89.237,92.884
466.25,80.788,72.612,78.813,93.937,105.28
466.27,77.898,69.712,80.313,96.937,106.28
466.29,82.108,71.912,82.863,104.24,105.98
466.31,75.908,70.012,82.163,93.237,98.684
466.33,84.988,75.212,79.813,102.14,106.98
466.35,76.568,69.012,73.463,94.037,92.984
466.37,81.588,77.712,78.613,104.74,107.88
466.39,76.688,75.412,75.963,95.437,92.684
466.41,86.098,74.912,78.413,97.337,103.68
466.43,71.148,66.312,71.862,83.337,90.984
466.45,83.158,68.812,74.362,103.94,98.384
466.47,84.108,75.712,89.563,105.84,105.08
466.49,83.358,79.012,90.213,102.04,99.684
466.51,73.608,62.112,73.563,90.937,87.384
466.53,81.018,70.412,75.063,95.937,100.58
466.55,81.298,76.312,89.013,97.837,103.88
466.57,80.228,64.312,80.913,101.64,106.68
466.59,74.288,65.412,75.862,88.737,99.584
466.61,80.818,72.312,79.013,91.537,111.18
466.63,73.328,65.312,73.862,94.037,94.384
466.65,81.088,74.812,74.362,97.037,101.68
466.67,74.568,65.012,77.613,91.337,99.884
466.69,80.078,75.012,76.663,100.84,100.48
466.71,74.708,65.412,77.163,94.637,98.884
466.73,80.518,71.712,77.163,100.74,93.084
466.75,69.468,59.912,70.513,88.237,83.184
466.77,89.438,90.812,88.763,108.94,122.28
466.79,75.188,69.212,71.663,88.737,96.384
466.81,81.288,77.212,77.513,104.64,105.38
466.83,73.008,63.512,71.313,83.037,94.284
466.85,82.758,73.412,78.413,93.237,106.48
466.87,72.388,59.512,72.413,86.337,81.884
466.89,79.878,67.912,76.063,92.437,105.28
466.91,73.058,65.712,73.513,89.037,94.384
466.93,79.498,70.812,82.813,91.237,108.08
466.95,75.898,69.612,80.463,95.137,93.984
466.97,81.258,70.012,75.163,101.64,98.284
466.99,77.028,69.612,77.663,91.937,98.784
467.01,85.848,72.712,78.213,103.64,103.08
467.03,76.538,69.912,82.863,98.137,99.184
467.05,81.688,73.712,77.663,96.437,104.48
467.07,76.208,69.112,79.313,87.337,99.284
467.09,82.248,83.112,82.363,97.637,103.08
467.11,73.658,66.812,74.463,88.737,105.28
467.13,83.758,77.812,80.663,96.937,106.28
467.15,72.748,69.112,73.263,84.937,93.384
467.17,84.698,82.212,82.913,99.137,102.98
467.19,75.838,70.412,73.112,91.537,91.484
467.21,85.218,79.912,83.863,100.64,110.38
467.23,74.618,61.612,71.362,87.737,92.884
467.25,85.428,79.012,85.263,107.74,109.18
467.27,73.898,73.012,78.413,91.837,98.984
467.29,81.938,73.112,80.413,107.84,104.28
467.31,73.028,61.812,71.362,84.837,98.284
467.33,85.278,76.912,79.113,99.537,104.38
467.35,74.688,68.212,75.963,89.937,94.684
467.37,80.078,72.212,79.063,98.637,107.98
467.39,71.388,67.012,75.263,90.637,94.284
467.41,79.448,77.612,77.813,103.94,96.484
467.43,68.558,64.112,74.213,78.237,92.684
467.45,80.918,75.012,78.813,100.24,108.48
467.47,80.628,79.812,85.963,98.837,112.08
467.49,87.048,80.012,81.463,105.84,112.28
467.51,70.688,64.112,74.963,88.037,91.584
467.53,80.098,76.512,75.763,98.837,104.48
467.55,78.098,74.812,78.063,93.437,102.58
467.57,79.638,80.812,77.113,96.137,103.58
467.59,74.468,69.312,74.563,89.637,102.28
467.61,81.908,82.712,79.113,100.94,100.08
467.63,70.428,65.912,73.913,89.937,90.184
467.65,81.438,80.912,79.863,102.24,104.38
467.67,74.568,68.712,78.613,94.737,91.684
467.69,80.798,75.512,75.513,97.937,101.28
467.71,81.508,79.612,89.013,103.34,110.38
467.73,81.908,84.212,76.713,96.637,103.98
467.75,77.908,71.312,77.163,92.837,94.484
467.77,79.828,73.412,75.963,100.84,99.584
467.79,75.318,72.012,82.513,97.637,101.38
467.81,89.158,88.512,88.963,107.94,112.08
467.83,75.758,68.612,76.112,93.637,91.684
467.85,79.668,76.312,80.913,94.537,100.78
467.87,82.408,79.012,91.413,107.34,105.68
467.89,85.058,79.712,83.813,99.337,106.78
467.91,76.268,64.712,78.713,91.837,94.584
467.93,79.558,77.612,73.413,92.137,100.58
467.95,77.178,77.012,86.313,93.937,107.48
467.97,91.138,86.612,91.263,113.74,116.18
467.99,72.918,69.312,70.862,94.537,97.484
468.01,79.698,76.012,79.213,97.637,101.38
468.03,69.978,68.112,70.862,87.337,88.784
468.05,80.198,79.412,73.713,94.637,94.484
468.07,72.098,65.812,70.862,89.537,92.784
468.09,86.018,87.712,90.763,110.34,114.48
468.11,69.108,66.112,70.362,90.337,97.784
468.13,79.298,75.712,77.463,100.54,104.08
468.15,69.738,64.412,70.612,85.837,92.584
468.17,83.748,82.412,82.363,104.44,105.08
468.19,70.718,69.912,74.612,89.437,92.584
468.21,87.208,85.912,91.513,114.84,112.18
468.23,69.838,66.312,74.263,88.737,96.784
468.25,86.018,84.112,90.463,112.24,115.38
468.27,81.038,78.912,87.613,97.337,107.08
468.29,79.958,76.612,78.263,95.637,107.98
468.31,71.058,63.012,74.713,90.737,93.784
468.33,78.708,74.612,74.963,97.637,100.68
468.35,69.828,66.112,69.663,85.437,91.584
468.37,80.758,75.512,77.663,102.14,99.684
468.39,71.608,69.412,71.563,93.137,91.284
468.41,79.458,75.612,81.913,99.837,98.584
468.43,70.988,70.812,79.413,88.137,89.084
468.45,76.308,72.312,71.763,95.837,94.684
468.47,69.148,58.612,68.263,87.737,91.184
468.49,86.348,85.012,90.513,101.84,113.98
468.51,71.788,68.312,76.813,92.237,92.384
468.53,77.368,69.312,72.763,95.137,99.884
468.55,71.758,71.012,77.613,87.637,88.484
468.57,79.248,69.812,77.263,97.537,98.284
468.59,69.888,66.812,69.313,86.837,91.284
468.61,79.368,83.212,78.663,99.837,106.28
468.63,71.248,73.112,71.013,83.437,96.084
468.65,77.758,75.012,72.563,95.937,97.784
468.67,70.278,66.612,75.963,87.437,92.484
468.69,78.128,71.512,75.413,93.737,100.98
468.71,66.478,63.112,68.163,85.637,87.084
468.73,80.328,75.212,74.063,97.837,94.584
468.75,68.948,69.812,71.112,87.237,88.984
468.77,78.178,80.212,70.713,94.037,97.384
468.79,73.398,71.812,79.863,91.137,96.984
468.81,78.828,74.412,74.513,90.737,100.48
468.83,65.868,62.512,70.463,88.637,84.784
468.85,79.298,77.612,79.513,95.337,107.98
468.87,70.698,68.612,71.413,90.537,88.384
468.88,75.968,72.412,71.663,95.637,99.984
468.9,70.518,67.512,71.513,86.237,95.984
468.93,87.688,88.312,89.963,104.64,111.68
468.94,76.648,78.512,75.313,92.137,97.684
468.96,85.908,81.812,84.563,109.54,117.28
468.98,77.818,82.512,87.163,102.74,106.68
469,77.308,73.212,74.813,90.437,101.28
469.02,68.228,64.012,68.813,78.237,93.184
469.04,78.118,81.112,76.612,99.937,98.384
469.06,69.448,72.812,72.612,91.637,94.784
469.08,86.538,85.112,87.213,104.24,110.88
469.1,67.818,65.912,71.963,91.737,82.384
469.12,76.648,73.312,74.063,97.437,94.484
469.14,72.748,71.212,73.263,100.24,96.684
469.16,76.538,73.112,75.763,94.537,98.084
469.18,81.388,80.812,86.563,97.637,101.78
469.2,79.748,75.612,76.213,99.737,99.484
469.22,65.838,64.712,71.063,86.037,80.984
469.24,78.868,78.312,76.663,99.037,98.084
469.26,70.498,73.012,72.513,87.137,95.984
469.28,79.748,78.312,78.313,97.937,102.38
469.3,74.098,74.312,74.963,97.137,99.084
469.32,81.168,80.012,77.063,100.74,105.38
469.34,69.968,69.012,73.463,84.637,93.384
469.36,74.838,75.612,74.313,97.837,96.284
469.38,71.888,72.412,72.513,90.437,91.884
469.4,77.198,78.412,69.413,95.237,99.884
469.42,68.498,60.312,70.663,86.037,89.984
469.44,79.968,78.012,79.163,96.437,97.784
469.46,68.948,65.912,70.713,94.837,90.684
469.48,77.528,75.112,73.112,93.737,94.884
469.5,70.448,68.912,73.862,90.137,93.484
469.52,76.978,73.012,74.463,96.537,99.884
469.54,67.888,65.712,68.713,79.537,89.784
469.56,77.828,74.812,73.612,94.337,97.084
469.57,72.798,65.412,75.013,86.937,95.984
469.6,77.148,77.312,78.263,94.537,101.48
469.61,70.288,74.012,74.362,86.737,90.884
469.63,76.288,70.912,73.213,89.837,98.984
469.65,63.048,64.512,70.362,83.637,80.484
469.67,74.388,71.812,79.963,97.137,103.68
469.69,68.158,63.512,69.163,83.937,87.684
469.71,82.798,82.512,80.113,99.837,101.18
469.73,77.818,73.712,84.363,94.437,107.58
469.75,81.498,89.512,78.913,101.34,111.58
469.77,64.908,64.812,70.112,93.237,93.184
469.79,81.088,81.812,82.013,99.237,107.38
469.81,69.368,66.112,69.513,83.837,88.284
469.83,87.798,85.512,88.813,113.94,110.28
469.85,67.688,62.212,66.313,88.337,91.684
469.87,73.888,72.512,74.013,86.537,98.684
469.89,67.118,61.412,65.763,79.737,90.184
469.91,78.738,74.112,74.913,93.637,97.884
469.93,69.548,68.012,73.163,90.837,91.084
469.95,77.398,71.612,71.913,97.637,96.584
469.97,69.688,69.112,74.862,88.337,92.884
469.99,78.668,77.612,73.013,101.94,100.58
470.01,71.348,75.712,70.612,88.137,89.284
470.03,77.688,79.712,78.513,95.537,97.084
470.05,80.668,86.912,85.513,103.74,107.18
470.07,81.458,79.812,80.463,105.04,104.78
470.08,70.308,72.112,69.362,89.237,90.384
470.11,87.768,89.512,88.063,103.34,110.18
470.13,70.158,69.112,69.713,82.037,94.084
470.14,80.518,74.112,70.612,97.137,101.08
470.16,70.818,69.012,69.263,86.637,95.084
470.18,81.688,84.512,78.813,103.54,111.08
470.2,70.598,68.412,73.663,86.737,96.184
470.22,81.058,77.812,77.313,100.94,109.98
470.24,66.938,68.712,68.663,85.837,88.884
470.26,78.958,82.612,76.963,95.837,103.68
470.28,72.068,72.512,66.563,94.237,95.684
470.3,80.108,80.112,75.362,101.44,106.58
470.32,104.19,116.81,123.11,139.54,152.68
470.34,79.618,82.612,81.863,97.837,97.184
470.36,68.248,69.612,71.913,89.237,85.784
470.38,80.868,77.912,74.013,97.637,102.58
470.4,70.478,70.312,71.713,86.637,93.584
470.42,82.608,82.112,75.513,103.84,103.48
470.44,70.338,66.812,69.963,85.237,93.684
470.46,79.408,80.312,77.113,98.537,97.184
470.48,79.368,83.212,80.363,96.737,101.98
470.5,80.498,76.612,78.413,98.237,99.884
470.51,69.768,68.112,73.413,87.437,91.284
470.54,84.788,83.112,71.713,103.74,107.98
470.55,79.428,80.412,83.713,104.74,107.88
470.57,82.078,79.312,76.913,105.84,96.884
470.59,83.638,83.612,84.263,105.04,109.08
470.61,79.838,78.312,71.763,93.437,109.98
470.63,75.268,74.012,71.013,94.537,97.484
470.65,83.848,82.912,78.113,101.84,104.08
470.67,72.158,75.512,69.413,95.637,93.984
470.69,78.308,80.712,73.763,97.637,102.48
470.71,80.218,81.812,85.813,104.24,105.88
470.73,81.198,81.112,78.163,96.937,106.08
470.75,78.758,79.912,84.413,107.24,102.78
470.77,79.658,81.812,80.763,102.94,104.68
470.79,72.788,74.412,73.813,98.737,101.78
470.81,76.548,78.212,76.362,96.637,101.08
470.83,72.168,72.012,77.313,90.137,88.584
470.85,79.248,83.612,76.663,96.737,100.68
470.87,70.978,70.212,69.713,83.737,92.884
470.89,77.898,80.112,79.663,103.04,107.78
470.9,69.708,70.012,74.612,96.437,86.484
470.93,82.388,85.512,82.513,98.737,110.38
470.94,70.868,66.712,67.763,91.037,87.084
470.96,87.428,88.612,88.613,112.34,110.98
470.98,72.258,72.712,74.362,95.237,98.184
471,81.318,85.312,75.362,95.337,100.98
471.02,76.798,79.012,82.113,101.84,108.88
471.04,79.758,80.612,78.813,92.837,99.284
471.06,67.898,65.212,69.763,82.237,90.384
471.08,77.358,79.612,78.913,94.537,104.78
471.1,80.788,86.512,88.313,109.54,111.78
471.12,78.008,78.612,73.913,98.437,99.184
471.14,70.818,74.212,74.563,86.137,84.784
471.16,81.148,84.512,75.513,98.837,96.284
471.18,68.038,70.112,70.313,88.937,90.284
471.2,74.228,74.512,73.713,92.637,95.784
471.22,69.078,69.812,72.313,81.937,84.884
471.24,78.018,77.612,78.713,91.537,96.484
471.25,67.878,70.312,72.413,94.937,91.884
471.27,77.648,81.312,79.813,98.137,99.084
471.29,75.818,77.312,76.813,98.237,98.784
471.31,74.838,76.812,76.313,94.637,98.984
471.33,81.128,82.512,86.213,109.44,112.78
471.35,79.558,83.612,78.063,100.74,103.88
471.37,66.858,69.912,68.563,85.337,86.684
471.39,76.928,74.712,76.063,99.437,107.28
471.41,65.778,65.712,69.213,85.437,96.384
471.43,76.198,75.912,76.263,95.837,100.68
471.45,75.978,81.712,81.163,94.037,102.08
471.47,77.388,79.212,75.112,102.94,106.48
471.49,65.968,68.012,70.463,87.037,90.384
471.51,74.548,75.512,71.663,93.037,95.884
471.53,66.558,66.612,73.163,91.437,91.684
471.55,76.478,80.712,80.413,96.337,98.984
471.56,69.268,69.512,71.213,86.537,89.784
471.58,76.128,76.112,72.063,98.237,97.484
471.6,70.018,69.012,68.862,90.437,85.684
471.62,75.458,74.212,74.013,102.64,99.584
471.64,71.898,76.212,72.862,94.237,93.584
471.66,78.868,79.612,79.263,99.937,103.18
471.68,66.698,65.112,65.563,87.037,91.884
471.7,72.398,75.412,72.763,96.737,99.984
471.72,66.828,74.412,69.163,90.037,89.884
471.74,78.408,78.612,74.963,97.837,100.68
471.76,63.448,67.312,70.263,90.237,83.684
471.78,75.028,75.612,79.413,95.237,95.684
471.8,77.268,81.012,83.013,100.24,101.88
471.82,71.988,70.712,70.213,91.737,93.484
471.83,66.768,67.212,73.413,87.237,86.484
471.85,74.468,76.112,74.362,97.037,98.984
471.87,67.178,69.912,71.763,88.337,87.384
471.89,77.938,76.012,75.163,96.237,105.48
471.91,66.458,69.012,70.862,84.137,92.484
471.93,77.938,77.512,79.763,101.14,91.984
471.95,74.978,84.312,82.413,94.637,104.58
471.97,75.578,73.812,77.213,104.44,100.78
471.99,67.928,64.912,73.213,86.237,99.884
472.01,74.618,79.012,75.763,103.34,97.584
472.03,67.748,69.612,74.013,89.437,94.084
472.05,71.878,74.412,68.463,92.637,91.184
472.07,67.058,77.812,72.463,96.137,93.284
472.09,76.278,75.112,76.263,95.437,94.284
472.11,68.088,74.412,69.313,88.137,94.484
472.12,73.188,76.112,73.763,95.237,98.184
472.14,67.208,72.912,71.963,81.037,90.484
472.16,76.198,82.412,73.663,100.54,96.984
472.18,68.798,69.012,71.163,93.637,89.484
472.2,81.348,85.712,85.513,103.34,112.78
472.22,66.608,68.112,68.112,89.337,87.784
472.24,76.148,75.912,77.413,96.637,103.58
472.26,75.068,78.112,83.063,97.737,99.784
472.28,83.688,86.212,87.113,108.94,111.48
472.3,66.398,64.912,68.713,88.337,88.684
472.32,75.158,81.312,74.713,98.337,98.784
472.34,63.038,65.412,71.163,86.237,88.884
472.36,73.848,80.112,74.263,99.737,97.184
472.37,63.808,69.412,69.313,89.337,89.484
472.39,74.888,75.312,71.013,100.84,98.284
472.41,63.278,71.112,69.513,79.237,90.884
472.43,75.688,75.212,75.313,91.037,103.98
472.45,63.878,65.912,67.862,81.937,82.284
472.47,74.418,79.612,74.213,97.337,92.884
472.49,67.528,73.712,75.362,89.337,89.084
472.51,75.478,77.012,72.013,101.74,97.184
472.53,61.558,68.912,66.313,77.837,80.684
472.55,72.898,73.012,76.163,93.637,93.684
472.57,65.258,63.512,71.362,84.137,83.584
472.58,79.078,83.312,77.313,103.74,102.08
472.61,66.198,74.612,71.862,87.337,87.084
472.62,73.868,72.112,77.813,99.437,96.284
472.64,65.838,70.812,72.713,91.737,91.384
472.66,73.798,75.612,73.513,100.74,98.484
472.68,64.708,67.712,69.112,80.937,84.784
472.7,70.068,71.812,69.663,88.137,91.484
472.72,65.438,67.512,72.163,84.437,91.284
472.74,69.158,70.912,72.112,91.137,93.184
472.76,65.898,67.712,71.013,86.237,92.784
472.78,69.218,77.312,68.313,92.337,94.084
472.8,63.818,66.212,69.862,87.137,85.284
472.81,74.718,75.812,75.513,93.537,99.184
472.83,66.098,71.912,70.513,92.837,95.084
472.85,72.188,75.112,70.463,92.637,94.884
472.87,65.198,73.912,70.813,91.837,84.184
472.89,81.188,87.412,85.763,106.84,111.38
472.91,63.488,69.612,68.213,86.637,86.484
472.93,73.068,76.812,70.813,92.737,97.284
472.95,60.808,62.412,68.362,84.637,83.984
472.97,71.638,79.812,70.463,93.637,92.784
472.99,62.468,68.812,69.713,79.337,86.984
473.01,71.328,73.312,73.463,91.837,95.584
473.03,61.428,66.912,65.563,84.037,87.184
473.05,82.338,88.712,88.513,110.64,109.28
473.06,64.968,69.212,71.263,84.937,92.484
473.08,72.828,77.512,70.112,97.537,95.584
473.1,66.348,59.712,72.563,88.237,83.684
473.12,81.578,90.312,83.913,104.54,103.48
473.14,62.528,62.212,66.413,93.037,86.184
473.16,74.038,72.912,76.663,101.94,96.984
473.18,62.398,63.412,68.612,87.837,88.484
473.2,80.568,91.912,82.213,109.84,104.98
473.22,65.408,69.812,69.513,88.137,93.484
473.24,81.448,86.612,89.363,99.637,106.98
473.25,80.128,89.912,91.663,108.64,108.78
473.27,74.098,82.012,72.663,102.04,96.184
473.29,76.408,83.212,80.563,104.44,100.78
473.31,68.638,69.212,71.413,88.937,95.084
473.33,62.928,66.212,66.413,84.937,85.384
473.35,83.978,90.612,89.063,112.84,114.48
473.37,78.808,96.312,90.863,110.34,110.38
473.39,79.618,86.312,83.813,105.14,110.68
473.41,61.168,65.712,65.763,84.337,89.684
473.43,79.568,83.212,87.563,106.14,113.38
473.44,63.258,67.812,70.163,80.537,88.984
473.46,72.898,77.412,71.063,92.637,96.884
473.48,66.468,75.212,74.862,99.437,100.28
473.5,70.968,74.312,74.813,93.837,99.384
473.52,65.598,65.512,69.612,82.937,89.384
473.54,73.578,73.812,73.913,98.137,99.984
473.56,66.048,75.212,73.963,83.237,89.584
473.58,84.498,87.712,86.163,106.84,114.48
473.6,67.808,67.212,75.163,92.237,93.184
473.62,74.128,83.212,76.863,98.137,100.98
473.64,67.738,69.412,69.913,88.337,95.884
473.65,74.238,83.712,72.513,98.737,97.284
473.67,66.248,74.512,69.813,82.937,88.784
473.69,91.218,103.91,98.713,117.64,127.48
473.71,65.868,67.912,72.463,84.537,89.184
473.73,73.638,82.612,78.013,97.037,100.88
473.75,64.598,70.712,71.813,81.637,94.984
473.77,74.238,83.112,76.763,95.337,100.28
473.79,65.278,72.212,69.612,89.537,87.284
473.81,72.338,82.812,76.263,95.537,98.284
473.82,70.698,71.412,79.363,91.437,98.184
473.84,75.388,77.012,76.963,99.537,99.584
473.86,69.348,79.612,72.913,97.137,93.484
473.88,83.658,92.212,88.563,118.84,113.78
473.9,64.988,68.912,69.163,88.637,88.684
473.92,73.498,76.012,75.913,90.637,98.584
473.94,64.948,67.212,64.213,84.637,94.084
473.96,85.058,90.712,86.113,105.04,114.08
473.98,67.768,77.812,72.112,88.737,91.984
474,75.348,80.312,77.513,101.24,102.88
474.01,63.818,71.912,70.213,84.637,85.784
474.03,75.008,81.712,78.363,98.837,100.38
474.05,77.048,89.812,83.413,106.24,100.38
474.07,71.138,72.012,71.813,93.637,93.484
474.09,65.648,69.212,69.013,86.137,93.184
474.11,72.328,75.612,68.263,87.837,98.984
474.13,64.978,73.112,72.112,83.137,88.684
474.15,74.918,82.212,74.263,97.437,101.08
474.17,61.328,68.512,68.963,80.937,85.484
474.19,75.378,78.512,77.763,94.937,95.284
474.2,64.248,70.512,73.063,93.637,90.984
474.22,75.148,79.012,74.612,88.237,99.884
474.24,67.268,74.412,71.063,84.637,90.284
474.26,75.278,82.112,70.913,98.537,95.084
474.28,70.278,73.312,75.913,91.337,92.184
474.3,70.968,78.912,76.663,94.337,102.58
474.32,68.648,72.212,69.862,92.837,87.284
474.34,74.518,80.912,74.263,88.837,97.484
474.36,67.638,72.712,70.713,82.737,96.484
474.37,75.038,85.112,78.413,99.737,107.98
474.39,69.318,73.112,70.663,94.437,95.184
474.41,78.728,83.012,76.362,97.937,98.984
474.43,68.428,72.512,72.563,94.937,95.684
474.45,76.928,85.012,78.413,104.24,104.58
474.47,68.068,74.012,74.163,91.937,88.284
474.49,74.648,80.612,74.463,92.337,92.684
474.51,66.048,73.212,68.913,86.837,92.584
474.52,72.308,82.712,77.613,93.337,94.784
474.54,64.408,71.412,67.563,85.037,91.784
474.56,81.178,88.312,85.213,103.84,110.48
474.58,64.488,70.412,69.362,81.837,90.284
474.6,78.028,81.912,75.213,98.337,101.18
474.62,67.118,74.612,67.862,85.137,96.684
474.64,71.548,78.212,76.713,95.437,96.984
474.66,68.198,78.812,70.763,92.637,91.584
474.68,77.278,84.512,72.112,96.837,102.68
474.69,70.758,77.412,77.363,97.437,102.68
474.71,75.288,80.812,80.463,98.037,101.88
474.73,65.718,70.612,72.513,91.237,96.384
474.75,78.548,89.712,73.313,107.24,103.08
474.77,78.498,89.512,90.713,111.74,111.28
474.79,89.658,95.612,95.213,114.04,122.28
474.81,65.328,70.712,73.263,92.537,93.684
474.83,72.938,77.212,75.612,96.137,98.484
474.85,65.178,64.312,69.913,86.937,91.084
474.86,71.018,78.012,74.013,96.737,102.78
474.88,63.348,70.312,69.862,83.337,90.284
474.9,75.608,83.812,72.362,99.137,98.784
474.92,66.788,75.112,69.763,87.137,83.384
474.94,75.608,80.612,75.513,99.537,104.08
474.96,80.588,89.712,90.163,108.04,109.48
474.98,76.038,85.812,75.963,100.34,93.684
475,67.488,75.012,73.513,90.637,91.284
475.01,86.908,94.812,89.713,118.04,119.18
475.03,67.928,75.212,68.813,97.237,97.984
475.05,78.268,86.312,74.612,98.937,109.88
475.07,68.158,78.212,73.112,92.037,93.784
475.09,85.628,96.212,89.913,106.64,120.98
475.11,66.418,73.712,75.612,86.137,90.684
475.13,74.658,81.712,70.163,96.737,99.684
475.15,62.448,74.612,66.263,92.937,86.884
475.17,76.458,85.812,73.413,96.337,106.18
475.18,67.178,76.212,72.513,92.037,88.784
475.2,74.668,75.912,73.563,91.337,98.084
475.22,64.208,74.312,74.112,86.837,83.984
475.24,76.428,86.212,73.362,98.137,108.18
475.26,68.448,75.412,73.563,96.037,92.184
475.28,82.258,91.412,91.013,111.54,111.08
475.3,74.438,81.012,83.413,100.54,111.58
475.31,74.738,74.412,72.213,104.74,100.08
475.33,64.518,67.812,71.913,90.937,87.184
475.35,73.808,76.412,77.713,95.937,96.384
475.37,65.168,74.212,67.862,83.837,88.484
475.39,73.898,84.412,75.663,92.937,100.08
475.41,65.828,73.712,74.862,82.037,95.784
475.43,73.128,82.012,77.613,92.937,99.684
475.44,64.698,75.512,67.713,89.837,90.284
475.46,73.628,80.412,73.763,95.037,95.584
475.48,66.418,76.312,74.263,86.137,91.984
475.5,85.508,90.712,92.563,111.94,115.98
475.52,66.498,75.112,73.862,82.937,88.984
475.54,83.328,94.212,88.613,112.24,112.08
475.56,65.008,73.312,73.112,89.037,88.884
475.58,77.408,84.212,80.263,98.337,98.684
475.6,67.808,76.612,69.213,90.637,95.484
475.61,76.588,84.412,76.563,97.337,99.784
475.63,68.958,73.212,72.963,95.437,88.784
475.65,82.618,94.112,92.213,112.44,117.18
475.67,65.028,78.812,69.663,93.237,87.684
475.69,77.138,82.812,78.363,98.237,103.28
475.71,66.198,78.912,77.513,91.737,93.184
475.73,73.498,83.912,73.112,97.837,100.08
475.74,65.568,72.912,73.163,89.537,90.484
475.76,73.318,82.312,75.763,93.137,99.384
475.78,68.818,75.512,69.213,92.037,94.184
475.8,75.268,83.912,78.313,96.137,102.68
475.82,65.748,77.612,71.913,92.237,90.784
475.84,74.108,81.112,80.013,100.24,97.384
475.86,65.268,74.212,73.313,85.037,93.984
475.88,73.468,81.612,76.163,100.74,103.18
475.89,64.358,73.412,69.213,88.137,93.084
475.91,84.298,92.512,93.213,108.44,118.08
475.93,66.698,70.612,73.563,92.237,91.584
475.95,74.398,76.412,80.213,93.037,105.08
475.97,75.548,87.912,86.213,95.237,110.68
475.99,76.438,84.012,81.063,103.54,109.48
476,66.548,74.112,81.663,94.137,87.984
476.02,73.228,82.812,75.213,99.837,93.684
476.04,74.718,84.712,85.163,105.64,104.08
476.06,75.978,84.612,73.063,98.737,105.68
476.08,67.448,74.112,72.763,93.637,88.884
476.1,75.508,84.512,80.663,104.94,101.88
476.12,66.348,73.712,70.563,87.237,93.784
476.13,72.358,82.612,76.713,94.337,101.38
476.15,65.638,71.612,70.663,88.837,84.984
476.17,75.968,87.112,81.413,102.34,98.784
476.19,63.668,71.712,71.963,89.537,86.884
476.21,76.588,81.512,74.413,94.737,96.784
476.23,67.158,74.212,71.813,86.837,90.384
476.25,72.078,80.112,78.263,97.937,99.384
476.26,67.508,76.012,74.663,93.437,96.884
476.28,71.488,74.912,71.413,94.037,96.584
476.3,65.538,72.812,68.463,86.637,91.484
476.32,75.818,79.812,74.362,93.937,100.28
476.34,62.818,73.912,72.063,84.837,87.784
476.36,77.868,89.112,76.263,92.237,98.984
476.38,69.798,76.312,73.263,92.537,91.984
476.39,111.61,133.51,131.56,143.24,154.08
476.41,66.958,74.412,75.413,93.837,92.084
476.43,75.848,85.412,79.063,101.94,106.38
476.45,68.048,73.412,72.963,100.24,94.384
476.47,77.518,84.212,77.463,107.54,99.084
476.49,64.128,70.412,70.313,88.337,90.584
476.51,74.578,81.512,73.163,105.64,95.584
476.52,66.278,75.412,69.963,94.637,96.484
476.54,74.878,82.612,78.613,96.637,95.684
476.56,65.278,70.812,68.862,88.837,95.484
476.58,76.288,83.912,78.313,103.44,106.78
476.6,70.838,79.012,79.413,90.937,94.484
476.62,80.078,91.012,88.813,108.24,110.78
476.64,68.238,76.812,71.463,97.437,99.784
476.65,76.398,82.912,74.963,96.137,101.28
476.67,67.288,77.012,74.813,92.437,95.484
476.69,76.978,84.612,77.263,97.337,102.38
476.71,66.668,77.612,76.463,86.037,90.684
476.73,81.418,95.512,82.963,102.84,114.78
476.75,69.158,75.512,73.213,92.937,98.584
476.76,76.618,89.012,74.663,98.137,103.88
476.78,67.428,80.812,72.362,88.737,96.484
476.8,73.918,83.312,74.963,100.14,98.084
476.82,71.018,80.612,76.813,86.537,95.684
476.84,76.098,90.012,80.863,100.34,105.78
476.86,69.088,76.012,76.263,93.937,92.684
476.88,80.248,85.912,79.013,103.24,100.78
476.89,69.048,72.712,72.713,94.537,99.184
476.91,87.118,98.412,97.663,121.54,118.98
476.93,72.748,82.112,75.763,93.237,99.584
476.95,78.038,87.112,76.563,105.24,99.284
476.97,68.288,77.812,80.363,93.737,97.684
476.99,93.838,109.21,104.61,138.14,136.28
477,70.968,82.112,80.263,94.237,97.784
477.02,77.728,85.512,76.013,99.937,110.88
477.04,81.718,91.812,91.513,110.14,117.58
477.06,75.748,83.412,77.513,104.14,112.18
477.08,84.518,98.512,98.263,109.14,119.28
477.1,74.868,79.912,75.263,98.637,98.784
477.12,64.898,72.012,72.563,83.637,97.984
477.13,77.038,84.412,75.513,100.94,101.68
477.15,65.308,68.012,69.813,85.337,93.584
477.17,78.638,83.912,78.663,102.04,104.58
477.19,67.558,73.012,75.663,88.237,100.68
477.21,75.688,81.112,79.113,98.137,104.08
477.23,79.928,84.112,92.213,103.74,106.38
477.24,74.018,84.512,77.963,98.537,102.08
477.26,77.918,87.212,87.963,105.54,105.18
477.28,82.678,92.812,91.663,107.24,113.88
477.3,68.618,76.612,73.513,94.337,95.584
477.32,73.718,82.112,80.663,97.737,98.284
477.34,62.168,70.312,70.313,90.537,90.584
477.36,74.638,83.712,74.413,101.24,107.88
477.37,67.698,79.112,70.563,89.537,90.084
477.39,69.458,78.812,72.513,96.437,99.284
477.41,67.758,78.712,75.963,89.537,88.884
477.43,74.148,85.212,79.913,97.137,102.58
477.45,63.028,75.512,71.362,88.937,95.284
477.46,73.348,85.412,78.513,93.837,98.984
477.48,64.178,76.712,74.013,93.337,88.584
477.5,75.318,76.812,80.513,97.437,102.98
477.52,66.138,78.312,75.413,96.837,90.784
477.54,73.328,84.412,76.913,91.137,98.184
477.56,66.908,82.612,77.413,90.237,100.18
477.57,83.028,93.012,89.163,108.54,115.58
477.59,65.168,71.112,77.713,91.037,91.584
477.61,77.708,90.212,79.963,104.94,110.28
477.63,59.698,76.712,74.013,85.237,91.184
477.65,75.808,81.412,80.163,103.84,107.18
477.67,73.638,87.812,86.613,103.14,105.08
477.69,73.898,86.812,80.213,96.437,103.68
477.7,63.068,71.812,70.813,89.537,87.084
477.72,73.388,86.812,80.763,109.14,105.28
477.74,74.038,89.012,82.713,96.837,106.28
477.76,70.328,77.012,75.163,99.437,95.284
477.78,63.568,72.712,71.763,84.337,97.184
477.8,70.778,74.612,76.863,96.437,101.28
477.81,73.808,93.912,88.713,97.837,112.38
477.83,71.838,79.012,77.013,103.74,104.08
477.85,65.378,76.612,81.613,91.637,89.784
477.87,75.498,83.612,78.413,100.44,102.48
477.89,65.858,72.612,74.163,89.537,87.384
477.9,75.078,90.612,79.813,101.44,106.08
477.92,74.998,85.612,86.163,104.74,105.98
477.94,74.138,84.212,76.362,94.737,97.384
477.96,57.818,70.312,71.563,81.337,84.184
477.98,70.978,81.612,76.713,96.837,94.984
478,62.408,76.612,73.063,90.037,91.184
478.01,75.888,85.712,76.112,99.037,99.884
478.03,66.458,75.612,78.313,95.237,87.784
478.05,68.948,80.412,73.813,92.937,94.984
478.07,60.918,69.712,72.313,83.537,84.984
478.09,106.71,126.21,132.86,148.54,160.68
478.11,62.808,71.312,73.513,88.837,94.084
478.12,75.358,89.512,81.913,97.337,107.98
478.14,64.528,79.912,75.963,88.137,91.984
478.16,68.368,82.512,73.513,93.637,95.584
478.18,64.748,77.012,76.463,91.337,89.484
478.2,69.868,82.112,79.313,91.337,94.784
478.21,61.128,70.012,69.213,83.737,91.884
478.23,71.838,75.212,78.713,95.137,100.68
478.25,60.048,72.512,74.013,91.337,86.084
478.27,69.298,77.412,75.563,97.137,96.684
478.29,59.788,69.312,75.513,84.337,87.284
478.31,80.228,91.712,92.063,109.94,118.48
478.32,63.668,75.712,73.112,91.037,86.684
478.34,68.188,78.512,77.863,98.937,93.384
478.36,63.228,68.412,72.313,87.837,95.284
478.38,71.868,81.312,77.013,95.437,95.584
478.4,61.298,67.312,69.163,86.237,88.784
478.42,69.278,79.112,74.813,100.64,107.08
478.43,61.568,68.912,75.263,84.137,96.984
478.45,73.168,82.712,79.013,94.837,99.984
478.47,62.678,71.312,67.862,90.837,85.884
478.49,69.558,81.112,78.913,97.237,101.08
478.51,61.968,70.012,74.362,86.437,91.284
478.52,68.808,77.112,73.663,91.937,92.784
478.54,61.788,70.012,73.163,87.337,86.884
478.56,73.308,87.312,78.263,96.537,106.28
478.58,60.438,72.412,73.513,89.737,88.884
478.6,68.188,79.512,75.213,95.337,99.784
478.62,63.188,70.412,71.362,82.037,93.284
478.63,70.938,83.112,82.113,96.337,94.984
478.65,60.188,70.512,70.963,86.937,89.484
478.67,68.358,75.112,76.313,95.937,90.584
478.69,62.238,68.812,72.263,90.937,95.184
478.7,70.948,81.312,81.613,94.337,100.18
478.72,59.938,73.412,71.213,82.037,92.984
478.74,71.448,77.712,75.313,98.737,99.284
478.76,64.308,72.012,72.513,88.437,94.184
478.78,73.728,86.912,86.963,106.94,106.08
478.8,64.178,74.112,72.963,82.637,97.184
478.81,69.878,76.212,78.563,94.537,100.38
478.83,64.548,70.112,77.613,94.237,93.584
478.85,71.358,80.312,78.513,95.937,104.58
478.87,60.288,71.112,74.013,81.137,91.784
478.89,69.718,78.712,74.913,91.637,93.884
478.9,60.908,78.212,73.313,86.137,89.884
478.92,72.898,87.912,80.463,103.84,109.68
478.94,73.898,89.812,91.813,99.637,104.78
478.96,74.328,84.012,79.163,102.44,106.38
478.98,65.838,75.812,73.313,92.737,89.484
479,72.648,79.812,78.113,93.737,100.08
479.01,62.228,70.412,73.763,86.037,91.984
479.03,74.988,83.812,77.263,99.937,100.08
479.05,65.468,74.712,69.913,91.337,89.884
479.07,72.258,84.612,73.813,102.64,99.284
479.09,76.208,89.412,86.913,104.74,111.98
479.1,75.268,87.312,80.313,104.74,100.68
479.12,67.868,81.612,75.763,98.637,98.184
479.14,73.718,82.012,78.313,93.137,100.68
479.16,65.308,72.412,74.563,89.837,89.784
479.18,74.458,88.612,84.513,107.64,103.68
479.19,65.578,77.712,76.813,90.037,99.084
479.21,74.538,84.712,79.813,94.837,107.18
479.23,58.388,71.712,70.112,81.837,80.684
479.25,73.048,83.912,79.213,104.44,98.784
479.27,63.958,76.412,75.112,87.137,97.984
479.28,73.818,81.512,80.163,99.937,101.28
479.3,77.298,87.212,88.863,103.94,111.08
479.32,73.758,85.712,83.013,99.637,104.48
479.34,67.388,79.212,73.563,98.537,98.884
479.36,75.628,85.912,83.013,107.24,102.48
479.37,69.288,80.812,77.513,94.437,96.784
479.39,77.438,85.712,87.563,102.04,102.28
479.41,74.908,88.512,93.463,110.54,102.98
479.43,79.418,89.312,87.113,110.14,116.38
479.45,68.588,79.612,79.063,95.337,100.78
479.46,78.618,89.512,84.513,104.74,104.68
479.48,68.568,76.512,76.713,96.937,97.884
479.5,78.068,86.312,76.063,101.54,106.58
479.52,67.138,76.712,78.713,94.537,93.284
479.54,78.298,84.712,84.063,100.94,104.48
479.55,110.57,134.01,146.61,156.44,164.28
479.57,155.76,185.51,196.81,221.94,233.28
479.59,68.328,73.612,79.363,93.437,97.784
479.61,76.258,86.212,83.713,102.34,109.18
479.63,68.038,75.412,76.263,94.337,92.784
479.64,78.078,82.712,86.463,107.34,106.48
479.66,66.708,82.612,77.363,95.437,93.784
479.68,74.838,86.312,83.413,108.44,114.78
479.7,79.878,90.212,93.213,109.44,111.68
479.72,78.008,96.012,82.363,111.04,109.88
479.73,68.678,79.012,72.663,87.937,91.784
479.75,74.038,86.612,82.013,99.837,101.18
479.77,69.278,80.012,77.363,98.137,97.084
479.79,74.218,86.812,84.263,104.04,104.38
479.81,73.548,88.712,90.413,104.44,104.48
479.82,76.178,89.612,85.663,99.637,105.78
479.84,71.018,83.212,79.763,100.04,94.884
479.86,74.958,84.312,79.913,99.137,102.28
479.88,65.818,72.912,78.663,93.737,97.684
479.89,76.948,83.412,83.863,99.937,104.78
479.91,66.088,80.512,76.663,98.737,97.984
479.93,78.318,86.312,84.513,104.94,102.78
479.95,64.328,77.812,77.413,85.437,93.884
479.97,73.628,82.512,80.363,105.14,103.38
479.99,64.898,75.412,77.963,89.837,93.284
480,75.898,85.512,86.163,104.64,105.68
480.02,82.168,102.41,92.013,108.14,112.28
480.04,75.258,86.612,83.163,100.24,109.68
480.06,68.238,83.312,82.213,92.037,97.584
480.07,75.588,86.012,82.413,100.24,105.38
480.09,68.508,78.412,75.213,91.837,93.784
480.11,83.428,91.112,91.463,108.94,113.08
480.13,69.568,76.812,81.013,94.237,97.984
480.15,78.248,86.512,82.863,100.54,115.48
480.16,70.318,77.312,83.863,94.237,96.184
480.18,75.568,91.112,81.663,107.44,97.184
480.2,82.178,98.412,101.26,119.14,120.68
480.22,76.188,91.712,82.563,100.44,100.68
480.24,75.688,86.912,92.563,103.74,107.48
480.25,77.058,89.312,87.363,105.44,104.78
480.27,87.548,108.41,114.06,129.24,131.68
480.29,76.078,85.912,82.363,109.44,104.28
480.31,79.398,89.912,90.713,114.14,113.28
480.32,77.848,92.712,85.313,103.74,108.68
480.34,68.608,83.312,84.613,96.037,103.68
480.36,77.908,91.312,88.763,104.14,111.58
480.38,68.028,80.812,81.013,100.24,98.284
480.4,75.918,88.412,79.713,102.94,105.58
480.41,69.548,81.212,79.713,98.737,98.284
480.43,76.548,93.312,82.863,100.54,104.18
480.45,64.448,75.112,74.112,93.137,93.484
480.47,78.868,93.712,83.463,112.24,109.48
480.49,68.938,77.112,80.113,94.137,94.484
480.5,85.598,105.91,97.413,112.84,122.88
480.52,70.568,78.912,79.663,90.937,95.984
480.54,71.008,88.412,73.013,95.837,94.284
480.56,57.818,67.512,65.463,82.237,81.884
480.57,74.748,94.212,80.813,98.137,104.98
480.59,56.078,74.012,65.663,78.737,79.384
480.61,68.098,82.112,72.362,94.337,96.284
480.63,61.168,72.712,67.563,89.037,87.284
480.64,68.608,83.612,75.763,88.837,96.884
480.66,70.548,88.012,86.363,99.337,105.98
480.68,71.258,85.112,69.663,95.037,101.38
480.7,62.328,74.712,69.612,92.237,86.284
480.72,69.768,85.412,77.113,98.037,94.384
480.73,56.358,77.112,66.313,84.337,79.184
480.75,77.678,97.912,82.813,99.737,108.68
480.77,58.988,70.212,70.763,80.637,84.584
480.79,66.638,88.012,73.963,89.237,98.284
480.81,61.868,72.812,67.013,85.937,94.084
480.82,68.808,82.412,69.612,90.237,87.084
480.84,60.258,73.812,65.663,84.337,92.484
480.86,66.648,86.412,72.913,94.437,96.984
480.88,65.118,83.912,76.112,87.737,93.284
480.89,68.518,87.712,76.963,94.637,97.984
480.91,75.088,88.112,87.663,108.64,104.08
480.93,77.078,98.212,84.563,102.24,107.98
480.95,61.488,78.112,72.013,85.937,87.584
480.96,71.528,83.012,76.813,94.137,95.184
480.98,63.058,78.512,76.213,81.637,90.684
481,71.548,87.512,74.563,94.037,97.784
481.02,61.688,75.612,65.913,83.837,84.084
481.04,67.858,82.512,76.963,96.237,93.684
481.05,61.058,78.412,72.063,81.937,89.284
