Wavelength_nm,2026_02_18_BluGlass_Lot2GainChip_GC1_T=20C__I=100mA.txt,2026_02_18_BluGlass_Lot2GainChip_GC2_T=20C__I=100mA.txt,2026_02_18_BluGlass_Lot2GainChip_GC3_T=20C__I=100mA.txt,2026_02_18_BluGlass_Lot2GainChip_GC4_T=20C__I=100mA.txt,2026_02_18_BluGlass_Lot2GainChip_GC5_T=20C__I=100mA.txt
383.96,0.024963,0.086246,0.043258,0.030186,0.033603
383.99,0.029355,0.1078,0.045329,0.034906,0.03669
384.02,0.028787,0.10489,0.050466,0.036057,0.03798
384.05,0.027996,0.083851,0.043991,0.035252,0.0377
384.08,0.023587,0.084193,0.041316,0.031164,0.032257
384.11,0.028719,0.10045,0.047142,0.038187,0.038093
384.14,0.024241,0.08693,0.041013,0.032143,0.032313
384.17,0.027985,0.095313,0.044941,0.035597,0.036016
384.2,0.024631,0.085904,0.041618,0.034273,0.037419
384.23,0.027067,0.08847,0.044078,0.034273,0.031583
384.26,0.022354,0.08693,0.03864,0.032373,0.031134
384.29,0.029791,0.10181,0.044984,0.038015,0.037419
384.31,0.022681,0.078547,0.039071,0.032834,0.030068
384.34,0.02838,0.099248,0.04684,0.034561,0.036297
384.37,0.02443,0.087786,0.04192,0.03387,0.034389
384.4,0.027893,0.10216,0.046538,0.039166,0.037531
384.43,0.024155,0.082824,0.047315,0.033697,0.032481
384.46,0.028025,0.084877,0.045114,0.034331,0.035736
384.49,0.023713,0.083338,0.041402,0.032431,0.029339
384.52,0.029063,0.10592,0.046797,0.035424,0.036016
384.55,0.023507,0.078889,0.039287,0.029783,0.028048
384.58,0.029951,0.10695,0.046926,0.037036,0.039215
384.61,0.025003,0.085733,0.043128,0.032431,0.032425
384.63,0.030318,0.095827,0.046365,0.036173,0.034614
384.66,0.032767,0.1297,0.060652,0.045498,0.044209
384.69,0.028954,0.090181,0.043689,0.036921,0.036409
384.72,0.024671,0.088812,0.044121,0.031222,0.03495
384.75,0.029269,0.10524,0.046106,0.036863,0.037251
384.78,0.025823,0.094287,0.046797,0.030819,0.035792
384.81,0.030628,0.10267,0.047358,0.037439,0.040562
384.84,0.023128,0.090352,0.044078,0.031855,0.033098
384.87,0.029722,0.10746,0.052063,0.037094,0.035287
384.89,0.026987,0.092405,0.0452,0.033697,0.035848
384.92,0.035794,0.13004,0.062982,0.045268,0.047464
384.95,0.027669,0.097709,0.048567,0.033409,0.036634
384.98,0.032749,0.11721,0.054177,0.042562,0.042301
385.01,0.027463,0.095656,0.048005,0.038072,0.034782
385.04,0.032543,0.11071,0.049991,0.043944,0.041908
385.07,0.02611,0.087101,0.042826,0.034791,0.030405
385.1,0.03307,0.11841,0.049861,0.04521,0.043872
385.13,0.026809,0.09155,0.047833,0.036979,0.033884
385.16,0.034074,0.1167,0.058752,0.041641,0.044826
385.19,0.026012,0.091721,0.044639,0.037094,0.036072
385.21,0.03115,0.11003,0.051847,0.037382,0.040281
385.24,0.027308,0.094971,0.047919,0.03577,0.036465
385.27,0.031138,0.12115,0.051329,0.041469,0.042582
385.3,0.026247,0.087272,0.044855,0.033179,0.035736
385.33,0.031843,0.10797,0.050336,0.041181,0.04
385.36,0.030307,0.10096,0.05012,0.037957,0.04174
385.39,0.032709,0.11157,0.051286,0.042332,0.04477
385.42,0.028753,0.096682,0.048912,0.037957,0.039776
385.45,0.034492,0.12491,0.057069,0.045671,0.044321
385.48,0.028828,0.098222,0.050595,0.037094,0.039495
385.5,0.033007,0.11875,0.053314,0.040663,0.04449
385.53,0.026798,0.089154,0.048308,0.036518,0.036914
385.56,0.037852,0.13774,0.061256,0.053558,0.052626
385.59,0.030978,0.10164,0.048092,0.038993,0.038036
385.62,0.033839,0.12252,0.054954,0.045786,0.045051
385.65,0.028678,0.094116,0.047401,0.039742,0.036578
385.68,0.035588,0.12542,0.058623,0.045729,0.049147
385.71,0.028914,0.10353,0.05189,0.036979,0.039159
385.74,0.034762,0.11601,0.054652,0.046362,0.048249
385.76,0.033936,0.11037,0.055731,0.041469,0.045387
385.79,0.036201,0.12423,0.055774,0.046419,0.042582
385.82,0.029103,0.095998,0.049387,0.037094,0.038766
385.85,0.034275,0.11927,0.055256,0.042965,0.04174
385.88,0.033948,0.12252,0.060522,0.045326,0.0455
385.91,0.038076,0.12337,0.060177,0.046132,0.048137
385.94,0.029447,0.10199,0.04848,0.038015,0.038205
385.97,0.03541,0.12063,0.056681,0.046937,0.046734
386,0.031866,0.10524,0.051501,0.0379,0.041347
386.03,0.033208,0.12098,0.051717,0.040893,0.043816
386.06,0.028701,0.097024,0.0493,0.036,0.038036
386.08,0.0349,0.11995,0.052753,0.045326,0.046454
386.11,0.029665,0.10387,0.049775,0.03813,0.038598
386.14,0.035679,0.12012,0.054523,0.043311,0.046566
386.17,0.031115,0.10643,0.050077,0.037669,0.038036
386.2,0.033661,0.11533,0.053444,0.042793,0.044658
386.23,0.029258,0.10763,0.048005,0.040202,0.04
386.26,0.040025,0.14168,0.065572,0.054133,0.055151
386.29,0.031677,0.10438,0.053185,0.038303,0.041291
386.31,0.03537,0.11122,0.052019,0.046189,0.048474
386.34,0.02885,0.1013,0.048264,0.038245,0.039888
386.37,0.034687,0.1179,0.051156,0.04711,0.043423
386.4,0.027377,0.10421,0.049905,0.036345,0.041459
386.43,0.034848,0.12354,0.053142,0.042678,0.046173
386.46,0.028828,0.1037,0.050552,0.036863,0.036858
386.49,0.034206,0.12748,0.053789,0.043253,0.041011
386.52,0.028977,0.099762,0.045545,0.037554,0.039608
386.55,0.035995,0.122,0.057112,0.045383,0.045051
386.57,0.029464,0.10404,0.046883,0.035885,0.038542
386.6,0.035811,0.11909,0.053098,0.043599,0.042862
386.63,0.030697,0.10113,0.049128,0.040663,0.04
386.66,0.03639,0.11807,0.053012,0.046247,0.04679
386.69,0.032124,0.10729,0.053789,0.044635,0.038878
386.72,0.033953,0.12098,0.053789,0.043541,0.046622
386.75,0.030783,0.11516,0.053789,0.040145,0.038317
386.78,0.035593,0.11773,0.051286,0.04285,0.046117
386.81,0.029223,0.09959,0.048825,0.036863,0.036578
386.83,0.034951,0.11978,0.056551,0.045844,0.044546
386.86,0.029464,0.10233,0.051545,0.038648,0.037531
386.89,0.036184,0.11413,0.052235,0.044635,0.047969
386.92,0.032618,0.10832,0.054523,0.043253,0.041628
386.95,0.033799,0.11875,0.054221,0.041987,0.041684
386.98,0.028128,0.097366,0.047315,0.037612,0.039832
387.01,0.036453,0.1256,0.053875,0.045959,0.046678
387.04,0.035049,0.12423,0.059055,0.046995,0.045612
387.07,0.035519,0.11345,0.055947,0.04285,0.041628
387.1,0.029762,0.095484,0.046754,0.039339,0.038205
387.12,0.035238,0.11858,0.049171,0.042908,0.047464
387.15,0.030129,0.10883,0.04684,0.039627,0.039215
387.18,0.035198,0.13107,0.052537,0.044059,0.045556
387.21,0.030754,0.1013,0.048567,0.037612,0.040505
387.24,0.035897,0.12354,0.056292,0.045613,0.046229
387.27,0.031929,0.1025,0.051976,0.039108,0.041291
387.3,0.033982,0.11208,0.050207,0.041526,0.041908
387.33,0.029711,0.10164,0.04943,0.038878,0.040562
387.36,0.036677,0.12406,0.053401,0.044865,0.044209
387.38,0.031368,0.11191,0.047617,0.040951,0.042582
387.41,0.035708,0.12354,0.051242,0.04688,0.04449
387.44,0.053058,0.19369,0.099798,0.071691,0.077934
387.47,0.03502,0.10678,0.052192,0.045613,0.046622
387.5,0.030055,0.10318,0.049516,0.03813,0.040449
387.53,0.039211,0.12457,0.060263,0.04711,0.048081
387.56,0.03119,0.10678,0.051458,0.042044,0.041403
387.58,0.035576,0.12816,0.053832,0.045326,0.046454
387.61,0.031534,0.11482,0.052451,0.037957,0.041235
387.64,0.040857,0.14133,0.065701,0.056206,0.052963
387.67,0.029292,0.10832,0.049948,0.040778,0.042862
387.7,0.037887,0.11892,0.053746,0.048146,0.045668
387.73,0.032394,0.10832,0.051199,0.040317,0.040337
387.76,0.035696,0.12012,0.053962,0.046765,0.046959
387.79,0.032331,0.10849,0.051286,0.038533,0.041011
387.82,0.037675,0.13021,0.055386,0.046016,0.049989
387.85,0.036425,0.12936,0.061256,0.048895,0.05083
387.87,0.037422,0.12782,0.054911,0.048204,0.046959
387.9,0.030599,0.096511,0.05094,0.043023,0.043423
387.93,0.034802,0.11465,0.051242,0.04521,0.048642
387.96,0.031477,0.109,0.050422,0.042275,0.042469
387.99,0.0385,0.13261,0.058882,0.048204,0.050606
388.02,0.031069,0.1143,0.051329,0.041872,0.04477
388.05,0.037147,0.11927,0.053142,0.046765,0.044658
388.07,0.028977,0.10541,0.047142,0.039799,0.038766
388.1,0.037394,0.11961,0.053314,0.047801,0.047015
388.13,0.031563,0.10883,0.049948,0.043138,0.037588
388.16,0.041763,0.14185,0.06445,0.049413,0.052626
388.19,0.036803,0.13158,0.061472,0.045786,0.048418
388.22,0.035054,0.12029,0.053401,0.043771,0.041011
388.25,0.030697,0.10575,0.050509,0.038475,0.04174
388.28,0.033546,0.11755,0.050379,0.044635,0.044209
388.31,0.031218,0.10626,0.04779,0.041123,0.038934
388.33,0.037365,0.13706,0.054695,0.045959,0.044826
388.36,0.031803,0.10917,0.051329,0.038303,0.040674
388.39,0.035272,0.13107,0.047401,0.044059,0.043031
388.42,0.027635,0.095827,0.048523,0.034561,0.037644
388.45,0.03385,0.11379,0.047315,0.041123,0.04073
388.48,0.031798,0.1114,0.057846,0.040548,0.043143
388.51,0.035312,0.11909,0.052019,0.04521,0.04376
388.54,0.031643,0.11636,0.051372,0.038763,0.040786
388.56,0.038322,0.13466,0.054609,0.049586,0.050887
388.59,0.03049,0.10524,0.050466,0.036979,0.039608
388.62,0.036448,0.13244,0.054436,0.046707,0.04881
388.65,0.032807,0.10592,0.053659,0.042332,0.040337
388.68,0.035914,0.11516,0.053962,0.042793,0.046173
388.71,0.035112,0.1256,0.059616,0.045095,0.046846
388.74,0.034779,0.1167,0.054177,0.044002,0.043423
388.76,0.030427,0.10335,0.047099,0.039166,0.037924
388.79,0.034911,0.12388,0.054566,0.043541,0.043255
388.82,0.033598,0.11619,0.058968,0.043541,0.046173
388.85,0.044721,0.16186,0.069111,0.058048,0.057396
388.88,0.032939,0.1208,0.055343,0.04026,0.044433
388.91,0.071847,0.24416,0.12578,0.092184,0.09589
388.94,0.033231,0.11208,0.05176,0.04072,0.045051
388.97,0.03627,0.11807,0.054048,0.043484,0.046959
388.99,0.030072,0.10814,0.053487,0.044865,0.040562
389.02,0.041533,0.15571,0.063025,0.052867,0.050887
389.05,0.034297,0.12867,0.055688,0.046477,0.044097
389.08,0.036121,0.11875,0.055947,0.044808,0.047183
389.11,0.031643,0.11293,0.053142,0.040317,0.04174
389.14,0.036855,0.12406,0.050768,0.047916,0.048305
389.17,0.030605,0.11225,0.049171,0.040663,0.03899
389.19,0.036665,0.12816,0.055602,0.044692,0.045556
389.22,0.031821,0.09959,0.046667,0.039972,0.040618
389.25,0.063178,0.22842,0.10886,0.080556,0.087024
389.28,0.032457,0.12542,0.051242,0.041411,0.04073
389.31,0.036493,0.13398,0.050163,0.048837,0.045275
389.34,0.033323,0.12542,0.051847,0.042908,0.044153
389.37,0.036597,0.11841,0.053573,0.04688,0.045051
389.4,0.030869,0.11088,0.049559,0.039281,0.041796
389.43,0.034928,0.1285,0.050595,0.04665,0.044546
389.45,0.032285,0.1102,0.048178,0.038072,0.040113
389.48,0.041189,0.14287,0.063155,0.054421,0.054141
389.51,0.031207,0.10113,0.047099,0.042275,0.042694
389.54,0.035089,0.11653,0.052365,0.044002,0.045107
389.57,0.031253,0.10609,0.045027,0.039511,0.040281
389.6,0.037371,0.12542,0.056422,0.047053,0.047071
389.63,0.0299,0.10917,0.053357,0.04049,0.04174
389.65,0.036734,0.12046,0.051717,0.044462,0.043648
389.68,0.030186,0.10866,0.047272,0.038993,0.036634
389.71,0.035857,0.11961,0.057587,0.044232,0.046454
389.74,0.031557,0.10455,0.0493,0.041411,0.042694
389.77,0.036528,0.12046,0.050552,0.043196,0.048754
389.8,0.030347,0.11003,0.046365,0.040145,0.042862
389.83,0.03467,0.12594,0.051372,0.040375,0.041179
389.85,0.03045,0.10507,0.049387,0.040951,0.041235
389.88,0.041407,0.14955,0.063543,0.053903,0.049484
389.91,0.02959,0.10968,0.047229,0.042505,0.038598
389.94,0.035375,0.1232,0.05517,0.043484,0.043816
389.97,0.031866,0.10318,0.048955,0.043023,0.041179
390,0.036333,0.12388,0.054695,0.046765,0.045724
390.03,0.031098,0.11601,0.050207,0.039569,0.043087
390.06,0.035244,0.12234,0.049905,0.043196,0.043928
390.08,0.030553,0.090523,0.045416,0.039742,0.036465
390.11,0.037113,0.12354,0.052926,0.045729,0.045219
390.14,0.032004,0.11516,0.051199,0.042217,0.043367
390.17,0.034836,0.11499,0.051804,0.047686,0.045836
390.2,0.032405,0.11328,0.048739,0.03813,0.044714
390.23,0.036729,0.12645,0.051847,0.04665,0.047351
390.25,0.02947,0.10233,0.046797,0.040893,0.041179
390.28,0.03764,0.11858,0.056983,0.047859,0.047913
390.31,0.030513,0.11003,0.050638,0.039454,0.039944
390.34,0.035742,0.11636,0.049343,0.043656,0.044546
390.37,0.03002,0.11054,0.047531,0.040433,0.041123
390.4,0.035886,0.11807,0.050293,0.044808,0.045444
390.43,0.032038,0.11927,0.057026,0.041238,0.046117
390.45,0.035066,0.12217,0.051501,0.045095,0.044714
390.48,0.031941,0.11345,0.051717,0.039627,0.040393
390.51,0.035777,0.11909,0.052278,0.045613,0.047351
390.54,0.029349,0.10541,0.047703,0.036748,0.040842
390.57,0.037176,0.12166,0.053314,0.045671,0.048698
390.6,0.053637,0.20121,0.095784,0.074281,0.075296
390.63,0.037801,0.13141,0.054393,0.047859,0.048979
390.65,0.032159,0.10934,0.052839,0.040835,0.039664
390.68,0.035318,0.12748,0.051933,0.045383,0.046173
390.71,0.032503,0.099933,0.048092,0.042332,0.040337
390.74,0.035857,0.11721,0.051458,0.044692,0.043087
390.77,0.031442,0.10318,0.048308,0.039281,0.037251
390.8,0.038403,0.13004,0.055645,0.049931,0.04853
390.83,0.031259,0.098735,0.048264,0.042217,0.040449
390.86,0.037136,0.12919,0.05258,0.048492,0.0455
390.88,0.031654,0.11003,0.047185,0.039569,0.039103
390.91,0.038208,0.14202,0.059745,0.049067,0.050101
390.94,0.031517,0.10832,0.049084,0.041123,0.037812
390.97,0.036149,0.13056,0.050681,0.047053,0.045892
391,0.030066,0.10233,0.046797,0.038475,0.041347
391.03,0.034768,0.12252,0.047531,0.04665,0.044882
391.06,0.031712,0.10678,0.047617,0.038878,0.041852
391.08,0.036574,0.12885,0.051329,0.047225,0.044995
391.11,0.031024,0.10472,0.045675,0.038648,0.038598
391.14,0.040668,0.14989,0.062982,0.050967,0.052289
391.17,0.032967,0.1155,0.049602,0.038936,0.047295
391.2,0.036086,0.12816,0.048005,0.041469,0.046566
391.23,0.032256,0.11242,0.04943,0.044865,0.041964
391.25,0.035358,0.12679,0.051286,0.044232,0.046622
391.28,0.029068,0.10626,0.046193,0.039914,0.04
391.31,0.038128,0.11567,0.052192,0.04878,0.047295
391.34,0.030542,0.11242,0.048308,0.041066,0.041067
391.37,0.035754,0.11961,0.052883,0.044923,0.042694
391.4,0.03256,0.10592,0.046495,0.04072,0.041796
391.43,0.038701,0.12885,0.05517,0.045671,0.044658
391.45,0.030244,0.11927,0.044855,0.040317,0.040337
391.48,0.03705,0.12337,0.051976,0.045671,0.046061
391.51,0.030788,0.10575,0.045632,0.043368,0.039159
391.54,0.034773,0.11533,0.047962,0.046765,0.04275
391.57,0.029189,0.10524,0.04861,0.038533,0.037868
391.6,0.036597,0.11174,0.049818,0.045326,0.043367
391.63,0.03662,0.12953,0.059788,0.046822,0.04881
391.65,0.036694,0.13415,0.051847,0.044289,0.043985
391.68,0.032262,0.1167,0.051631,0.04026,0.041628
391.71,0.035479,0.11191,0.050422,0.043599,0.048754
391.74,0.035674,0.11721,0.05845,0.05091,0.04881
391.77,0.037009,0.11927,0.051329,0.043944,0.045107
391.8,0.031671,0.10524,0.048049,0.041296,0.043255
391.82,0.03721,0.13415,0.052624,0.048952,0.049372
391.85,0.030628,0.10814,0.049861,0.037497,0.038485
391.88,0.036224,0.12098,0.049041,0.046362,0.047239
391.91,0.031597,0.109,0.046408,0.040087,0.040898
391.94,0.034693,0.11293,0.049602,0.042217,0.044041
391.97,0.03514,0.12748,0.057069,0.048837,0.047856
392,0.034555,0.1114,0.05189,0.041699,0.041179
392.02,0.031385,0.11533,0.048049,0.042678,0.040842
392.05,0.034057,0.1179,0.049905,0.041526,0.041179
392.08,0.036706,0.14014,0.059529,0.047974,0.048249
392.11,0.03713,0.12234,0.05094,0.044174,0.048361
392.14,0.029326,0.098222,0.044294,0.03646,0.0377
392.17,0.035014,0.11875,0.048739,0.04475,0.044153
392.19,0.030548,0.11482,0.0452,0.038303,0.042413
392.22,0.033999,0.12491,0.048782,0.041411,0.046061
392.25,0.030164,0.1037,0.047272,0.039857,0.036465
392.28,0.036866,0.11807,0.050854,0.047513,0.046285
392.31,0.029166,0.1037,0.0452,0.038533,0.038878
392.34,0.035341,0.1167,0.046624,0.043599,0.045163
392.37,0.02795,0.10678,0.042395,0.039627,0.040393
392.39,0.0317,0.11054,0.045071,0.043599,0.04174
392.42,0.032858,0.11362,0.047833,0.042217,0.041964
392.45,0.035347,0.12388,0.05025,0.042332,0.045107
392.48,0.035467,0.12662,0.057285,0.046592,0.051167
392.51,0.033959,0.122,0.050077,0.042447,0.042357
392.54,0.030525,0.11499,0.050293,0.041411,0.037644
392.56,0.036579,0.1179,0.048653,0.046937,0.042918
392.59,0.032004,0.11276,0.047272,0.04239,0.037531
392.62,0.03561,0.11892,0.051286,0.04452,0.044939
392.65,0.030983,0.10934,0.047876,0.039914,0.039664
392.68,0.03455,0.11311,0.051242,0.04285,0.041572
392.71,0.02924,0.10763,0.044035,0.040548,0.0377
392.73,0.03631,0.12799,0.050422,0.046707,0.045331
392.76,0.030364,0.10643,0.045891,0.041296,0.03972
392.79,0.035112,0.11636,0.050207,0.047053,0.041347
392.82,0.029865,0.109,0.046193,0.038418,0.038822
392.85,0.03666,0.13432,0.053746,0.045556,0.044826
392.88,0.032698,0.122,0.05107,0.038706,0.041011
392.9,0.0367,0.12525,0.05353,0.046592,0.043704
392.93,0.030284,0.1001,0.047833,0.037727,0.038261
392.96,0.034515,0.11584,0.04861,0.046304,0.044041
392.99,0.029481,0.097024,0.045977,0.040317,0.040337
393.02,0.034991,0.12132,0.050509,0.040605,0.042582
393.05,0.031144,0.10592,0.044768,0.038533,0.037419
393.07,0.035622,0.11653,0.050725,0.04711,0.042975
393.1,0.037164,0.12919,0.058623,0.047743,0.044995
393.13,0.034601,0.11499,0.049948,0.044059,0.040898
393.16,0.032887,0.11105,0.049387,0.039684,0.043592
393.19,0.036493,0.12662,0.044768,0.044405,0.04348
393.22,0.030158,0.10524,0.045157,0.038706,0.03972
393.25,0.033678,0.11807,0.04697,0.041641,0.043536
393.27,0.030932,0.10318,0.045718,0.037727,0.040842
393.3,0.035588,0.12371,0.048221,0.04475,0.046117
393.33,0.030639,0.1114,0.044941,0.036863,0.039888
393.36,0.036109,0.11875,0.051804,0.046477,0.043816
393.39,0.029556,0.1037,0.045632,0.035712,0.036746
393.42,0.034922,0.11841,0.049473,0.043771,0.042582
393.44,0.032262,0.11499,0.048135,0.041526,0.041628
393.47,0.036837,0.12833,0.051242,0.044865,0.047408
393.5,0.029332,0.10404,0.046495,0.041469,0.037251
393.53,0.033294,0.11636,0.050034,0.041181,0.04449
393.56,0.02959,0.109,0.047833,0.041066,0.039888
393.58,0.042141,0.14869,0.063198,0.050737,0.056554
393.61,0.031534,0.10917,0.045761,0.040087,0.041179
393.64,0.036534,0.12132,0.05107,0.045095,0.044826
393.67,0.028615,0.10113,0.04274,0.039166,0.036802
393.7,0.035983,0.12919,0.051588,0.046247,0.0455
393.73,0.031671,0.11413,0.042351,0.036921,0.036746
393.75,0.03768,0.12217,0.051674,0.046822,0.0478
393.78,0.028759,0.094629,0.04602,0.040893,0.036409
393.81,0.03971,0.15023,0.056897,0.050391,0.050213
393.84,0.031305,0.1167,0.045675,0.039857,0.039439
393.87,0.034693,0.1167,0.046322,0.042793,0.045949
393.9,0.031792,0.11122,0.04779,0.041296,0.042245
393.92,0.036132,0.12885,0.046365,0.049528,0.046454
393.95,0.029487,0.10472,0.045416,0.03813,0.036858
393.98,0.033919,0.11704,0.048782,0.042217,0.044826
394.01,0.031643,0.10609,0.043042,0.039396,0.039664
394.04,0.036637,0.11738,0.051027,0.045671,0.04679
394.07,0.031213,0.10592,0.047229,0.039799,0.041347
394.09,0.034338,0.11653,0.046236,0.044808,0.042862
394.12,0.032199,0.11653,0.050681,0.041066,0.040898
394.15,0.041287,0.15211,0.058925,0.049931,0.048979
394.18,0.031689,0.10986,0.044294,0.038878,0.038598
394.21,0.036402,0.12457,0.049041,0.045613,0.04679
394.24,0.028633,0.10181,0.042912,0.041354,0.036634
394.26,0.033862,0.1179,0.049646,0.043944,0.042301
394.29,0.029986,0.10181,0.044682,0.040548,0.038036
394.32,0.033661,0.1102,0.050854,0.041584,0.041684
394.35,0.029751,0.097024,0.04261,0.038648,0.039159
394.38,0.034538,0.11567,0.04861,0.043311,0.03871
394.4,0.031654,0.1114,0.043344,0.039166,0.035904
394.43,0.03389,0.12046,0.047229,0.045095,0.041628
394.46,0.030806,0.11858,0.043776,0.040548,0.041347
394.49,0.04104,0.1516,0.057069,0.05114,0.051167
394.52,0.03072,0.10763,0.046452,0.038878,0.042413
394.55,0.036746,0.12217,0.04943,0.044289,0.048081
394.57,0.031253,0.11482,0.046106,0.04285,0.03972
394.6,0.033632,0.10729,0.050077,0.042908,0.041291
394.63,0.036258,0.12594,0.05517,0.048434,0.047632
394.66,0.034286,0.11619,0.048308,0.042275,0.042469
394.69,0.030209,0.10643,0.044596,0.038878,0.039047
394.71,0.035576,0.12525,0.049689,0.042793,0.043367
394.74,0.029808,0.10917,0.041661,0.037842,0.043592
394.77,0.036637,0.12508,0.050854,0.046592,0.047015
394.8,0.030118,0.10507,0.043517,0.038475,0.038036
394.83,0.036797,0.12046,0.051242,0.049067,0.047632
394.86,0.032704,0.10455,0.048092,0.04285,0.042975
394.88,0.037164,0.11944,0.050293,0.04452,0.047127
394.91,0.033896,0.11396,0.051199,0.042447,0.045892
394.94,0.03408,0.11738,0.044596,0.046592,0.04376
394.97,0.031132,0.10797,0.04438,0.038533,0.039608
395,0.035794,0.11738,0.05353,0.045671,0.043648
395.03,0.030267,0.10507,0.042438,0.040951,0.037756
395.05,0.036092,0.12217,0.051458,0.048434,0.044546
395.08,0.030972,0.099933,0.045286,0.039454,0.039103
395.11,0.036109,0.12183,0.048825,0.044059,0.046117
395.14,0.032004,0.11225,0.043819,0.039224,0.040618
395.17,0.035106,0.11465,0.049646,0.040087,0.042975
395.19,0.03033,0.10814,0.048308,0.038763,0.039608
395.22,0.036127,0.12371,0.048567,0.045326,0.046341
395.25,0.031236,0.10797,0.042912,0.040605,0.041403
395.28,0.040364,0.14459,0.059659,0.052924,0.052907
395.31,0.03283,0.11841,0.049905,0.042793,0.045444
395.34,0.033185,0.10353,0.044553,0.042793,0.044995
395.36,0.032589,0.12252,0.055041,0.040433,0.041852
395.39,0.036029,0.11773,0.051027,0.043253,0.044433
395.42,0.031849,0.10729,0.043085,0.043656,0.042021
395.45,0.034573,0.11276,0.050379,0.045383,0.043872
395.48,0.030966,0.10626,0.047013,0.039857,0.038261
395.5,0.035547,0.12132,0.047833,0.044462,0.044882
395.53,0.030152,0.10455,0.042999,0.037554,0.040674
395.56,0.036127,0.12457,0.050854,0.043541,0.043985
395.59,0.03248,0.10678,0.045761,0.040835,0.03972
395.62,0.035479,0.12679,0.047444,0.045441,0.045892
395.64,0.037428,0.1309,0.056594,0.050391,0.052458
395.67,0.034745,0.11636,0.048049,0.045441,0.043648
395.7,0.03307,0.11345,0.051286,0.041296,0.042021
395.73,0.034538,0.12098,0.045632,0.044174,0.041347
395.76,0.030708,0.1025,0.044639,0.039684,0.040618
395.79,0.037164,0.13056,0.046365,0.043541,0.048305
395.81,0.031929,0.10626,0.04684,0.042908,0.039832
395.84,0.036006,0.12012,0.046581,0.045556,0.044658
395.87,0.032784,0.11362,0.046495,0.045153,0.04275
395.9,0.037147,0.13346,0.048523,0.047859,0.045051
395.93,0.030685,0.11054,0.048523,0.041296,0.040057
395.95,0.035748,0.1244,0.048653,0.047398,0.044546
395.98,0.03131,0.097195,0.044035,0.038706,0.040113
396.01,0.036058,0.12132,0.052278,0.046132,0.042189
396.04,0.034963,0.11482,0.052451,0.046074,0.047408
396.07,0.034831,0.1167,0.049775,0.043484,0.042077
396.1,0.03088,0.10951,0.048437,0.041814,0.036353
396.12,0.034481,0.11755,0.047962,0.040951,0.042582
396.15,0.029332,0.10216,0.044984,0.038303,0.03798
396.18,0.033592,0.11841,0.047574,0.044289,0.042638
396.21,0.030364,0.10267,0.043733,0.038245,0.040505
396.24,0.035949,0.1244,0.047056,0.04262,0.048754
396.26,0.034252,0.11909,0.05353,0.046419,0.045836
396.29,0.035949,0.12474,0.049387,0.046132,0.04376
396.32,0.030175,0.10113,0.04343,0.040375,0.039776
396.35,0.03506,0.12098,0.04848,0.043138,0.046005
396.38,0.030232,0.11465,0.048092,0.041066,0.040393
396.4,0.035117,0.12132,0.047099,0.04262,0.048137
396.43,0.036006,0.1285,0.053746,0.046937,0.050774
396.46,0.034211,0.11567,0.046452,0.042102,0.044546
396.49,0.029739,0.10507,0.042049,0.038303,0.038878
396.52,0.036505,0.12799,0.05094,0.044865,0.044602
396.55,0.031115,0.10832,0.044812,0.038648,0.038598
396.57,0.033128,0.11396,0.044855,0.041814,0.042301
396.6,0.029028,0.10079,0.045459,0.041584,0.035567
396.63,0.035456,0.13107,0.047746,0.043368,0.043536
396.66,0.033403,0.122,0.051501,0.042505,0.04449
396.69,0.038638,0.13535,0.060263,0.053097,0.047744
396.71,0.031075,0.10814,0.04179,0.0379,0.038934
396.74,0.035679,0.12337,0.048567,0.043886,0.046678
396.77,0.031889,0.1078,0.048437,0.036806,0.040449
396.8,0.037073,0.13432,0.056681,0.050564,0.052402
396.82,0.03115,0.10507,0.043991,0.042965,0.042133
396.85,0.040702,0.13877,0.05927,0.05114,0.051055
396.88,0.029068,0.10558,0.043819,0.039281,0.03899
396.91,0.035645,0.12457,0.047142,0.046765,0.044209
396.94,0.029951,0.1001,0.043387,0.040317,0.039832
396.97,0.039756,0.13381,0.059486,0.052867,0.049764
396.99,0.031259,0.10917,0.046408,0.038533,0.039159
397.02,0.037548,0.13056,0.050768,0.045613,0.049203
397.05,0.032142,0.10353,0.043474,0.040951,0.043255
397.08,0.034166,0.11345,0.046754,0.043714,0.042189
397.11,0.031746,0.11396,0.047142,0.038245,0.041796
397.13,0.035261,0.1208,0.047488,0.045441,0.044658
397.16,0.028937,0.1013,0.041229,0.038072,0.039495
397.19,0.0358,0.12611,0.048005,0.043886,0.044939
397.22,0.03029,0.11088,0.042481,0.040317,0.037419
397.25,0.034435,0.1167,0.052883,0.042562,0.046566
397.27,0.031069,0.10575,0.044855,0.040375,0.037756
397.3,0.033925,0.11345,0.050077,0.04452,0.045724
397.33,0.030358,0.10387,0.045027,0.039511,0.039271
397.36,0.036797,0.12406,0.052019,0.047513,0.045724
397.39,0.035513,0.11773,0.057458,0.046304,0.046902
397.41,0.035909,0.11567,0.049387,0.04521,0.047688
397.44,0.031677,0.1078,0.051415,0.044059,0.044041
397.47,0.036465,0.11978,0.048955,0.048261,0.044265
397.5,0.031838,0.11516,0.044509,0.041757,0.039215
397.53,0.03459,0.12166,0.047056,0.041641,0.043367
397.55,0.03096,0.10113,0.045459,0.042908,0.040954
397.58,0.035954,0.12423,0.048696,0.043138,0.046117
397.61,0.031465,0.10866,0.043258,0.036173,0.040169
397.64,0.036671,0.12166,0.052322,0.04498,0.04853
397.67,0.032067,0.1167,0.045071,0.041238,0.043423
397.69,0.036843,0.12594,0.049775,0.046477,0.046005
397.72,0.032606,0.11841,0.042351,0.043138,0.044546
397.75,0.034705,0.12423,0.047401,0.045326,0.043367
397.78,0.036906,0.13039,0.058925,0.048549,0.047239
397.81,0.035433,0.11259,0.048049,0.040951,0.043648
397.83,0.0333,0.11961,0.047185,0.041929,0.043592
397.86,0.039825,0.13398,0.053314,0.04924,0.051167
397.89,0.031809,0.10986,0.04274,0.041584,0.041179
397.92,0.035656,0.12696,0.050293,0.04285,0.048137
397.94,0.042187,0.15331,0.066435,0.055515,0.056105
397.97,0.035937,0.13518,0.047617,0.045671,0.04578
398,0.043448,0.17692,0.07675,0.058278,0.067609
398.03,0.038443,0.12628,0.052408,0.043426,0.04982
398.06,0.032394,0.12354,0.048308,0.042447,0.043536
398.08,0.03709,0.13021,0.049905,0.04878,0.046622
398.11,0.032411,0.11978,0.04274,0.041526,0.039439
398.14,0.03748,0.12799,0.048351,0.046937,0.047688
398.17,0.031941,0.11191,0.046711,0.043656,0.038429
398.2,0.037009,0.12628,0.047919,0.049355,0.044377
398.22,0.036901,0.13227,0.056163,0.04688,0.04954
398.25,0.036883,0.12269,0.050077,0.046362,0.044265
398.28,0.032377,0.11447,0.043215,0.044002,0.041403
398.31,0.037193,0.12423,0.050854,0.043656,0.047239
398.34,0.031121,0.11191,0.047142,0.042447,0.04
398.36,0.034464,0.12337,0.048825,0.042505,0.044041
398.39,0.031717,0.11482,0.045459,0.043829,0.041516
398.42,0.037657,0.12371,0.048567,0.047859,0.047015
398.45,0.030628,0.10609,0.046711,0.043886,0.040954
398.48,0.036235,0.12388,0.047444,0.04521,0.045556
398.5,0.031952,0.11242,0.041877,0.043081,0.040954
398.53,0.035628,0.12046,0.045459,0.042678,0.043592
398.56,0.037973,0.13312,0.056681,0.04734,0.051728
398.59,0.036493,0.122,0.04766,0.046189,0.04578
398.62,0.031213,0.10353,0.04274,0.039224,0.038654
398.64,0.037738,0.12782,0.048869,0.047168,0.044321
398.67,0.03045,0.11242,0.041661,0.039914,0.03871
398.7,0.03502,0.12286,0.046408,0.042275,0.041964
398.73,0.030874,0.10318,0.04356,0.039051,0.039327
398.75,0.035777,0.12234,0.052926,0.046016,0.042638
398.78,0.031104,0.11054,0.0452,0.041008,0.04174
398.81,0.036069,0.12234,0.045286,0.045441,0.040281
398.84,0.031041,0.11293,0.043689,0.041469,0.040113
398.87,0.034441,0.12491,0.048998,0.045038,0.042526
398.89,0.031322,0.10712,0.043776,0.038706,0.039215
398.92,0.035846,0.12012,0.049646,0.04475,0.041684
398.95,0.031419,0.11533,0.042006,0.039914,0.039832
398.98,0.034544,0.12542,0.045545,0.046247,0.041572
399,0.03307,0.10472,0.044812,0.037439,0.04376
399.03,0.040301,0.14031,0.061126,0.054076,0.048754
399.06,0.030467,0.10541,0.043171,0.040605,0.039552
399.09,0.036356,0.12423,0.047099,0.04521,0.045219
399.12,0.030697,0.11482,0.041359,0.039972,0.041179
399.14,0.04209,0.13911,0.058623,0.052406,0.053243
399.17,0.032268,0.10866,0.045027,0.039972,0.03972
399.2,0.03686,0.12337,0.048998,0.048319,0.047351
399.23,0.030324,0.11225,0.04602,0.03623,0.039832
399.26,0.035479,0.12594,0.048005,0.043771,0.044097
399.28,0.032755,0.11721,0.045588,0.042505,0.040169
399.31,0.036035,0.12423,0.051976,0.045959,0.0455
399.34,0.030444,0.11174,0.041963,0.036633,0.039327
399.37,0.037394,0.12577,0.047401,0.046477,0.044882
399.39,0.030261,0.10216,0.04425,0.038648,0.040954
399.42,0.03717,0.13569,0.048221,0.04711,0.044714
399.45,0.030737,0.09959,0.043991,0.039051,0.038205
399.48,0.036218,0.1309,0.046495,0.045786,0.044433
399.51,0.03248,0.12115,0.046883,0.041699,0.042133
399.53,0.035553,0.1114,0.048135,0.045844,0.044546
399.56,0.030834,0.10832,0.042783,0.041354,0.037812
399.59,0.036081,0.12696,0.045934,0.042505,0.04578
399.62,0.033799,0.12782,0.049948,0.044117,0.044041
399.64,0.037508,0.12098,0.051804,0.043714,0.044265
399.67,0.032704,0.11567,0.04274,0.039569,0.041852
399.7,0.036006,0.11961,0.053703,0.045959,0.044658
399.73,0.034802,0.1208,0.049516,0.04239,0.043143
399.76,0.036901,0.12594,0.04779,0.048261,0.047239
399.78,0.033002,0.10883,0.04425,0.041123,0.044209
399.81,0.035891,0.12166,0.045416,0.04285,0.045331
399.84,0.032205,0.1143,0.047185,0.036748,0.042245
399.87,0.037457,0.1208,0.048955,0.045095,0.048474
399.89,0.032388,0.11447,0.044812,0.039857,0.037812
399.92,0.037227,0.12782,0.049171,0.048952,0.04348
399.95,0.033879,0.11978,0.043733,0.042447,0.042021
399.98,0.036935,0.1285,0.046063,0.044692,0.047015
400.01,0.032761,0.12149,0.046452,0.043081,0.042357
400.03,0.037554,0.12816,0.046624,0.045556,0.045219
400.06,0.03416,0.12115,0.046106,0.044002,0.043031
400.09,0.039309,0.13774,0.04943,0.050737,0.052289
400.12,0.031402,0.11088,0.043776,0.037727,0.038598
400.14,0.037514,0.12662,0.049602,0.047168,0.049428
400.17,0.032761,0.109,0.046236,0.040548,0.043311
400.2,0.036551,0.12577,0.047617,0.045556,0.044714
400.23,0.03162,0.11516,0.043474,0.038648,0.039327
400.26,0.035221,0.1244,0.047229,0.047916,0.047632
400.28,0.035949,0.12029,0.052278,0.049988,0.045107
400.31,0.042451,0.1528,0.058709,0.055572,0.053805
400.34,0.036734,0.12936,0.057069,0.044808,0.048137
400.37,0.03889,0.12748,0.052322,0.050449,0.047913
400.39,0.032858,0.12423,0.047833,0.042908,0.042077
400.42,0.037078,0.12799,0.044984,0.04475,0.046397
400.45,0.037623,0.13569,0.053142,0.049816,0.047856
400.48,0.036522,0.12303,0.046365,0.046074,0.044321
400.51,0.031385,0.10934,0.045027,0.042217,0.041291
400.53,0.03709,0.12833,0.045545,0.042217,0.047127
400.56,0.033432,0.12577,0.047229,0.043253,0.041459
400.59,0.036442,0.13329,0.045761,0.045901,0.047015
400.62,0.036178,0.12731,0.047919,0.043023,0.045892
400.64,0.039286,0.12867,0.054911,0.045786,0.047856
400.67,0.03334,0.12012,0.043085,0.041526,0.041684
400.7,0.036505,0.1297,0.045243,0.046535,0.04449
400.73,0.033059,0.1232,0.043991,0.039914,0.040618
400.75,0.036969,0.13021,0.050077,0.045729,0.045331
400.78,0.031792,0.10832,0.043474,0.039166,0.038261
400.81,0.036448,0.1208,0.045416,0.04521,0.043704
400.84,0.032033,0.10883,0.044682,0.038763,0.040954
400.87,0.037038,0.13056,0.046797,0.048895,0.047744
400.89,0.032738,0.10968,0.04425,0.042735,0.040786
400.92,0.037829,0.12885,0.050854,0.044865,0.046902
400.95,0.031826,0.1037,0.044423,0.041181,0.043592
400.98,0.034103,0.12234,0.04602,0.042447,0.042862
401,0.032944,0.1078,0.040625,0.041757,0.040562
401.03,0.036482,0.12885,0.047013,0.046419,0.043928
401.06,0.031385,0.10763,0.044294,0.041699,0.040449
401.09,0.037394,0.13346,0.047617,0.045844,0.043199
401.12,0.035547,0.12765,0.053875,0.046592,0.050101
401.14,0.034733,0.12149,0.044596,0.04498,0.042133
401.17,0.030376,0.10147,0.04356,0.037669,0.038766
401.2,0.03537,0.11721,0.046193,0.041757,0.044433
401.23,0.030215,0.10592,0.044553,0.039108,0.03972
401.25,0.035272,0.11944,0.048653,0.042678,0.043087
401.28,0.031385,0.10883,0.042783,0.041526,0.039215
401.31,0.035089,0.12577,0.046926,0.043656,0.042918
401.34,0.034189,0.11447,0.055688,0.044865,0.043704
401.36,0.035352,0.11875,0.044855,0.043426,0.045612
401.39,0.030496,0.10438,0.044639,0.037612,0.036634
401.42,0.033896,0.11824,0.048782,0.042217,0.042245
401.45,0.029928,0.10472,0.046365,0.042044,0.038149
401.47,0.032451,0.11619,0.047574,0.041008,0.041908
401.5,0.028243,0.096853,0.039373,0.035367,0.038036
401.53,0.032268,0.1102,0.045588,0.038187,0.041516
401.56,0.031901,0.10883,0.049041,0.043484,0.043087
401.58,0.034796,0.12713,0.047229,0.042505,0.042469
401.61,0.028019,0.11328,0.044466,0.038187,0.03596
401.64,0.033764,0.11944,0.044078,0.047916,0.042862
401.67,0.026758,0.088812,0.041316,0.033179,0.034277
401.69,0.03217,0.10934,0.042956,0.038245,0.041235
401.72,0.027291,0.10096,0.041445,0.038821,0.0377
401.75,0.033363,0.12628,0.047919,0.043311,0.042413
401.78,0.027434,0.093774,0.040021,0.038418,0.037644
401.81,0.032818,0.10233,0.043128,0.041757,0.042806
401.83,0.028501,0.095827,0.041618,0.037497,0.036409
401.86,0.032595,0.10917,0.042956,0.038821,0.042918
401.89,0.028747,0.1013,0.040754,0.036921,0.036634
401.92,0.033512,0.10763,0.047401,0.04239,0.039664
401.94,0.034664,0.1167,0.05353,0.043944,0.044041
401.97,0.033409,0.1244,0.049948,0.044347,0.043536
402,0.027165,0.097195,0.040927,0.035367,0.040281
402.03,0.032944,0.10934,0.047358,0.041872,0.044658
402.05,0.027824,0.10455,0.042308,0.03646,0.035399
402.08,0.034447,0.12662,0.044941,0.040087,0.039495
402.11,0.029384,0.1013,0.042783,0.038821,0.039103
402.14,0.035438,0.12679,0.049343,0.045153,0.04477
402.16,0.029774,0.10233,0.039503,0.0379,0.039552
402.19,0.033426,0.12046,0.044164,0.042908,0.041123
402.22,0.029997,0.1066,0.042438,0.037842,0.037644
402.25,0.033048,0.11003,0.044035,0.043196,0.041628
402.27,0.032916,0.11311,0.052235,0.043023,0.045331
402.3,0.033099,0.11841,0.044725,0.038821,0.04174
402.33,0.030353,0.10968,0.040582,0.039569,0.037363
402.36,0.033042,0.11293,0.044466,0.042217,0.042694
402.38,0.028501,0.092747,0.042351,0.036979,0.037139
402.41,0.033317,0.11721,0.045675,0.045268,0.043816
402.44,0.030381,0.1025,0.044682,0.041123,0.042133
402.47,0.032354,0.11345,0.045114,0.041238,0.040169
402.5,0.030026,0.10181,0.043085,0.037612,0.037251
402.52,0.036654,0.12731,0.049689,0.045038,0.050269
402.55,0.030571,0.10216,0.041359,0.036633,0.037588
402.58,0.035685,0.12354,0.046452,0.042735,0.045949
402.61,0.030456,0.11636,0.046926,0.04049,0.044153
402.63,0.032331,0.11225,0.042308,0.040605,0.039215
402.66,0.02826,0.10695,0.040927,0.039742,0.036185
402.69,0.031115,0.10421,0.044207,0.039569,0.042638
402.71,0.030708,0.11191,0.042956,0.037784,0.03899
402.74,0.032996,0.11687,0.043258,0.04239,0.04348
402.77,0.028174,0.097024,0.043991,0.037036,0.035848
402.8,0.039584,0.13569,0.060479,0.052176,0.051504
402.82,0.030846,0.10524,0.042179,0.037784,0.038317
402.85,0.032463,0.11704,0.04343,0.039684,0.042021
402.88,0.030077,0.11088,0.04179,0.038878,0.039664
402.91,0.033931,0.11601,0.045157,0.043196,0.041123
402.94,0.028329,0.098393,0.040798,0.041238,0.040281
402.96,0.034361,0.11225,0.043905,0.043484,0.041459
402.99,0.029842,0.1025,0.042826,0.037612,0.039944
403.02,0.035146,0.11379,0.043301,0.04239,0.039552
403.05,0.027148,0.09959,0.036438,0.037209,0.037251
403.07,0.03537,0.11841,0.043905,0.044405,0.046902
403.1,0.028891,0.10797,0.04097,0.03836,0.03899
403.13,0.033455,0.11328,0.044596,0.04521,0.042469
403.15,0.029584,0.097024,0.043085,0.038533,0.037475
403.18,0.034664,0.11841,0.043474,0.042505,0.042918
403.21,0.032497,0.11927,0.052537,0.041469,0.042469
403.24,0.032807,0.11293,0.045545,0.044692,0.042806
403.26,0.028518,0.092063,0.04097,0.038533,0.039271
403.29,0.034596,0.11225,0.048092,0.044289,0.045612
403.32,0.029733,0.10113,0.037906,0.040317,0.038036
403.35,0.037594,0.13603,0.055731,0.052234,0.051616
403.38,0.028736,0.098393,0.041013,0.037612,0.034838
403.4,0.035255,0.11944,0.047617,0.043944,0.047295
403.43,0.028449,0.098051,0.044984,0.035309,0.036465
403.46,0.033179,0.11328,0.043344,0.041181,0.042638
403.49,0.028329,0.10335,0.038855,0.035712,0.03495
403.51,0.034693,0.11293,0.044812,0.044174,0.047127
403.54,0.029619,0.10712,0.041531,0.038475,0.041347
403.57,0.03307,0.11584,0.040754,0.042447,0.04073
403.6,0.031236,0.10267,0.040884,0.037439,0.041011
403.62,0.035249,0.12508,0.045891,0.048434,0.044714
403.65,0.030978,0.1066,0.044035,0.038475,0.041796
403.68,0.034578,0.11259,0.042826,0.043023,0.046117
403.7,0.02955,0.10113,0.043991,0.037497,0.038822
403.73,0.035553,0.11927,0.046452,0.043886,0.043704
403.76,0.030055,0.10507,0.041704,0.038418,0.037588
403.79,0.037508,0.12696,0.046236,0.049125,0.0478
403.81,0.030192,0.11191,0.037863,0.041008,0.038485
403.84,0.035771,0.11944,0.047833,0.044002,0.041796
403.87,0.030003,0.10797,0.041229,0.042965,0.038542
403.9,0.036138,0.12662,0.046538,0.044232,0.041403
403.92,0.0292,0.11259,0.038855,0.037382,0.038766
403.95,0.038632,0.13894,0.058148,0.04924,0.051055
403.98,0.034567,0.11807,0.05271,0.046362,0.045892
404.01,0.034607,0.11636,0.042654,0.044347,0.042133
404.03,0.032784,0.11892,0.040754,0.041872,0.03972
404.06,0.034917,0.11567,0.044682,0.043253,0.041684
404.09,0.030175,0.1066,0.044639,0.039281,0.040281
404.12,0.034768,0.11978,0.042524,0.042332,0.04174
404.14,0.030571,0.11174,0.044855,0.043426,0.041908
404.17,0.035295,0.1143,0.045114,0.044692,0.041011
404.2,0.027715,0.10147,0.039028,0.035021,0.036185
404.23,0.040106,0.13689,0.056292,0.049298,0.051504
404.25,0.029435,0.099077,0.041661,0.040087,0.038654
404.28,0.033575,0.11276,0.043948,0.045383,0.043704
404.31,0.030565,0.099419,0.039589,0.037497,0.037644
404.33,0.03381,0.11413,0.04425,0.041411,0.039495
404.36,0.028243,0.10079,0.042438,0.039454,0.034894
404.39,0.034945,0.11773,0.044941,0.042102,0.041628
404.42,0.028667,0.098222,0.040927,0.035655,0.037868
404.44,0.036396,0.12406,0.045545,0.043886,0.045163
404.47,0.029779,0.10062,0.043905,0.040893,0.037083
404.5,0.039527,0.13329,0.05845,0.050276,0.048361
404.53,0.028753,0.10626,0.041833,0.038015,0.038149
404.55,0.032795,0.1256,0.044596,0.041929,0.041684
404.58,0.030553,0.095656,0.039805,0.037094,0.037588
404.61,0.034355,0.11482,0.041316,0.041584,0.042077
404.64,0.027664,0.095484,0.039632,0.037382,0.039047
404.66,0.036419,0.12371,0.046754,0.043023,0.043255
404.69,0.031878,0.11465,0.042438,0.040375,0.041235
404.72,0.042697,0.14681,0.060436,0.056033,0.052851
404.75,0.033489,0.10199,0.042351,0.040087,0.042526
404.77,0.033105,0.10575,0.044294,0.04072,0.044826
404.8,0.039475,0.14441,0.058364,0.048261,0.051336
404.83,0.037784,0.12731,0.045502,0.043944,0.042133
404.85,0.033925,0.10233,0.040798,0.038763,0.040393
404.88,0.034819,0.11208,0.046236,0.042447,0.03972
404.91,0.030943,0.10883,0.042826,0.039511,0.039439
404.94,0.036063,0.12337,0.045804,0.043426,0.045949
404.96,0.029854,0.094971,0.038855,0.038015,0.038766
404.99,0.035909,0.11773,0.04684,0.046362,0.045051
405.02,0.033277,0.12115,0.043862,0.039914,0.040898
405.05,0.036092,0.12679,0.047703,0.046419,0.045612
405.07,0.03221,0.10832,0.044768,0.043311,0.042469
405.1,0.034693,0.10883,0.045718,0.042562,0.041459
405.13,0.030341,0.098051,0.042783,0.039339,0.041235
405.15,0.035519,0.12508,0.044596,0.045095,0.043087
405.18,0.036006,0.12406,0.053401,0.045613,0.045892
405.21,0.035238,0.12166,0.044768,0.047398,0.042413
405.24,0.029424,0.1001,0.042912,0.035712,0.039552
405.26,0.035444,0.12063,0.042136,0.042965,0.045949
405.29,0.034842,0.11362,0.048825,0.045038,0.045275
405.32,0.035599,0.11311,0.043819,0.042678,0.044209
405.35,0.032646,0.10986,0.046581,0.044117,0.040786
405.37,0.034475,0.12063,0.04697,0.039569,0.041403
405.4,0.03029,0.093603,0.041661,0.034906,0.038317
405.43,0.037428,0.12816,0.049128,0.047571,0.048193
405.45,0.029733,0.10763,0.041877,0.039799,0.038654
405.48,0.036081,0.11944,0.043948,0.044577,0.045163
405.51,0.029711,0.099419,0.044337,0.040548,0.039608
405.54,0.03971,0.13586,0.054954,0.048952,0.050999
405.56,0.02943,0.10216,0.03946,0.038706,0.039327
405.59,0.036241,0.12611,0.04766,0.045959,0.044546
405.62,0.029991,0.10541,0.043171,0.034676,0.037026
405.65,0.033684,0.13124,0.046106,0.039799,0.042862
405.67,0.03072,0.10609,0.044768,0.039396,0.03972
405.7,0.033988,0.11447,0.042912,0.043714,0.039047
405.73,0.029756,0.10421,0.040711,0.033409,0.035006
405.75,0.033025,0.1114,0.043215,0.043886,0.043031
405.78,0.032944,0.12183,0.052106,0.045729,0.044826
405.81,0.03537,0.12371,0.046063,0.04452,0.044265
405.84,0.0301,0.10181,0.039632,0.042275,0.038542
405.86,0.037996,0.12406,0.051631,0.046937,0.049315
405.89,0.034343,0.13381,0.051588,0.046995,0.041796
405.92,0.034813,0.11516,0.046279,0.044923,0.04348
405.95,0.03162,0.10986,0.042222,0.040375,0.040954
405.97,0.034601,0.1143,0.043776,0.041008,0.043255
406,0.03006,0.10455,0.042783,0.040893,0.038654
406.03,0.036769,0.12765,0.048005,0.048895,0.045892
406.06,0.031064,0.10284,0.039848,0.037842,0.037307
406.08,0.040943,0.14168,0.057587,0.050046,0.053412
406.11,0.029281,0.10216,0.040064,0.038418,0.037868
406.14,0.036734,0.12696,0.049991,0.04262,0.044995
406.16,0.032342,0.10507,0.044596,0.043484,0.040281
406.19,0.037371,0.122,0.045157,0.042332,0.041852
406.22,0.032359,0.11482,0.04438,0.041066,0.041908
406.25,0.035702,0.12508,0.047099,0.043656,0.043704
406.27,0.032245,0.10335,0.041618,0.036806,0.043311
406.3,0.034894,0.12457,0.048653,0.043541,0.041628
406.33,0.028484,0.093603,0.03946,0.0379,0.037363
406.35,0.036127,0.12491,0.044941,0.046016,0.04651
406.38,0.03115,0.098564,0.038683,0.040548,0.039327
406.41,0.034355,0.1285,0.041833,0.046304,0.045275
406.44,0.032101,0.11174,0.041531,0.041066,0.042077
406.46,0.035742,0.11362,0.047056,0.046304,0.042526
406.49,0.031958,0.10746,0.04028,0.038245,0.036241
406.52,0.034361,0.11208,0.043128,0.04003,0.038934
406.54,0.029647,0.10712,0.041402,0.037957,0.039215
406.57,0.035112,0.1155,0.044207,0.044289,0.045331
406.6,0.030043,0.095656,0.038251,0.035194,0.038149
406.63,0.035599,0.11927,0.049516,0.043599,0.045668
406.65,0.032371,0.10951,0.043344,0.04285,0.040618
406.68,0.039991,0.13449,0.054048,0.053097,0.048193
406.71,0.03154,0.10233,0.043905,0.039108,0.039439
406.73,0.034183,0.12149,0.043517,0.043081,0.040225
406.76,0.029453,0.10455,0.039978,0.036576,0.040842
406.79,0.035284,0.122,0.045373,0.043138,0.042582
406.82,0.029722,0.10609,0.044509,0.039396,0.041235
406.84,0.033283,0.12183,0.04192,0.039396,0.042582
406.87,0.030095,0.10541,0.04192,0.037382,0.037026
406.9,0.036723,0.11875,0.044639,0.043311,0.04752
406.92,0.031843,0.11584,0.04179,0.042908,0.039888
406.95,0.034676,0.12029,0.045934,0.041066,0.045051
406.98,0.028816,0.10626,0.038769,0.038763,0.038429
407.01,0.036757,0.12132,0.044812,0.044405,0.046622
407.03,0.030026,0.09959,0.039114,0.038187,0.036858
407.06,0.03627,0.11584,0.045545,0.046132,0.045612
407.09,0.030863,0.1037,0.041488,0.039914,0.039664
407.11,0.033237,0.11276,0.046106,0.043714,0.044995
407.14,0.029974,0.10455,0.040064,0.03836,0.038542
407.17,0.035461,0.11738,0.044725,0.044462,0.042638
407.2,0.030043,0.10353,0.036611,0.03646,0.039047
407.22,0.034842,0.12149,0.043733,0.042332,0.042582
407.25,0.029865,0.10096,0.042006,0.034561,0.040281
407.28,0.035731,0.12662,0.043474,0.043311,0.044041
407.3,0.030645,0.10507,0.042265,0.039569,0.037868
407.33,0.037021,0.12645,0.044768,0.04475,0.043928
407.36,0.031815,0.1102,0.041057,0.039396,0.038654
407.38,0.034791,0.11396,0.043991,0.04049,0.039383
407.41,0.031379,0.1114,0.040495,0.037842,0.039495
407.44,0.034177,0.12491,0.043689,0.043426,0.041347
407.47,0.029607,0.10472,0.04356,0.038533,0.039776
407.49,0.034252,0.11276,0.045243,0.042217,0.041403
407.52,0.028919,0.10404,0.041013,0.037094,0.03871
407.55,0.034091,0.12149,0.047229,0.041526,0.04651
407.57,0.030869,0.10507,0.038553,0.037324,0.04174
407.6,0.033781,0.1179,0.046581,0.039569,0.044097
407.63,0.029584,0.10472,0.038122,0.04049,0.039271
407.66,0.03545,0.11721,0.044898,0.044059,0.047464
407.68,0.029028,0.10027,0.041186,0.039799,0.038485
407.71,0.033638,0.11567,0.043301,0.041526,0.039552
407.74,0.028764,0.097024,0.041013,0.037439,0.038822
407.76,0.033776,0.10695,0.043517,0.04262,0.041123
407.79,0.030261,0.10455,0.038208,0.036345,0.038598
407.82,0.034206,0.1143,0.043171,0.043081,0.042301
407.85,0.028638,0.098051,0.040237,0.036691,0.034108
407.87,0.051997,0.18205,0.081066,0.066567,0.064803
407.9,0.028157,0.096682,0.040021,0.035539,0.039832
407.93,0.038351,0.13552,0.054954,0.050449,0.050887
407.95,0.027727,0.095998,0.038208,0.036691,0.037812
407.98,0.035754,0.11174,0.045804,0.042678,0.044153
408.01,0.028455,0.091207,0.038424,0.037151,0.037083
408.04,0.03373,0.11755,0.046193,0.04072,0.04275
408.06,0.031849,0.11687,0.04848,0.044174,0.043816
408.09,0.032073,0.11858,0.040539,0.044059,0.039944
408.12,0.027257,0.09634,0.037258,0.037266,0.033716
408.14,0.030255,0.094287,0.036525,0.039454,0.037139
408.17,0.032205,0.11773,0.048351,0.044002,0.043087
408.2,0.031815,0.1143,0.041445,0.037209,0.042526
408.22,0.027056,0.094971,0.036266,0.033122,0.036297
408.25,0.031396,0.10986,0.043862,0.035482,0.041067
408.28,0.027566,0.081114,0.037992,0.034849,0.034445
408.31,0.031775,0.10489,0.039416,0.038187,0.038542
408.33,0.029877,0.11003,0.041747,0.038821,0.035006
408.36,0.031803,0.10712,0.04192,0.040433,0.038205
408.39,0.026511,0.091378,0.036913,0.036576,0.034052
408.41,0.032325,0.11122,0.042783,0.04026,0.039047
408.44,0.027927,0.093945,0.039589,0.035712,0.03495
408.47,0.037371,0.13723,0.054307,0.047801,0.048081
408.49,0.028071,0.097195,0.037906,0.034331,0.035119
408.52,0.031872,0.1102,0.046797,0.04262,0.044939
408.55,0.029733,0.095827,0.04015,0.035942,0.036746
408.57,0.0301,0.10489,0.039675,0.037612,0.03697
408.6,0.026689,0.096511,0.036352,0.034331,0.036353
408.63,0.034171,0.11413,0.04343,0.04003,0.040281
408.66,0.031132,0.10592,0.046408,0.041181,0.040393
408.68,0.034492,0.11516,0.043344,0.039454,0.046397
408.71,0.02736,0.09326,0.035575,0.036921,0.035062
408.74,0.033558,0.11037,0.042654,0.042793,0.040449
408.76,0.027979,0.084193,0.038942,0.036863,0.036914
408.79,0.033025,0.11259,0.041531,0.044692,0.042245
408.82,0.029395,0.109,0.038122,0.038648,0.035624
408.85,0.030766,0.1114,0.044596,0.038303,0.036016
408.87,0.028036,0.09634,0.035273,0.034906,0.037363
408.9,0.033025,0.11892,0.043344,0.046362,0.040057
408.93,0.043804,0.16221,0.074679,0.058681,0.060931
408.95,0.033288,0.11447,0.042222,0.041354,0.039776
408.98,0.027526,0.098222,0.037776,0.037151,0.033547
409.01,0.035582,0.12115,0.045804,0.041699,0.043872
409.03,0.029808,0.10096,0.042783,0.036576,0.038822
409.06,0.03365,0.11721,0.043517,0.04262,0.042413
409.09,0.027079,0.094971,0.039028,0.033985,0.038598
409.11,0.03553,0.11909,0.041963,0.041526,0.042862
409.14,0.029281,0.10934,0.039244,0.038187,0.040393
409.17,0.033271,0.1232,0.042999,0.037094,0.040786
409.19,0.029063,0.099419,0.038122,0.040145,0.037644
409.22,0.036035,0.1297,0.04943,0.046419,0.04954
409.25,0.029464,0.11071,0.04097,0.037266,0.040674
409.28,0.034756,0.11773,0.042265,0.041469,0.043816
409.3,0.029177,0.10592,0.036568,0.036806,0.036858
409.33,0.035135,0.10524,0.04274,0.040835,0.042806
409.36,0.027939,0.095827,0.038122,0.037784,0.036297
409.38,0.035794,0.12012,0.040884,0.04285,0.038261
409.41,0.028638,0.096682,0.039114,0.034158,0.037251
409.44,0.033638,0.11601,0.043776,0.043311,0.042526
409.46,0.029659,0.10199,0.042567,0.040951,0.041347
409.49,0.033059,0.11482,0.044812,0.041181,0.041235
409.52,0.029739,0.10849,0.041704,0.037727,0.040505
409.55,0.032698,0.10318,0.042395,0.038303,0.041796
409.57,0.029309,0.10609,0.038424,0.038072,0.037812
409.6,0.0342,0.11858,0.04602,0.042965,0.040281
409.63,0.029539,0.092747,0.042826,0.037094,0.03495
409.65,0.034452,0.11601,0.044812,0.04239,0.04376
409.68,0.05198,0.19745,0.089612,0.070424,0.065981
409.71,0.037216,0.12919,0.045675,0.047168,0.042301
409.73,0.03084,0.098393,0.041445,0.036979,0.041403
409.76,0.039097,0.13654,0.057371,0.051543,0.049203
409.79,0.030599,0.093089,0.037043,0.038303,0.041796
409.81,0.036035,0.12046,0.042869,0.045613,0.042694
409.84,0.029659,0.11465,0.036784,0.036979,0.035904
409.87,0.037107,0.12936,0.04615,0.047225,0.043311
409.89,0.029579,0.10199,0.037431,0.036403,0.039495
409.92,0.034309,0.11311,0.044121,0.039339,0.041964
409.95,0.031144,0.098735,0.04356,0.040835,0.041291
409.98,0.05944,0.21216,0.09846,0.077966,0.080403
410,0.029217,0.099077,0.040625,0.036,0.037083
410.03,0.033971,0.11687,0.043344,0.044059,0.039439
410.06,0.028478,0.10797,0.039546,0.036057,0.038205
410.08,0.034103,0.11755,0.04097,0.043023,0.043143
410.11,0.030072,0.11311,0.041661,0.042965,0.037139
410.14,0.03639,0.12423,0.045977,0.043023,0.042526
410.16,0.032308,0.11533,0.04425,0.039108,0.041011
410.19,0.033959,0.10849,0.039416,0.040317,0.044995
410.22,0.030364,0.10609,0.04261,0.041008,0.040169
410.24,0.035318,0.12029,0.045804,0.044923,0.044658
410.27,0.028438,0.09001,0.03864,0.038015,0.037924
410.3,0.033426,0.11636,0.042092,0.043426,0.042806
410.32,0.028696,0.10062,0.039503,0.038878,0.037026
410.35,0.037095,0.12885,0.047488,0.042447,0.046397
410.38,0.029705,0.096169,0.042524,0.039108,0.038429
410.4,0.036711,0.12286,0.044207,0.043484,0.044041
410.43,0.036769,0.11995,0.051804,0.044232,0.048193
410.46,0.032944,0.11379,0.042395,0.043311,0.038766
410.49,0.035863,0.11447,0.051242,0.045441,0.045949
410.51,0.038334,0.12902,0.054177,0.048377,0.048586
410.54,0.030313,0.1013,0.037517,0.036403,0.037812
410.56,0.035266,0.12132,0.042092,0.042562,0.044377
410.59,0.030657,0.10729,0.041186,0.037957,0.040113
410.62,0.035375,0.11276,0.044898,0.039454,0.043367
410.65,0.031677,0.10849,0.040754,0.042217,0.040505
410.67,0.034911,0.11379,0.048739,0.043714,0.042975
410.7,0.029441,0.10592,0.042136,0.039281,0.03697
410.73,0.037927,0.12936,0.047488,0.046995,0.046959
410.75,0.028816,0.099933,0.038726,0.039454,0.036802
410.78,0.03537,0.11054,0.044941,0.043944,0.042301
410.81,0.029619,0.10592,0.040366,0.043196,0.038373
410.83,0.03494,0.11157,0.041833,0.041584,0.038878
410.86,0.030525,0.10558,0.040193,0.037612,0.037251
410.89,0.034831,0.11721,0.043905,0.042332,0.042694
410.91,0.030548,0.10438,0.038467,0.037669,0.041852
410.94,0.037789,0.11465,0.047229,0.047225,0.043367
410.97,0.030433,0.095656,0.039675,0.036633,0.037251
410.99,0.033913,0.11071,0.041013,0.041757,0.039439
411.02,0.02986,0.10147,0.039934,0.038936,0.039608
411.05,0.034917,0.12149,0.043258,0.039511,0.042189
411.07,0.030152,0.10233,0.038251,0.037497,0.039047
411.1,0.03338,0.10643,0.040495,0.043829,0.041011
411.13,0.029309,0.096511,0.037561,0.034388,0.035624
411.15,0.035232,0.11447,0.042179,0.042102,0.04275
411.18,0.031786,0.10746,0.047488,0.041354,0.040562
411.21,0.036855,0.1208,0.043344,0.044923,0.045836
411.23,0.034418,0.11944,0.049991,0.041872,0.045949
411.26,0.034234,0.12029,0.04015,0.040605,0.041235
411.29,0.02908,0.092576,0.037345,0.039051,0.034333
411.31,0.034246,0.11413,0.044768,0.04262,0.040898
411.34,0.033311,0.10609,0.046667,0.042793,0.043087
411.37,0.040748,0.12799,0.058537,0.048837,0.04954
411.39,0.033885,0.11533,0.051027,0.045326,0.044826
411.42,0.034521,0.1179,0.04028,0.044808,0.042806
411.45,0.028805,0.10027,0.041057,0.038418,0.037475
411.48,0.036098,0.1155,0.043819,0.043311,0.0455
411.5,0.027893,0.094971,0.036395,0.03577,0.034389
411.53,0.035318,0.10917,0.042826,0.044923,0.045949
411.56,0.030685,0.11003,0.041575,0.03836,0.041011
411.58,0.033586,0.11293,0.0411,0.042275,0.041459
411.61,0.028793,0.10027,0.038424,0.037842,0.037531
411.63,0.035163,0.11978,0.044207,0.044635,0.043648
411.66,0.02693,0.10062,0.037345,0.034043,0.033042
411.69,0.034441,0.11944,0.046193,0.043081,0.041684
411.71,0.033306,0.11413,0.047876,0.042044,0.045387
411.74,0.033867,0.11465,0.040323,0.041526,0.042189
411.77,0.029716,0.10318,0.039848,0.037669,0.038036
411.8,0.035461,0.11276,0.042265,0.043541,0.043311
411.82,0.030829,0.10507,0.04015,0.036,0.038542
411.85,0.034171,0.11944,0.040193,0.043426,0.04073
411.88,0.028065,0.092747,0.03851,0.033812,0.034052
411.9,0.034831,0.12183,0.047056,0.044347,0.043311
411.93,0.030399,0.097537,0.040323,0.036806,0.041347
411.95,0.035364,0.11704,0.047142,0.044405,0.042918
411.98,0.030983,0.10746,0.038078,0.041123,0.036578
412.01,0.034068,0.11362,0.04356,0.043311,0.041347
412.04,0.029848,0.10045,0.038251,0.039511,0.036185
412.06,0.032113,0.099248,0.043344,0.040893,0.04073
412.09,0.030324,0.11208,0.037604,0.03813,0.0377
412.12,0.034693,0.12269,0.040668,0.044808,0.041123
412.14,0.032583,0.11379,0.045114,0.042102,0.043423
412.17,0.036086,0.12012,0.045157,0.045729,0.044658
412.19,0.0274,0.095998,0.036913,0.034791,0.034108
412.22,0.03424,0.11396,0.04343,0.041929,0.04348
412.25,0.028334,0.097366,0.038165,0.038936,0.035231
412.27,0.033082,0.11447,0.041833,0.04285,0.040393
412.3,0.028891,0.10507,0.041445,0.036403,0.038654
412.33,0.035266,0.11413,0.043085,0.045556,0.044826
412.36,0.027721,0.095827,0.038165,0.037957,0.03697
412.38,0.033546,0.10968,0.038985,0.039108,0.039215
412.41,0.028455,0.10284,0.038553,0.037612,0.03798
412.44,0.035284,0.11499,0.045804,0.043138,0.043872
412.46,0.029682,0.10609,0.04015,0.036288,0.037756
412.49,0.033684,0.11619,0.044078,0.042044,0.041796
412.51,0.028891,0.10147,0.037129,0.037784,0.037531
412.54,0.036327,0.12371,0.049775,0.049586,0.046902
412.57,0.027085,0.092576,0.038035,0.034158,0.03467
412.59,0.03498,0.10524,0.041013,0.042044,0.042975
412.62,0.028329,0.10096,0.037776,0.036633,0.03467
412.65,0.03244,0.11721,0.036913,0.037151,0.038149
412.67,0.030307,0.10233,0.042092,0.037036,0.040562
412.7,0.033976,0.11003,0.042179,0.040145,0.042526
412.73,0.035163,0.11499,0.046279,0.047916,0.043423
412.75,0.033414,0.1143,0.042481,0.040605,0.040057
412.78,0.033994,0.11516,0.049559,0.039569,0.045275
412.81,0.030662,0.11328,0.040668,0.039281,0.037868
412.83,0.026402,0.10027,0.035014,0.035655,0.033323
412.86,0.034057,0.11584,0.042783,0.043599,0.043648
412.89,0.02861,0.087786,0.040193,0.034388,0.036802
412.91,0.038976,0.11961,0.051933,0.052867,0.052794
412.94,0.031729,0.10404,0.044898,0.040893,0.03798
412.97,0.033306,0.1078,0.040495,0.040893,0.04174
412.99,0.028398,0.098393,0.038078,0.038648,0.037251
413.02,0.033472,0.11721,0.043862,0.041641,0.042582
413.05,0.027125,0.095142,0.036266,0.037094,0.035006
413.07,0.032824,0.11003,0.039416,0.039051,0.038934
413.1,0.02916,0.095827,0.037302,0.035712,0.03596
413.13,0.035238,0.11054,0.044639,0.039972,0.041684
413.15,0.030261,0.10045,0.042179,0.039742,0.039327
413.18,0.032767,0.10797,0.042783,0.041872,0.043816
413.21,0.028816,0.10199,0.038812,0.037784,0.035455
413.23,0.032721,0.11379,0.039503,0.038993,0.040169
413.26,0.028185,0.096511,0.040754,0.036633,0.036297
413.29,0.037669,0.13346,0.054868,0.046995,0.046341
413.31,0.028071,0.091036,0.038424,0.037784,0.033884
413.34,0.037365,0.12782,0.050681,0.048089,0.043031
413.37,0.028438,0.098393,0.038337,0.037266,0.037419
413.39,0.030513,0.10797,0.041229,0.04049,0.040113
413.42,0.027658,0.089497,0.03687,0.037036,0.037812
413.44,0.032864,0.10968,0.041531,0.042332,0.040337
413.47,0.027044,0.086588,0.035575,0.035827,0.035062
413.5,0.033059,0.10814,0.041661,0.039857,0.042021
413.52,0.027159,0.086246,0.035316,0.034906,0.035736
413.55,0.034263,0.11465,0.042654,0.041123,0.043872
413.58,0.027876,0.093945,0.03782,0.035021,0.035175
413.6,0.034842,0.10951,0.04615,0.04262,0.043311
413.63,0.033615,0.11824,0.050207,0.041411,0.043872
413.66,0.03389,0.10489,0.039805,0.041238,0.045107
413.68,0.029464,0.092405,0.039071,0.036288,0.037924
413.71,0.032658,0.10934,0.04192,0.042102,0.037083
413.74,0.028587,0.095998,0.039071,0.03646,0.038654
413.76,0.034148,0.11191,0.041704,0.040663,0.040505
413.79,0.028696,0.10181,0.038683,0.039799,0.036858
413.82,0.035146,0.11276,0.040193,0.042044,0.041908
413.84,0.031385,0.10507,0.041359,0.03836,0.036802
413.87,0.033913,0.11242,0.042524,0.040145,0.044209
413.89,0.029756,0.098564,0.040237,0.037784,0.040057
413.92,0.033919,0.11738,0.043819,0.043886,0.043872
413.95,0.028856,0.095484,0.037906,0.036518,0.039215
413.98,0.035542,0.10917,0.04438,0.044577,0.041347
414,0.029779,0.098051,0.038726,0.037612,0.034277
414.03,0.035817,0.1155,0.043819,0.043368,0.044097
414.05,0.029424,0.091036,0.039114,0.037094,0.037475
414.08,0.035289,0.11122,0.041013,0.047571,0.043143
414.11,0.030089,0.099933,0.039071,0.037094,0.037475
414.13,0.033495,0.11242,0.040798,0.040605,0.037756
414.16,0.03068,0.10814,0.040237,0.038072,0.038598
414.19,0.033409,0.11516,0.040495,0.043944,0.040786
414.21,0.02814,0.090352,0.037561,0.037094,0.03669
414.24,0.034997,0.11653,0.042092,0.041526,0.045387
414.27,0.03006,0.10147,0.039071,0.038418,0.037363
414.29,0.03346,0.11105,0.039589,0.042908,0.039327
414.32,0.030467,0.098051,0.038251,0.041008,0.03697
414.35,0.038919,0.1285,0.052926,0.051428,0.046005
414.37,0.03213,0.11242,0.044294,0.043829,0.037588
414.4,0.035037,0.11619,0.046063,0.046189,0.04376
414.42,0.032904,0.109,0.04943,0.042217,0.043985
414.45,0.034659,0.11208,0.042481,0.044405,0.042133
414.48,0.030657,0.1037,0.038942,0.035424,0.038093
414.5,0.035725,0.11242,0.044553,0.042908,0.044882
414.53,0.029831,0.098906,0.039287,0.039511,0.036185
414.56,0.034458,0.11892,0.042869,0.042332,0.040674
414.58,0.029292,0.10027,0.038467,0.036057,0.037868
414.61,0.03412,0.11841,0.046279,0.042044,0.044826
414.64,0.028988,0.09634,0.040884,0.036115,0.037868
414.66,0.034619,0.11328,0.044639,0.045959,0.042189
414.69,0.027956,0.095484,0.037431,0.038245,0.035006
414.71,0.035622,0.11636,0.041704,0.044462,0.041684
414.74,0.029831,0.10113,0.037431,0.039511,0.036072
414.77,0.034114,0.11636,0.039978,0.043656,0.04
414.79,0.028696,0.093774,0.037561,0.038475,0.038654
414.82,0.036969,0.12594,0.050681,0.046822,0.046397
414.85,0.027262,0.090523,0.035489,0.038533,0.035399
414.87,0.034017,0.11225,0.041359,0.043771,0.041572
414.9,0.028707,0.10558,0.038337,0.037094,0.033211
414.93,0.032979,0.097024,0.038596,0.042562,0.039047
414.95,0.025565,0.092576,0.034626,0.032776,0.037756
414.98,0.033747,0.1066,0.043689,0.039799,0.042245
415,0.028036,0.09634,0.036179,0.036,0.03467
415.03,0.033873,0.11687,0.046754,0.043484,0.045051
415.06,0.029498,0.10062,0.039719,0.036633,0.038205
415.08,0.035347,0.11037,0.040927,0.038763,0.04275
415.11,0.027629,0.094458,0.035705,0.036173,0.036129
415.14,0.032887,0.11225,0.038424,0.041757,0.040842
415.16,0.027572,0.077692,0.036179,0.036518,0.03192
415.19,0.032595,0.1025,0.040193,0.040835,0.03972
415.22,0.025703,0.094629,0.035014,0.033006,0.032986
415.24,0.031843,0.10695,0.039373,0.037842,0.037307
415.27,0.027876,0.097709,0.039287,0.036806,0.035287
415.3,0.031603,0.090694,0.042826,0.040433,0.04073
415.32,0.027245,0.092405,0.036784,0.033928,0.03192
415.35,0.032021,0.10797,0.039201,0.041872,0.037644
415.37,0.027755,0.081627,0.038381,0.037842,0.03568
415.4,0.031683,0.10164,0.043862,0.040433,0.038261
415.43,0.025192,0.08214,0.035273,0.034906,0.033435
415.45,0.031987,0.10489,0.041833,0.040835,0.035343
415.48,0.028415,0.097195,0.039675,0.034791,0.037756
415.51,0.033002,0.11208,0.04425,0.039339,0.04
415.53,0.027262,0.09788,0.037863,0.035252,0.035119
415.56,0.032486,0.10934,0.045632,0.042735,0.044602
415.58,0.027801,0.096682,0.037517,0.036806,0.034557
415.61,0.032956,0.1114,0.044898,0.041181,0.041067
415.64,0.026718,0.087272,0.038899,0.034676,0.032874
415.66,0.032944,0.11345,0.040539,0.041526,0.038934
415.69,0.029309,0.10027,0.039762,0.036518,0.038205
415.72,0.032222,0.11447,0.039158,0.041699,0.040786
415.74,0.025428,0.092063,0.035014,0.035136,0.03192
415.77,0.032136,0.10575,0.041316,0.038936,0.040057
415.8,0.025124,0.084193,0.032986,0.030934,0.031976
415.82,0.032623,0.10096,0.040884,0.039742,0.040954
415.85,0.027188,0.08847,0.036266,0.037727,0.034726
415.87,0.031798,0.10233,0.039978,0.039742,0.035231
415.9,0.026781,0.097195,0.038208,0.033928,0.036465
415.93,0.030444,0.095313,0.039503,0.039454,0.037251
415.95,0.026993,0.083166,0.034712,0.034906,0.034557
415.98,0.03264,0.095656,0.042179,0.043656,0.038654
416,0.025743,0.085219,0.035575,0.03364,0.034614
416.03,0.031838,0.10147,0.042869,0.042447,0.040393
416.06,0.0267,0.089497,0.033417,0.034273,0.034614
416.08,0.031482,0.088641,0.040798,0.041238,0.039888
416.11,0.025496,0.091721,0.038899,0.034561,0.036016
416.14,0.033569,0.10301,0.045545,0.045095,0.044209
416.16,0.028151,0.092918,0.037172,0.038072,0.037419
416.19,0.031316,0.10507,0.042481,0.042505,0.041067
416.21,0.0274,0.093089,0.038381,0.03577,0.034052
416.24,0.029424,0.098393,0.039848,0.039339,0.038598
416.27,0.026517,0.089668,0.034539,0.035482,0.032481
416.29,0.030083,0.10438,0.038122,0.038648,0.037419
416.32,0.025915,0.084193,0.035964,0.033755,0.033267
416.35,0.031442,0.099419,0.041316,0.04026,0.040674
416.37,0.026792,0.080771,0.035316,0.031567,0.037868
416.4,0.031626,0.10147,0.04028,0.041066,0.038878
416.43,0.029928,0.098222,0.041272,0.036057,0.037868
416.45,0.030599,0.097024,0.038812,0.035597,0.0377
416.48,0.026591,0.085391,0.034669,0.036288,0.038485
416.5,0.033283,0.11174,0.04602,0.04026,0.042245
416.53,0.026345,0.086417,0.036741,0.034618,0.033996
416.56,0.030725,0.09959,0.03769,0.040202,0.039327
416.58,0.029235,0.094116,0.042912,0.035252,0.033603
416.61,0.032165,0.1037,0.040064,0.039511,0.038934
416.63,0.027927,0.090523,0.036352,0.035942,0.033547
416.66,0.032509,0.109,0.042308,0.041296,0.041964
416.69,0.028306,0.089668,0.038035,0.036173,0.03366
416.71,0.03256,0.1143,0.041618,0.038993,0.042357
416.74,0.0308,0.099248,0.045114,0.041699,0.040505
416.77,0.03244,0.10318,0.041618,0.041411,0.040169
416.79,0.028489,0.093603,0.037431,0.037036,0.035511
416.82,0.031666,0.11379,0.040711,0.038187,0.041123
416.85,0.028036,0.086759,0.039071,0.036115,0.034389
416.87,0.032881,0.10181,0.040021,0.041411,0.040281
416.9,0.028088,0.088641,0.038985,0.035942,0.034277
416.92,0.032096,0.1013,0.040754,0.040893,0.038822
416.95,0.02795,0.09155,0.039373,0.0379,0.037588
416.98,0.034613,0.11362,0.04097,0.043426,0.042975
417,0.027882,0.093431,0.03523,0.039396,0.034108
417.03,0.033351,0.10986,0.043689,0.043484,0.041796
417.05,0.030427,0.092234,0.039675,0.037439,0.034389
417.08,0.032577,0.10849,0.041402,0.039857,0.039271
417.11,0.030427,0.093603,0.040625,0.034676,0.035455
417.13,0.034275,0.11362,0.04261,0.043368,0.045836
417.16,0.057697,0.20498,0.10019,0.079577,0.079898
417.19,0.033919,0.11122,0.042049,0.043426,0.04275
417.21,0.03154,0.097537,0.040668,0.039569,0.038878
417.24,0.035421,0.12149,0.039675,0.044002,0.044265
417.26,0.028426,0.090181,0.037129,0.036806,0.035904
417.29,0.03553,0.11362,0.044509,0.043311,0.044377
417.32,0.03131,0.10814,0.040582,0.038706,0.038822
417.34,0.035031,0.10917,0.040927,0.04734,0.041852
417.37,0.030771,0.097537,0.042912,0.038878,0.04174
417.39,0.035261,0.12252,0.045545,0.044117,0.043816
417.42,0.028937,0.098735,0.039201,0.036,0.035175
417.45,0.040381,0.14185,0.051501,0.050276,0.051897
417.47,0.03029,0.085904,0.038899,0.040663,0.039271
417.5,0.035863,0.11396,0.042826,0.045383,0.043255
417.52,0.034785,0.11721,0.048782,0.046304,0.046566
417.55,0.036459,0.11276,0.047444,0.043253,0.045949
417.58,0.03213,0.10318,0.041833,0.04003,0.037363
417.6,0.039876,0.12799,0.050811,0.053903,0.049203
417.63,0.033535,0.10301,0.043646,0.044059,0.042694
417.65,0.040501,0.13843,0.054307,0.051428,0.048361
417.68,0.034934,0.1143,0.050422,0.044923,0.047071
417.71,0.036224,0.11122,0.047013,0.048952,0.043199
417.73,0.03518,0.11516,0.047962,0.046016,0.046117
417.76,0.03627,0.11636,0.041531,0.043829,0.041964
417.79,0.032199,0.10934,0.041272,0.039569,0.039832
417.81,0.040375,0.1309,0.055041,0.052694,0.050887
417.84,0.029338,0.10541,0.040539,0.039166,0.035904
417.86,0.036998,0.11413,0.04766,0.045268,0.043985
417.89,0.03291,0.10934,0.04015,0.043138,0.041908
417.92,0.036734,0.10883,0.044423,0.047225,0.043087
417.94,0.030565,0.099762,0.042481,0.03836,0.037756
417.97,0.037118,0.11858,0.042567,0.046016,0.045724
418,0.034917,0.11944,0.050638,0.044347,0.044377
418.02,0.035404,0.10849,0.043085,0.046016,0.042806
418.05,0.031408,0.094287,0.041402,0.039454,0.039215
418.07,0.042984,0.13381,0.054954,0.053903,0.055095
418.1,0.031987,0.10353,0.038769,0.038015,0.038878
418.13,0.036952,0.11362,0.044509,0.046995,0.047183
418.15,0.035765,0.1143,0.049732,0.045038,0.043928
418.18,0.036299,0.12252,0.04343,0.043368,0.04449
418.2,0.034085,0.10404,0.047703,0.042332,0.042862
418.23,0.040197,0.12782,0.054652,0.04924,0.050382
418.25,0.031769,0.091207,0.040064,0.040145,0.039495
418.28,0.034653,0.10558,0.043474,0.044808,0.04
418.31,0.044521,0.15348,0.070449,0.063056,0.057789
418.33,0.03846,0.11105,0.046926,0.049988,0.044265
418.36,0.032388,0.10062,0.040754,0.041238,0.041852
418.38,0.039223,0.11995,0.050293,0.046592,0.051336
418.41,0.030995,0.10147,0.037992,0.041699,0.039832
418.44,0.037348,0.11447,0.045114,0.048607,0.042413
418.46,0.032136,0.10045,0.039546,0.041181,0.041628
418.49,0.037159,0.12063,0.043474,0.046362,0.043648
418.52,0.032732,0.096682,0.041833,0.040605,0.041235
418.54,0.039636,0.12098,0.04615,0.045786,0.045892
418.57,0.032394,0.10318,0.04425,0.039339,0.039103
418.59,0.037938,0.10883,0.044164,0.046995,0.044658
418.62,0.035599,0.11345,0.049732,0.044865,0.045219
418.65,0.037841,0.11516,0.048221,0.045326,0.043704
418.67,0.03334,0.1037,0.043387,0.041584,0.038149
418.7,0.036098,0.11122,0.044423,0.04262,0.042862
418.72,0.030112,0.10045,0.040064,0.038418,0.036297
418.75,0.03592,0.11978,0.041661,0.044692,0.041179
418.78,0.029533,0.098735,0.036395,0.035367,0.038317
418.8,0.036453,0.1208,0.046408,0.043541,0.041684
418.83,0.032663,0.10062,0.040711,0.041296,0.03899
418.85,0.034538,0.11773,0.046236,0.040548,0.039664
418.88,0.036516,0.12098,0.053314,0.049586,0.044995
418.91,0.035937,0.10832,0.043603,0.041699,0.040113
418.93,0.030731,0.087615,0.042049,0.037957,0.037531
418.96,0.036081,0.11858,0.046624,0.042332,0.044153
418.98,0.032079,0.10216,0.040668,0.043138,0.038654
419.01,0.035674,0.10404,0.046452,0.046132,0.041516
419.04,0.031987,0.09634,0.040409,0.040951,0.038093
419.06,0.036178,0.1179,0.044639,0.040778,0.042077
419.09,0.033002,0.10421,0.046322,0.041929,0.043592
419.11,0.03389,0.10421,0.041963,0.042678,0.040057
419.14,0.03244,0.10592,0.042956,0.038878,0.037307
419.17,0.033053,0.10404,0.045891,0.041469,0.038878
419.19,0.030725,0.095998,0.03851,0.040375,0.039159
419.22,0.035599,0.11345,0.043042,0.046362,0.040618
419.24,0.033592,0.11003,0.041747,0.045556,0.040505
419.27,0.034848,0.10883,0.04438,0.042735,0.042189
419.3,0.035094,0.11824,0.050422,0.050046,0.04275
419.32,0.036493,0.10934,0.044768,0.043714,0.043985
419.35,0.030032,0.081798,0.039675,0.038648,0.033716
419.37,0.044085,0.14989,0.066219,0.057242,0.053748
419.4,0.030508,0.09326,0.037776,0.038706,0.038317
419.43,0.036946,0.11773,0.042524,0.046707,0.04275
419.45,0.029722,0.091721,0.039071,0.034791,0.03697
419.48,0.034653,0.11088,0.04438,0.042159,0.040954
419.5,0.036333,0.12063,0.049732,0.044347,0.045331
419.53,0.033913,0.10592,0.040841,0.042793,0.0455
419.56,0.029986,0.095313,0.040625,0.038936,0.039944
419.58,0.034842,0.10763,0.043646,0.046016,0.043031
419.61,0.029349,0.090181,0.036136,0.040375,0.037588
419.63,0.036901,0.11379,0.046495,0.042159,0.043592
419.66,0.028478,0.089668,0.03592,0.036173,0.035624
419.68,0.035737,0.098393,0.043733,0.045095,0.043704
419.71,0.030106,0.090181,0.036784,0.036288,0.038205
419.74,0.035547,0.10746,0.044337,0.04452,0.043199
419.76,0.031597,0.093945,0.041661,0.041066,0.03871
419.79,0.034928,0.10763,0.042092,0.043484,0.041684
419.81,0.032021,0.10301,0.044768,0.040893,0.038878
419.84,0.034676,0.11499,0.045632,0.042275,0.044433
419.87,0.029819,0.092576,0.038683,0.039684,0.040169
419.89,0.034349,0.10832,0.041057,0.04452,0.038822
419.92,0.030427,0.088812,0.036525,0.041469,0.036521
419.94,0.035037,0.10917,0.041747,0.045498,0.040281
419.97,0.030634,0.090181,0.03864,0.03836,0.040898
420,0.034762,0.11619,0.043819,0.04498,0.044265
420.02,0.029997,0.090523,0.039978,0.039339,0.040337
420.05,0.035651,0.10267,0.042912,0.044289,0.043704
420.07,0.030261,0.093089,0.039719,0.040778,0.038598
420.1,0.034825,0.10301,0.044121,0.042044,0.03871
420.12,0.029258,0.094458,0.041272,0.038072,0.036578
420.15,0.03381,0.10421,0.042395,0.041238,0.041123
420.18,0.030725,0.093945,0.041013,0.04003,0.037868
420.2,0.03514,0.109,0.044768,0.04521,0.041908
420.23,0.02967,0.090352,0.039632,0.036748,0.03669
420.25,0.03553,0.11311,0.043733,0.043944,0.041684
420.28,0.032486,0.1025,0.045071,0.042102,0.038485
420.31,0.042336,0.12885,0.05845,0.053212,0.04954
420.33,0.031838,0.099077,0.042524,0.040951,0.040113
420.36,0.035834,0.11345,0.046538,0.045153,0.04578
420.38,0.031419,0.10592,0.042783,0.040893,0.040898
420.41,0.042198,0.13278,0.056853,0.052176,0.050494
420.43,0.031809,0.10421,0.041359,0.038418,0.039103
420.46,0.037468,0.1208,0.047444,0.04734,0.045949
420.49,0.032772,0.098222,0.04343,0.040951,0.040898
420.51,0.038099,0.11054,0.051199,0.04665,0.047351
420.54,0.033684,0.10455,0.043733,0.044808,0.03899
420.56,0.037009,0.11584,0.044898,0.043771,0.04174
420.59,0.033724,0.10233,0.041272,0.047456,0.040337
420.62,0.037027,0.11396,0.044035,0.044117,0.046902
420.64,0.035605,0.11875,0.052753,0.048837,0.047744
420.67,0.036631,0.11122,0.044768,0.045153,0.045051
420.69,0.033403,0.10284,0.040884,0.041526,0.039103
420.72,0.038437,0.1143,0.047617,0.046592,0.045051
420.74,0.031694,0.098222,0.039589,0.041699,0.035624
420.77,0.036929,0.11567,0.045934,0.045441,0.043592
420.8,0.032113,0.10541,0.040798,0.042332,0.040449
420.82,0.038133,0.11516,0.047229,0.050967,0.043648
420.85,0.032222,0.097709,0.039373,0.042562,0.03899
420.87,0.039045,0.12662,0.049602,0.04878,0.043704
420.9,0.034177,0.10592,0.041143,0.043368,0.039383
420.93,0.036964,0.10968,0.0452,0.044117,0.043536
420.95,0.038569,0.12577,0.053703,0.050622,0.048025
420.98,0.037187,0.11122,0.043733,0.046995,0.043367
421,0.032732,0.10113,0.041316,0.038821,0.037868
421.03,0.037669,0.11157,0.048049,0.048664,0.045107
421.05,0.031666,0.092918,0.042395,0.04285,0.039215
421.08,0.039985,0.12354,0.050638,0.052291,0.047969
421.11,0.032755,0.10267,0.039675,0.041757,0.038261
421.13,0.037623,0.10575,0.048135,0.04688,0.044377
421.16,0.032015,0.098735,0.041747,0.043944,0.039552
421.18,0.03643,0.11499,0.046452,0.047974,0.043592
421.21,0.03119,0.097537,0.039848,0.039684,0.038429
421.23,0.036648,0.11174,0.043517,0.042908,0.046341
421.26,0.033202,0.0948,0.040668,0.040202,0.041684
421.29,0.037319,0.11755,0.046279,0.045383,0.042526
421.31,0.032566,0.10147,0.04425,0.041757,0.040281
421.34,0.038724,0.1232,0.045675,0.047283,0.044995
421.36,0.039297,0.11584,0.052624,0.048089,0.046678
421.39,0.037531,0.11191,0.046711,0.044462,0.046173
421.41,0.032692,0.10233,0.041661,0.041872,0.039271
421.44,0.037497,0.11653,0.048049,0.047513,0.043087
421.46,0.031563,0.092918,0.042395,0.040145,0.03871
421.49,0.036591,0.10797,0.043603,0.045383,0.044939
421.52,0.033059,0.098222,0.043171,0.043138,0.038878
421.54,0.036797,0.10814,0.046495,0.047225,0.045612
421.57,0.033202,0.10455,0.045373,0.042678,0.041572
421.59,0.039171,0.11738,0.051804,0.047859,0.04881
421.62,0.032543,0.10404,0.044984,0.041526,0.038822
421.64,0.03627,0.10746,0.043905,0.042102,0.043199
421.67,0.032841,0.095313,0.044164,0.041757,0.046229
421.7,0.038712,0.1102,0.049214,0.046707,0.044995
421.72,0.032377,0.097537,0.041747,0.041814,0.03972
421.75,0.043058,0.13774,0.058796,0.056724,0.055039
421.77,0.03256,0.095998,0.043387,0.042965,0.039944
421.8,0.036895,0.10968,0.044639,0.045095,0.044939
421.82,0.030823,0.09155,0.040193,0.042965,0.038373
421.85,0.035742,0.10472,0.04274,0.04285,0.046285
421.88,0.028753,0.086417,0.03851,0.038303,0.039383
421.9,0.037485,0.11208,0.050466,0.045729,0.044826
421.93,0.032761,0.095656,0.04602,0.041814,0.038373
421.95,0.036769,0.10712,0.044812,0.045153,0.044153
421.98,0.032388,0.097024,0.041704,0.046247,0.03972
422,0.038271,0.1179,0.048653,0.048549,0.049484
422.03,0.032749,0.10472,0.042524,0.04285,0.040786
422.06,0.036321,0.10267,0.046883,0.04711,0.041684
422.08,0.030783,0.09001,0.045243,0.039684,0.038317
422.11,0.038093,0.11259,0.044984,0.045383,0.045163
422.13,0.030857,0.084364,0.038855,0.039857,0.036465
422.16,0.038087,0.10763,0.047703,0.046707,0.04651
422.19,0.033168,0.091892,0.045157,0.043541,0.040786
422.21,0.03549,0.11054,0.044337,0.044635,0.044041
422.24,0.033363,0.10643,0.045329,0.046477,0.042189
422.26,0.039119,0.12063,0.046926,0.049931,0.047576
422.29,0.032176,0.092918,0.039848,0.042159,0.043087
422.31,0.037858,0.10763,0.04697,0.046132,0.043255
422.34,0.032853,0.097195,0.043344,0.039166,0.039271
422.36,0.036574,0.1037,0.041963,0.045613,0.042806
422.39,0.035312,0.10729,0.048005,0.045959,0.046173
422.42,0.037554,0.11225,0.044984,0.043253,0.0455
422.44,0.037342,0.109,0.055213,0.052234,0.04449
422.47,0.037227,0.11311,0.050379,0.050046,0.04853
422.49,0.034028,0.10986,0.040798,0.042793,0.043928
422.52,0.037537,0.11054,0.047444,0.049298,0.049315
422.54,0.032704,0.098051,0.044984,0.041929,0.040225
422.57,0.040696,0.1244,0.053875,0.049758,0.04982
422.6,0.03283,0.092234,0.044466,0.042908,0.044321
422.62,0.037285,0.10027,0.047531,0.044692,0.041347
422.65,0.031918,0.097537,0.043085,0.041181,0.040337
422.67,0.035794,0.10797,0.047229,0.047743,0.041516
422.7,0.03166,0.090352,0.0452,0.042332,0.039439
422.72,0.037881,0.11054,0.048523,0.04878,0.046454
422.75,0.032967,0.10164,0.041833,0.038533,0.04174
422.77,0.037594,0.1078,0.047746,0.045498,0.042918
422.8,0.032526,0.09001,0.041531,0.040375,0.038317
422.82,0.041115,0.12063,0.056983,0.054479,0.050999
422.85,0.032744,0.096511,0.043215,0.040433,0.039888
422.88,0.035542,0.10164,0.044855,0.044174,0.047408
422.9,0.031901,0.091036,0.038251,0.042735,0.038261
422.93,0.03682,0.098564,0.044812,0.043368,0.043143
422.95,0.031253,0.089497,0.041316,0.039511,0.039383
422.98,0.036138,0.10284,0.045891,0.045729,0.04449
423,0.031563,0.09001,0.041013,0.041354,0.040618
423.03,0.036849,0.10455,0.044984,0.04734,0.043087
423.06,0.033025,0.094971,0.047056,0.04521,0.043423
423.08,0.039383,0.11807,0.051329,0.054939,0.0478
423.11,0.035123,0.10216,0.042308,0.044002,0.04073
423.13,0.038495,0.10814,0.049041,0.045729,0.048754
423.16,0.037245,0.11225,0.055947,0.047916,0.046846
423.18,0.037359,0.10849,0.048264,0.049125,0.047913
423.21,0.033598,0.095827,0.047099,0.045959,0.042021
423.23,0.039664,0.11447,0.050638,0.051428,0.0478
423.26,0.033369,0.097709,0.042265,0.042505,0.043985
423.29,0.039578,0.109,0.047099,0.049816,0.045387
423.31,0.03002,0.087615,0.042567,0.041526,0.037588
423.34,0.063023,0.21678,0.099626,0.082456,0.084162
423.36,0.038925,0.10763,0.056767,0.047628,0.04651
423.39,0.041075,0.12149,0.060263,0.053788,0.052009
423.41,0.037434,0.11482,0.052926,0.045901,0.048025
423.44,0.037021,0.11105,0.048005,0.047859,0.04376
423.46,0.032795,0.095827,0.048653,0.046362,0.042021
423.49,0.042829,0.13637,0.058623,0.052636,0.052738
423.51,0.03412,0.088983,0.044337,0.045153,0.042245
423.54,0.038242,0.11499,0.048351,0.047743,0.044041
423.57,0.032119,0.089497,0.043733,0.04688,0.038317
423.59,0.039326,0.10832,0.050336,0.049125,0.046678
423.62,0.032497,0.095656,0.045243,0.043656,0.041796
423.64,0.036367,0.1001,0.045502,0.047513,0.044546
423.67,0.038988,0.11482,0.05435,0.052694,0.046902
423.69,0.042078,0.12833,0.057976,0.051946,0.049877
423.72,0.031339,0.092918,0.043344,0.04026,0.037307
423.75,0.040633,0.11191,0.050379,0.049758,0.04477
423.77,0.033546,0.10216,0.04343,0.04475,0.04275
423.8,0.038076,0.10814,0.052494,0.0516,0.046959
423.82,0.035748,0.1013,0.043517,0.048492,0.042413
423.85,0.037153,0.10062,0.048394,0.049873,0.045668
423.87,0.033019,0.088299,0.043776,0.04475,0.042189
423.9,0.041986,0.13158,0.057932,0.055457,0.05083
423.92,0.034968,0.10558,0.044596,0.047168,0.041852
423.95,0.041379,0.12303,0.052106,0.053327,0.051111
423.97,0.032314,0.091892,0.043301,0.042159,0.037139
424,0.039578,0.11311,0.050681,0.050046,0.045275
424.02,0.033948,0.09155,0.045675,0.043196,0.043087
424.05,0.038999,0.11345,0.048049,0.050794,0.046566
424.08,0.035461,0.09788,0.049646,0.043196,0.042357
424.1,0.041287,0.12337,0.053789,0.049816,0.051055
424.13,0.035565,0.10113,0.042912,0.04498,0.043143
424.15,0.040014,0.11567,0.049732,0.049758,0.04954
424.18,0.035989,0.11122,0.048739,0.048031,0.043872
424.2,0.038277,0.1114,0.047574,0.04688,0.044153
424.23,0.043781,0.13603,0.070104,0.056839,0.055544
424.25,0.042072,0.12594,0.053271,0.053961,0.050606
424.28,0.035719,0.10113,0.044682,0.048089,0.04449
424.31,0.039561,0.11636,0.053573,0.049413,0.047576
424.33,0.033214,0.094116,0.042826,0.043886,0.040225
424.36,0.040444,0.12149,0.05271,0.051946,0.04477
424.38,0.042044,0.13056,0.063457,0.058911,0.054758
424.41,0.041453,0.11293,0.051199,0.051946,0.051279
424.43,0.036299,0.098735,0.047099,0.05137,0.042582
424.46,0.041837,0.11567,0.053142,0.054363,0.050718
424.48,0.044503,0.1321,0.060479,0.057817,0.056442
424.51,0.040943,0.11875,0.052149,0.051255,0.047856
424.53,0.035949,0.094629,0.048178,0.045729,0.04477
424.56,0.062593,0.19249,0.096604,0.083549,0.081188
424.58,0.036207,0.10832,0.045588,0.046592,0.044939
424.61,0.041573,0.1244,0.049516,0.051312,0.051055
424.63,0.035679,0.099933,0.045286,0.048492,0.038485
424.66,0.041608,0.12508,0.053573,0.053788,0.048025
424.69,0.036625,0.10763,0.048955,0.04734,0.043592
424.71,0.041986,0.11858,0.053142,0.054306,0.051055
424.74,0.038764,0.10438,0.04861,0.048492,0.048586
424.76,0.042852,0.11037,0.052019,0.052406,0.050269
424.79,0.038403,0.094116,0.048567,0.048952,0.047744
424.81,0.04307,0.1244,0.050681,0.053788,0.051279
424.84,0.042502,0.12269,0.056465,0.052752,0.053187
424.86,0.041195,0.11396,0.050422,0.052752,0.049372
424.89,0.037589,0.098393,0.04848,0.047571,0.045836
424.91,0.042262,0.12046,0.048998,0.052752,0.048305
424.94,0.037084,0.096853,0.047919,0.047916,0.047464
424.96,0.047347,0.13877,0.060738,0.062941,0.055712
424.99,0.03744,0.10301,0.047617,0.046247,0.046397
425.02,0.041356,0.11191,0.052494,0.050104,0.049259
425.04,0.037491,0.098051,0.047919,0.045556,0.046341
425.07,0.042537,0.1167,0.052753,0.052003,0.052738
425.09,0.037566,0.10541,0.048264,0.047168,0.045331
425.12,0.044091,0.12046,0.05448,0.053788,0.048866
425.14,0.037881,0.11191,0.04615,0.048952,0.04679
425.17,0.042852,0.11687,0.050681,0.052291,0.044097
425.19,0.039406,0.10814,0.054307,0.05091,0.04752
425.22,0.04647,0.13056,0.062335,0.057933,0.058743
425.24,0.037726,0.10455,0.050422,0.048377,0.045836
425.27,0.042135,0.11499,0.051933,0.053442,0.047913
425.3,0.037216,0.10404,0.048092,0.048434,0.045107
425.32,0.050392,0.14322,0.066565,0.059257,0.058518
425.35,0.036901,0.10027,0.047444,0.048377,0.048866
425.37,0.043437,0.11704,0.05927,0.055803,0.050606
425.4,0.037164,0.094629,0.05025,0.047398,0.041852
425.42,0.044194,0.12269,0.054221,0.052464,0.050101
425.45,0.037961,0.098051,0.049559,0.050276,0.046285
425.47,0.042972,0.11841,0.05258,0.053039,0.049091
425.5,0.037279,0.097366,0.047272,0.048895,0.043087
425.52,0.042422,0.11721,0.053573,0.052176,0.051953
425.55,0.037841,0.1025,0.051329,0.049643,0.045107
425.57,0.042061,0.11858,0.054177,0.052924,0.048586
425.6,0.03838,0.10387,0.050422,0.049931,0.044939
425.62,0.044779,0.12474,0.053875,0.056724,0.052794
425.65,0.037875,0.11071,0.048308,0.049528,0.04578
425.67,0.04268,0.12252,0.050984,0.052521,0.050213
425.7,0.037181,0.098735,0.046883,0.047456,0.045556
425.73,0.046826,0.13312,0.06445,0.060696,0.058125
425.75,0.038586,0.10216,0.04684,0.047628,0.044546
425.77,0.042892,0.12115,0.052667,0.056033,0.050662
425.8,0.038592,0.098735,0.050379,0.049355,0.041123
425.83,0.042617,0.11447,0.054221,0.05373,0.05358
425.85,0.039142,0.10917,0.052624,0.048492,0.048081
425.88,0.041625,0.1155,0.052969,0.053903,0.049596
425.9,0.038495,0.097024,0.050293,0.047283,0.04752
425.93,0.04221,0.12337,0.052063,0.049125,0.052289
425.95,0.041258,0.11927,0.058666,0.057069,0.055825
425.98,0.043878,0.12423,0.05258,0.054248,0.050494
426,0.037474,0.10267,0.050422,0.048895,0.044939
426.03,0.040971,0.10609,0.054523,0.051543,0.046846
426.05,0.037216,0.098735,0.048955,0.046016,0.048418
426.08,0.042778,0.12132,0.057673,0.053788,0.046959
426.1,0.039458,0.093431,0.054307,0.052406,0.045163
426.13,0.042892,0.12542,0.057717,0.050852,0.050269
426.15,0.036797,0.097709,0.045934,0.047225,0.044939
426.18,0.044027,0.11892,0.054048,0.05586,0.054253
426.2,0.038535,0.10318,0.049948,0.050794,0.042638
426.23,0.043569,0.11533,0.05612,0.048952,0.052514
426.25,0.037371,0.095998,0.050379,0.048146,0.046622
426.28,0.043655,0.11636,0.058148,0.056378,0.052177
426.31,0.039211,0.10472,0.052019,0.050564,0.043255
426.33,0.044693,0.12731,0.053142,0.059199,0.052346
426.36,0.038282,0.096169,0.046926,0.049643,0.046846
426.38,0.044951,0.11721,0.056983,0.055457,0.052009
426.41,0.03936,0.10455,0.049818,0.053788,0.044209
426.43,0.046671,0.13466,0.061515,0.060581,0.054702
426.46,0.039584,0.10455,0.051976,0.049125,0.04679
426.48,0.044102,0.11191,0.05681,0.051946,0.050213
426.51,0.042709,0.12303,0.053918,0.0554,0.05257
426.53,0.043701,0.11636,0.056033,0.052636,0.052346
426.56,0.038133,0.10267,0.052624,0.049816,0.0455
426.58,0.044234,0.12731,0.054436,0.0535,0.049708
426.61,0.039337,0.10301,0.052365,0.049528,0.044939
426.63,0.044182,0.12525,0.051847,0.054018,0.051279
426.66,0.041642,0.1066,0.053012,0.052752,0.0478
426.68,0.042651,0.11037,0.053962,0.054191,0.051448
426.71,0.039756,0.10524,0.052537,0.050391,0.046117
426.73,0.047691,0.12867,0.059875,0.060178,0.054983
426.76,0.038936,0.099077,0.048394,0.049528,0.045219
426.78,0.045191,0.12457,0.059098,0.058451,0.051784
426.81,0.041166,0.11208,0.053616,0.053155,0.05083
426.83,0.044125,0.12217,0.057112,0.058969,0.051392
426.86,0.041459,0.10455,0.051631,0.056033,0.044939
426.88,0.044331,0.11567,0.054782,0.055112,0.053636
426.91,0.041545,0.11755,0.054436,0.05114,0.049989
426.94,0.043265,0.11567,0.053703,0.056436,0.052177
426.96,0.03998,0.10164,0.049905,0.051312,0.049989
426.99,0.04737,0.12457,0.059011,0.060523,0.05734
427.01,0.041035,0.10934,0.05271,0.051543,0.047071
427.04,0.044905,0.12252,0.056767,0.054421,0.051897
427.06,0.040754,0.10353,0.05271,0.051543,0.045107
427.09,0.046917,0.11875,0.057803,0.057702,0.058406
427.11,0.04487,0.12782,0.063284,0.061617,0.054646
427.14,0.045851,0.11875,0.056853,0.057933,0.054141
427.16,0.040616,0.10797,0.053444,0.04947,0.050157
427.19,0.046212,0.12406,0.059702,0.057012,0.054927
427.21,0.039349,0.098906,0.052149,0.047456,0.04578
427.24,0.043385,0.11328,0.055515,0.052752,0.051279
427.26,0.041092,0.1037,0.053573,0.053673,0.052177
427.29,0.04643,0.12354,0.055861,0.056206,0.052177
427.31,0.041012,0.10181,0.053098,0.05091,0.049428
427.34,0.045988,0.11944,0.058235,0.056263,0.054927
427.36,0.043076,0.11191,0.053012,0.053845,0.048698
427.39,0.044916,0.12115,0.056076,0.057645,0.04982
427.41,0.040742,0.10712,0.057846,0.052924,0.048474
427.44,0.047915,0.13244,0.062766,0.061214,0.052963
427.46,0.044647,0.12799,0.0635,0.061329,0.05459
427.49,0.061704,0.18992,0.094144,0.081765,0.077934
427.51,0.040868,0.10045,0.054911,0.053615,0.049428
427.54,0.045816,0.12423,0.06091,0.057702,0.054478
427.56,0.043414,0.10917,0.055256,0.054248,0.052458
427.59,0.046269,0.11413,0.05776,0.059832,0.049372
427.61,0.041264,0.097195,0.053142,0.052579,0.048923
427.64,0.04694,0.11293,0.058666,0.055515,0.049596
427.66,0.041447,0.098906,0.055774,0.050104,0.047183
427.69,0.047244,0.12286,0.057544,0.064035,0.054029
427.71,0.053815,0.15194,0.075283,0.071403,0.068282
427.74,0.047147,0.11687,0.056983,0.060868,0.055376
427.76,0.043913,0.11447,0.057328,0.055227,0.052458
427.79,0.048161,0.12867,0.062378,0.061617,0.05734
427.81,0.042967,0.11465,0.056422,0.054997,0.052458
427.84,0.047886,0.12474,0.061083,0.060178,0.057676
427.86,0.047777,0.13415,0.065486,0.059947,0.055712
427.89,0.050919,0.14322,0.064277,0.062653,0.062109
427.91,0.042542,0.11242,0.055386,0.05586,0.053412
427.94,0.050661,0.13244,0.060263,0.061502,0.059416
427.96,0.042611,0.10695,0.05681,0.054766,0.049652
427.99,0.046722,0.11927,0.056422,0.059257,0.053973
428.01,0.044366,0.10832,0.054954,0.054421,0.047744
428.04,0.048236,0.11721,0.06009,0.065071,0.056498
428.06,0.043403,0.11088,0.059184,0.055572,0.052009
428.09,0.050369,0.12577,0.060306,0.060696,0.058799
428.12,0.043099,0.11242,0.057328,0.05799,0.049372
428.14,0.052708,0.14938,0.071096,0.065934,0.063456
428.17,0.043661,0.11619,0.059443,0.057472,0.052346
428.19,0.050902,0.13124,0.059486,0.062365,0.059753
428.21,0.045237,0.11636,0.060047,0.059199,0.052233
428.24,0.055099,0.14424,0.067816,0.070021,0.060875
428.26,0.042772,0.099419,0.055343,0.053961,0.046846
428.29,0.047376,0.13073,0.058925,0.060235,0.053861
428.31,0.04268,0.11191,0.055429,0.054939,0.0533
428.34,0.053224,0.14048,0.074074,0.064438,0.063119
428.37,0.045811,0.10678,0.059831,0.059832,0.052626
428.39,0.04893,0.12611,0.063457,0.063516,0.057059
428.42,0.045994,0.11174,0.059788,0.058163,0.052121
428.44,0.048723,0.11396,0.059529,0.058163,0.055544
428.46,0.045105,0.10763,0.05927,0.057242,0.05083
428.49,0.048127,0.1155,0.059572,0.059199,0.054534
428.51,0.044308,0.11447,0.0594,0.054248,0.053187
428.54,0.050271,0.12885,0.061342,0.06415,0.054085
428.56,0.043236,0.1078,0.054911,0.052291,0.051055
428.59,0.056842,0.14664,0.072046,0.069561,0.069348
428.62,0.045811,0.11978,0.060479,0.057645,0.052458
428.64,0.047921,0.12098,0.060479,0.060465,0.056835
428.67,0.044372,0.10763,0.057889,0.05989,0.052346
428.69,0.051017,0.12867,0.064622,0.063171,0.05936
428.71,0.043741,0.10763,0.05858,0.059487,0.05156
428.74,0.049847,0.12645,0.060565,0.062711,0.055825
428.76,0.045513,0.11157,0.059961,0.056896,0.051279
428.79,0.087919,0.26913,0.14602,0.11786,0.11345
428.81,0.045484,0.12303,0.060824,0.060293,0.051167
428.84,0.050191,0.12611,0.060738,0.060984,0.059079
428.86,0.046952,0.11704,0.064493,0.060523,0.057059
428.89,0.051693,0.135,0.064363,0.066049,0.058125
428.91,0.045134,0.11516,0.055343,0.06012,0.054758
428.94,0.051332,0.12423,0.063155,0.061271,0.061324
428.96,0.045776,0.10832,0.064579,0.061041,0.056442
428.99,0.051906,0.11961,0.06527,0.062192,0.055769
429.01,0.047657,0.11995,0.060695,0.060581,0.05459
429.04,0.050656,0.13056,0.065097,0.063516,0.056498
429.06,0.048408,0.13175,0.060177,0.061559,0.054983
429.09,0.052049,0.12679,0.06514,0.064322,0.059697
429.11,0.045318,0.10472,0.056681,0.059026,0.053187
429.14,0.05108,0.12269,0.063716,0.065359,0.059584
429.16,0.045254,0.10883,0.060652,0.060235,0.050101
429.19,0.051464,0.13004,0.067687,0.063516,0.059977
429.21,0.050971,0.12474,0.071355,0.065474,0.059865
429.24,0.056068,0.14938,0.078606,0.071,0.068394
429.26,0.046946,0.10934,0.061342,0.061617,0.055432
429.29,0.051303,0.12713,0.063155,0.067489,0.06037
429.31,0.046287,0.109,0.061687,0.062423,0.0533
429.34,0.049996,0.12816,0.064018,0.062826,0.056947
429.36,0.045226,0.10284,0.059875,0.055687,0.052794
429.39,0.051676,0.13894,0.067644,0.067604,0.061548
429.41,0.044802,0.10883,0.060263,0.057645,0.05459
429.44,0.056269,0.15382,0.072823,0.072842,0.062278
429.46,0.044096,0.10421,0.059745,0.057242,0.054478
429.49,0.052422,0.13877,0.065097,0.067834,0.060033
429.51,0.052284,0.135,0.06691,0.065762,0.059921
429.54,0.050283,0.1155,0.06091,0.063632,0.058125
429.56,0.047577,0.11807,0.061299,0.058105,0.058462
429.59,0.052026,0.12234,0.064622,0.062768,0.059416
429.61,0.045679,0.11157,0.06022,0.06035,0.054085
429.64,0.055311,0.14048,0.071571,0.070482,0.064803
429.66,0.047485,0.11191,0.063543,0.058911,0.055488
429.69,0.050896,0.11875,0.063673,0.064668,0.056105
429.71,0.047164,0.10814,0.063241,0.062077,0.05762
429.74,0.051126,0.11995,0.068723,0.064207,0.057845
429.76,0.04737,0.10832,0.061817,0.060293,0.052907
429.79,0.050621,0.12388,0.066867,0.06415,0.061492
429.81,0.045438,0.10712,0.0594,0.058508,0.054927
429.83,0.052146,0.13124,0.069197,0.06841,0.057957
429.86,0.047043,0.10489,0.064622,0.058969,0.054702
429.88,0.052009,0.14014,0.065227,0.065186,0.058855
429.91,0.047066,0.11071,0.065486,0.059775,0.056274
429.94,0.049601,0.11225,0.065399,0.063977,0.058181
429.96,0.045484,0.099933,0.061213,0.059141,0.052738
429.98,0.049864,0.11755,0.066003,0.062826,0.058406
430.01,0.046195,0.11362,0.060004,0.056954,0.051392
430.03,0.052072,0.12628,0.062723,0.065762,0.059977
430.06,0.046201,0.10866,0.060608,0.059775,0.052289
430.08,0.050868,0.11824,0.067255,0.065992,0.057508
430.11,0.046751,0.10541,0.061169,0.062077,0.053075
430.13,0.050673,0.1285,0.066565,0.066165,0.05661
430.16,0.044675,0.10301,0.060134,0.058738,0.0533
430.18,0.052852,0.1297,0.068507,0.070252,0.062109
430.21,0.046172,0.11362,0.065788,0.060581,0.052738
430.23,0.051539,0.11824,0.067385,0.067373,0.059584
430.26,0.045604,0.099933,0.062594,0.060293,0.052402
430.28,0.051407,0.13175,0.066176,0.064322,0.058799
430.31,0.046992,0.10301,0.066047,0.063401,0.05459
430.33,0.052485,0.122,0.067557,0.067086,0.057059
430.36,0.049589,0.12354,0.067385,0.06415,0.056666
430.38,0.053368,0.11345,0.067946,0.071058,0.059921
430.41,0.04733,0.11225,0.060997,0.065359,0.053243
430.43,0.053763,0.13141,0.069327,0.066165,0.061043
430.46,0.047571,0.10079,0.067126,0.063056,0.056779
430.48,0.054566,0.13278,0.065744,0.068294,0.061268
430.5,0.052112,0.12765,0.073039,0.071518,0.060763
430.53,0.054291,0.12406,0.072219,0.069791,0.058799
430.56,0.048798,0.1179,0.067169,0.064207,0.055825
430.58,0.054319,0.12371,0.069327,0.071173,0.061212
430.6,0.047473,0.10763,0.066478,0.063574,0.062558
430.63,0.057186,0.14065,0.074463,0.075202,0.067496
430.65,0.048362,0.11276,0.063586,0.063862,0.055039
430.68,0.054554,0.12611,0.067816,0.071979,0.063681
430.7,0.049635,0.11225,0.066219,0.062826,0.056835
430.73,0.053958,0.12782,0.069197,0.065359,0.061436
430.75,0.049549,0.11259,0.069025,0.064956,0.056722
430.78,0.05362,0.12525,0.073082,0.069734,0.060707
430.8,0.049704,0.10797,0.06855,0.06484,0.056274
430.83,0.055707,0.13603,0.070449,0.072785,0.062951
430.85,0.049583,0.11636,0.065183,0.066683,0.056386
430.88,0.055587,0.13346,0.069672,0.071576,0.059977
430.9,0.051487,0.10832,0.069456,0.069446,0.058574
430.93,0.055265,0.12388,0.072046,0.074051,0.059416
430.95,0.051625,0.11088,0.066694,0.070885,0.056891
430.98,0.06155,0.14903,0.08521,0.079117,0.069797
431,0.051109,0.11208,0.06596,0.06864,0.057115
431.02,0.054749,0.12953,0.07196,0.06841,0.063905
431.05,0.049142,0.10524,0.069543,0.06461,0.057284
431.07,0.060173,0.14253,0.077829,0.078656,0.066318
431.1,0.048993,0.10746,0.064148,0.064265,0.055488
431.12,0.055753,0.12662,0.072823,0.070194,0.064298
431.15,0.050627,0.10626,0.068377,0.066395,0.055263
431.17,0.054881,0.13039,0.070276,0.072324,0.056442
431.2,0.052657,0.11516,0.068636,0.069331,0.055207
431.22,0.055558,0.12269,0.072434,0.07549,0.058911
431.25,0.051831,0.11892,0.068809,0.06841,0.058125
431.27,0.055999,0.13158,0.070751,0.075951,0.060594
431.3,0.0494,0.10712,0.066349,0.069273,0.054422
431.32,0.05659,0.12679,0.072262,0.075605,0.064466
431.35,0.052135,0.11516,0.073643,0.066567,0.058013
431.37,0.057788,0.13483,0.074506,0.073072,0.066374
431.39,0.056171,0.13158,0.078822,0.074166,0.066711
431.42,0.059268,0.12833,0.07524,0.076008,0.065308
431.44,0.054876,0.12508,0.080808,0.073648,0.061941
431.47,0.057049,0.12542,0.075887,0.073072,0.065981
431.49,0.052439,0.1179,0.069845,0.071,0.060426
431.52,0.055845,0.12029,0.072262,0.073533,0.064298
431.54,0.051544,0.11122,0.068032,0.070885,0.058967
431.57,0.05792,0.13826,0.073686,0.073821,0.064354
431.59,0.052399,0.11584,0.070622,0.072382,0.056274
431.62,0.061693,0.13945,0.085037,0.082168,0.070358
431.64,0.058063,0.13141,0.079599,0.077678,0.068226
431.67,0.057094,0.13381,0.075499,0.074857,0.062222
431.69,0.053907,0.12269,0.072089,0.071748,0.062446
431.72,0.057439,0.12782,0.07196,0.073993,0.065364
431.74,0.051745,0.10267,0.069758,0.071058,0.059921
431.76,0.05913,0.13774,0.079211,0.077563,0.066037
431.79,0.051584,0.10541,0.067126,0.071461,0.062166
431.81,0.064801,0.14801,0.088231,0.087176,0.075296
431.84,0.05319,0.11191,0.07675,0.073072,0.060258
431.86,0.05843,0.12645,0.075153,0.078541,0.065925
431.89,0.057811,0.12406,0.075801,0.077275,0.06239
431.91,0.058367,0.1285,0.075197,0.076642,0.065027
431.94,0.057507,0.12474,0.080505,0.083146,0.066542
431.96,0.059336,0.1256,0.074592,0.075605,0.069573
431.99,0.054646,0.11465,0.071269,0.069273,0.062671
432.01,0.05987,0.13227,0.077225,0.075548,0.06817
432.04,0.056498,0.11944,0.072348,0.074166,0.065252
432.06,0.061624,0.13227,0.080419,0.08401,0.063737
432.08,0.055965,0.11465,0.078002,0.07503,0.063793
432.11,0.061274,0.13962,0.078908,0.078887,0.070919
432.13,0.0569,0.11755,0.076621,0.076066,0.063456
432.16,0.059864,0.1232,0.076276,0.078599,0.06817
432.18,0.054916,0.11174,0.072607,0.074742,0.059753
432.21,0.060856,0.12354,0.075974,0.076929,0.067328
432.23,0.05444,0.11619,0.072564,0.076239,0.059079
432.26,0.059503,0.1297,0.076923,0.081132,0.067721
432.28,0.056888,0.12987,0.0777,0.073648,0.065925
432.31,0.060191,0.122,0.080635,0.079002,0.070134
432.33,0.053528,0.11054,0.071873,0.072842,0.060763
432.36,0.061039,0.12457,0.078779,0.081822,0.06845
432.38,0.056607,0.10986,0.078218,0.081247,0.064691
432.4,0.062031,0.13039,0.080592,0.078771,0.070751
432.43,0.056051,0.11995,0.078434,0.077908,0.066879
432.45,0.062094,0.13004,0.076362,0.08424,0.067272
432.48,0.057289,0.12645,0.07688,0.078829,0.06413
432.5,0.06124,0.12833,0.080333,0.082571,0.066991
432.53,0.057244,0.10883,0.078563,0.07952,0.062166
432.55,0.067054,0.1439,0.089828,0.087119,0.074455
432.58,0.057416,0.11242,0.077053,0.073936,0.064691
432.6,0.062576,0.13449,0.079297,0.082744,0.068394
432.63,0.056808,0.11328,0.074204,0.079347,0.067104
432.65,0.062255,0.1285,0.082922,0.085852,0.067609
432.67,0.055609,0.11276,0.076017,0.07572,0.060202
432.7,0.062536,0.13535,0.083268,0.086773,0.067104
432.72,0.058058,0.11293,0.075412,0.075605,0.066823
432.75,0.06116,0.12252,0.079858,0.083607,0.067833
432.77,0.056298,0.10096,0.072823,0.076469,0.060819
432.8,0.065414,0.13586,0.090864,0.089479,0.073388
432.82,0.055231,0.10541,0.076535,0.07336,0.063119
432.85,0.063172,0.1285,0.082016,0.083434,0.068506
432.87,0.059566,0.109,0.076923,0.081592,0.066094
432.89,0.063488,0.12696,0.085124,0.085161,0.074342
432.92,0.058505,0.11191,0.077916,0.082801,0.064915
432.94,0.063344,0.12748,0.085771,0.089133,0.069797
432.97,0.061664,0.13483,0.088274,0.085507,0.070807
432.99,0.066555,0.1374,0.08426,0.090342,0.072715
433.02,0.060902,0.1143,0.080246,0.086831,0.065532
433.04,0.067587,0.13928,0.086548,0.089018,0.073388
433.07,0.060334,0.11174,0.082189,0.083549,0.069853
433.09,0.065466,0.1374,0.088102,0.089651,0.070583
433.12,0.065362,0.1386,0.095007,0.091148,0.072322
433.14,0.064703,0.12782,0.08357,0.087809,0.071649
433.16,0.061372,0.11328,0.080074,0.083722,0.069404
433.19,0.066939,0.12577,0.081714,0.092242,0.069011
433.21,0.064881,0.12252,0.090519,0.088846,0.069797
433.24,0.066842,0.12867,0.088361,0.09512,0.071705
433.26,0.062857,0.12217,0.082663,0.088155,0.068675
433.29,0.069233,0.13654,0.087282,0.094084,0.075296
433.31,0.062364,0.11704,0.08439,0.085795,0.070134
433.34,0.067266,0.12987,0.087152,0.095235,0.071424
433.36,0.063224,0.11721,0.084865,0.090457,0.069685
433.38,0.067988,0.13278,0.0878,0.092587,0.072659
433.41,0.062203,0.10849,0.084347,0.084183,0.068675
433.43,0.072168,0.15725,0.10032,0.096502,0.07799
433.46,0.063212,0.1102,0.086677,0.088327,0.065869
433.48,0.07269,0.14048,0.093583,0.095811,0.075408
433.51,0.063728,0.1114,0.083397,0.089076,0.066486
433.53,0.067891,0.12662,0.088059,0.094545,0.074455
433.56,0.065758,0.11841,0.090346,0.094026,0.071705
433.58,0.070075,0.12987,0.090864,0.098689,0.071368
433.61,0.06503,0.11276,0.089138,0.094142,0.069516
433.63,0.071411,0.13381,0.095094,0.097423,0.073388
433.65,0.074313,0.14869,0.10571,0.10479,0.080066
433.68,0.069795,0.12782,0.091727,0.096444,0.078663
433.7,0.066721,0.11909,0.088188,0.094775,0.073669
433.73,0.071543,0.13483,0.091037,0.10226,0.075913
433.75,0.066784,0.11875,0.087886,0.093221,0.075577
433.77,0.072925,0.13398,0.094835,0.1022,0.079056
433.8,0.068097,0.11909,0.088533,0.096502,0.074062
433.82,0.072335,0.12987,0.099194,0.10548,0.076755
433.85,0.067954,0.12063,0.094144,0.098286,0.074174
433.87,0.07214,0.13004,0.094835,0.10295,0.077372
433.9,0.069061,0.12423,0.093108,0.097883,0.070583
433.92,0.074674,0.13569,0.09531,0.10266,0.082759
433.95,0.068803,0.10746,0.091857,0.099092,0.074455
433.97,0.074829,0.13193,0.098892,0.10283,0.083377
434,0.071532,0.13021,0.098547,0.10197,0.077597
434.02,0.078733,0.15023,0.11046,0.11464,0.090559
434.04,0.068384,0.11311,0.093281,0.097768,0.072098
434.07,0.075494,0.13021,0.10001,0.11014,0.080739
434.09,0.071429,0.12115,0.09859,0.1018,0.079898
434.12,0.077093,0.14185,0.097554,0.10871,0.082759
434.14,0.072094,0.1256,0.095827,0.10456,0.077765
434.17,0.076377,0.1285,0.10269,0.11055,0.079898
434.19,0.073034,0.12782,0.096734,0.1075,0.077036
434.21,0.077048,0.12406,0.099841,0.11199,0.08029
434.24,0.071159,0.12098,0.09777,0.10842,0.07625
434.26,0.075511,0.12936,0.1007,0.1113,0.078775
434.29,0.071991,0.11088,0.10014,0.10784,0.075577
434.31,0.079324,0.1297,0.10252,0.11147,0.088539
434.34,0.073986,0.11311,0.09941,0.10577,0.073781
434.36,0.081124,0.14715,0.11011,0.11642,0.084892
434.38,0.075614,0.12098,0.10433,0.10922,0.078831
434.41,0.078045,0.12748,0.10234,0.11866,0.085116
434.43,0.075522,0.11773,0.10247,0.11199,0.079224
434.46,0.080906,0.12679,0.10152,0.12005,0.085228
434.48,0.076675,0.11721,0.10032,0.11492,0.078888
434.51,0.082649,0.14441,0.10649,0.12223,0.09011
434.53,0.075242,0.12748,0.10627,0.11659,0.07799
434.56,0.0832,0.14766,0.11111,0.11832,0.083882
434.58,0.077363,0.12166,0.10735,0.11475,0.081974
434.6,0.084501,0.13979,0.10925,0.12569,0.089886
434.63,0.081136,0.12098,0.10558,0.12126,0.088427
434.65,0.085006,0.13843,0.1055,0.12039,0.087978
434.68,0.080396,0.11259,0.10498,0.12436,0.084555
434.7,0.084341,0.12833,0.10679,0.12051,0.08607
434.73,0.080195,0.12303,0.10653,0.12425,0.082816
434.75,0.085562,0.13791,0.11067,0.12505,0.089718
434.77,0.079416,0.11995,0.1077,0.12448,0.080627
434.8,0.085872,0.13518,0.10985,0.12661,0.092187
434.82,0.082856,0.1321,0.11085,0.12649,0.086295
434.85,0.089622,0.1492,0.11581,0.12839,0.094207
434.87,0.083005,0.12594,0.11219,0.12534,0.086463
434.89,0.089513,0.14459,0.1168,0.13484,0.092692
434.92,0.089134,0.14373,0.11926,0.13841,0.095217
434.94,0.089553,0.14801,0.11417,0.13018,0.094936
434.97,0.084352,0.12269,0.11326,0.12655,0.085228
434.99,0.092781,0.14561,0.12034,0.13985,0.094263
435.02,0.085992,0.12542,0.12112,0.13334,0.092748
435.04,0.088263,0.12953,0.11206,0.13743,0.090447
435.06,0.088406,0.13158,0.11771,0.13317,0.093758
435.09,0.092626,0.15861,0.11823,0.13991,0.097125
435.11,0.08875,0.13039,0.11693,0.13743,0.088932
435.14,0.097987,0.1658,0.12897,0.14848,0.10223
435.16,0.096525,0.15759,0.14248,0.149,0.10644
435.19,0.098274,0.1593,0.12958,0.1494,0.10318
435.21,0.089897,0.13586,0.11715,0.13599,0.090166
435.24,0.095636,0.14305,0.12384,0.14359,0.101
435.26,0.091026,0.12098,0.11935,0.14002,0.093702
435.28,0.095728,0.13706,0.12436,0.14676,0.097293
435.31,0.092081,0.13654,0.12017,0.13968,0.092972
435.33,0.098142,0.13689,0.1219,0.14808,0.098808
435.36,0.093612,0.13603,0.1178,0.14509,0.096002
435.38,0.099495,0.15399,0.12988,0.15113,0.10212
435.4,0.094323,0.13535,0.12203,0.14549,0.095385
435.43,0.096932,0.14373,0.12323,0.15096,0.098976
435.45,0.097368,0.13569,0.12349,0.15723,0.10212
435.48,0.10453,0.16084,0.13497,0.16771,0.10565
435.5,0.09649,0.1309,0.12496,0.15366,0.097012
435.53,0.099254,0.14202,0.12526,0.15798,0.0969
435.55,0.10128,0.1528,0.13441,0.16558,0.10453
435.57,0.10241,0.14732,0.13282,0.1589,0.10419
435.6,0.099902,0.14424,0.13061,0.16103,0.1006
435.62,0.10542,0.1463,0.13467,0.16506,0.10593
435.65,0.09965,0.12765,0.13105,0.15758,0.10072
435.67,0.10999,0.16238,0.13838,0.16621,0.10925
435.69,0.10464,0.14151,0.13446,0.17013,0.10257
435.72,0.11036,0.15057,0.13407,0.16794,0.10863
435.74,0.10433,0.1427,0.13204,0.16604,0.10341
435.77,0.11075,0.15536,0.13713,0.17105,0.11082
435.79,0.1089,0.14527,0.13493,0.16362,0.10812
435.82,0.11769,0.1605,0.14598,0.17997,0.11284
435.84,0.11557,0.13261,0.13398,0.17439,0.107
435.86,0.12081,0.15365,0.14434,0.17393,0.11048
435.89,0.11478,0.14698,0.13989,0.1741,0.10633
435.91,0.12096,0.15109,0.14192,0.18412,0.10835
435.94,0.12069,0.13175,0.14132,0.17905,0.11373
435.96,0.13417,0.14955,0.14723,0.18579,0.11452
435.99,0.14347,0.13826,0.14041,0.17934,0.10358
436.01,0.15771,0.17897,0.15889,0.19638,0.12507
436.03,0.13633,0.13346,0.14387,0.18366,0.11059
436.06,0.12761,0.16186,0.14719,0.18619,0.12148
436.08,0.11486,0.14852,0.14141,0.18976,0.11547
436.11,0.11977,0.15553,0.15293,0.19229,0.11907
436.13,0.11585,0.13483,0.14645,0.18746,0.11267
436.15,0.12265,0.15382,0.14689,0.19471,0.11564
436.18,0.1184,0.13928,0.14555,0.18584,0.11559
436.2,0.12278,0.15725,0.15077,0.20075,0.1185
436.23,0.11776,0.14732,0.15409,0.19926,0.11188
436.25,0.12886,0.16204,0.1657,0.20847,0.12844
436.27,0.12237,0.14339,0.15712,0.20162,0.12221
436.3,0.12364,0.14749,0.15742,0.20501,0.12148
436.32,0.12205,0.1492,0.15336,0.20645,0.11968
436.35,0.12901,0.15896,0.15884,0.21296,0.12827
436.37,0.12374,0.14065,0.15314,0.20582,0.11817
436.39,0.13,0.15844,0.16122,0.21382,0.12748
436.42,0.12418,0.14852,0.16065,0.20167,0.1249
436.44,0.13268,0.15827,0.16562,0.21658,0.12759
436.47,0.12816,0.14732,0.16346,0.21728,0.1221
436.49,0.1415,0.1889,0.17813,0.23178,0.14477
436.52,0.12994,0.13928,0.16437,0.21371,0.12788
436.54,0.13901,0.16375,0.17326,0.22683,0.13399
436.56,0.13391,0.15246,0.16605,0.22729,0.12905
436.59,0.1389,0.15725,0.17395,0.22706,0.13562
436.61,0.13769,0.16067,0.1768,0.23017,0.13315
436.64,0.14428,0.17863,0.17779,0.23829,0.14112
436.66,0.14298,0.17778,0.18413,0.23322,0.14695
436.69,0.14176,0.16392,0.17982,0.23345,0.13315
436.71,0.15449,0.20908,0.21072,0.25222,0.15329
436.73,0.14845,0.18855,0.18461,0.25228,0.14959
436.76,0.14168,0.14698,0.173,0.24445,0.13719
436.78,0.15153,0.17863,0.18241,0.24825,0.14381
436.81,0.14419,0.16358,0.18301,0.24111,0.14117
436.83,0.15102,0.17897,0.18767,0.25498,0.14639
436.85,0.14652,0.15434,0.18176,0.24214,0.14241
436.88,0.1543,0.17076,0.19134,0.25607,0.1552
436.9,0.14829,0.15348,0.18275,0.2521,0.1428
436.93,0.15508,0.17504,0.18936,0.26235,0.15122
436.95,0.15223,0.16426,0.1878,0.25682,0.14308
436.97,0.15718,0.15981,0.19044,0.26644,0.15296
437,0.15568,0.17008,0.19687,0.2658,0.15139
437.02,0.16059,0.16648,0.19596,0.26782,0.15464
437.05,0.15615,0.16665,0.19199,0.26799,0.15144
437.07,0.16389,0.18565,0.20114,0.28434,0.15408
437.09,0.15945,0.16255,0.1941,0.27651,0.14869
437.12,0.16633,0.16768,0.19782,0.28515,0.15846
437.14,0.1658,0.18051,0.2042,0.28595,0.15391
437.17,0.1693,0.17281,0.20705,0.2852,0.16233
437.19,0.16496,0.17059,0.20066,0.28014,0.15172
437.21,0.17305,0.18411,0.2061,0.29844,0.16665
437.24,0.16698,0.15793,0.20874,0.29217,0.15672
437.26,0.17611,0.18205,0.21193,0.29338,0.16558
437.29,0.17078,0.1711,0.20973,0.29407,0.16912
437.31,0.17688,0.17504,0.21051,0.30765,0.163
437.33,0.17532,0.17435,0.21789,0.30483,0.16946
437.36,0.18239,0.17589,0.21638,0.30662,0.17069
437.38,0.1969,0.23389,0.25466,0.33523,0.19072
437.41,0.18461,0.19488,0.22186,0.31462,0.17709
437.43,0.17838,0.16118,0.21318,0.31404,0.16485
437.45,0.19165,0.20258,0.23554,0.31928,0.18511
437.48,0.18196,0.16477,0.21732,0.31802,0.16553
437.5,0.19016,0.18171,0.22941,0.32757,0.18365
437.52,0.18427,0.15742,0.22112,0.31416,0.1685
437.55,0.19248,0.17863,0.23178,0.33091,0.18135
437.57,0.19039,0.1747,0.22708,0.32182,0.17546
437.6,0.19906,0.18718,0.23532,0.3373,0.18259
437.62,0.19525,0.17008,0.23342,0.34024,0.17754
437.64,0.20222,0.17778,0.23955,0.34743,0.18949
437.67,0.19705,0.16751,0.2323,0.34041,0.18332
437.69,0.20362,0.18496,0.24383,0.34749,0.18792
437.72,0.20103,0.17932,0.23752,0.34162,0.18865
437.74,0.20617,0.19403,0.2459,0.35037,0.18938
437.76,0.20525,0.17589,0.24119,0.35693,0.19471
437.79,0.21125,0.19505,0.24974,0.36332,0.19555
437.81,0.20907,0.18154,0.24883,0.35906,0.19314
437.84,0.21406,0.18496,0.25466,0.36833,0.20481
437.86,0.21097,0.17145,0.24011,0.36718,0.19555
437.88,0.22737,0.2137,0.26825,0.3822,0.21244
437.91,0.21812,0.18565,0.25742,0.3727,0.19819
437.93,0.22214,0.1918,0.26575,0.38128,0.20795
437.96,0.22032,0.18804,0.25634,0.37742,0.20054
437.98,0.22773,0.19882,0.25949,0.38963,0.20481
438,0.22684,0.19796,0.26994,0.39815,0.21233
438.03,0.23246,0.19386,0.27024,0.40137,0.21261
438.05,0.22711,0.18975,0.26929,0.38974,0.20997
438.08,0.26297,0.309,0.3282,0.44357,0.26103
438.1,0.23308,0.18308,0.27551,0.40281,0.2139
438.12,0.24665,0.22431,0.29065,0.42503,0.22798
438.15,0.23757,0.18667,0.28051,0.41283,0.21805
438.17,0.24379,0.19967,0.27581,0.42071,0.2231
438.2,0.24413,0.193,0.2793,0.42066,0.22125
438.22,0.24793,0.20977,0.28919,0.41835,0.23112
438.24,0.24222,0.18034,0.28021,0.42302,0.22248
438.27,0.25389,0.20258,0.29255,0.42797,0.23444
438.29,0.24787,0.19642,0.29126,0.43643,0.23416
438.31,0.25891,0.21097,0.2885,0.44006,0.23752
438.34,0.25619,0.20156,0.29493,0.44478,0.23539
438.36,0.26359,0.21011,0.29596,0.44092,0.24162
438.39,0.26062,0.21131,0.30576,0.44765,0.23578
438.41,0.26625,0.22123,0.30503,0.45427,0.23578
438.44,0.26446,0.19454,0.29976,0.44725,0.24218
438.46,0.27125,0.22893,0.30624,0.46585,0.25009
438.48,0.26772,0.20857,0.3058,0.45675,0.24252
438.51,0.27838,0.22277,0.31789,0.47523,0.2543
438.53,0.2724,0.20481,0.31517,0.45951,0.25161
438.55,0.28221,0.22363,0.31366,0.47373,0.26244
438.58,0.2803,0.20019,0.31966,0.47822,0.26339
438.6,0.2858,0.22345,0.32195,0.4845,0.26788
438.63,0.28416,0.20771,0.31798,0.48726,0.25604
438.65,0.29082,0.21747,0.32423,0.49302,0.26143
438.67,0.29018,0.20395,0.33123,0.49895,0.26754
438.7,0.29998,0.2368,0.32907,0.50591,0.27686
438.72,0.29631,0.21935,0.33304,0.50067,0.26743
438.75,0.30585,0.23611,0.33882,0.51771,0.27265
438.77,0.30082,0.2238,0.33386,0.50712,0.27512
438.79,0.30641,0.22671,0.3415,0.51812,0.27467
438.82,0.30823,0.2202,0.34448,0.52404,0.28393
438.84,0.31478,0.23577,0.34724,0.5336,0.28382
438.86,0.31587,0.23184,0.35643,0.52969,0.28657
438.89,0.32108,0.2315,0.35824,0.53993,0.2869
438.91,0.32152,0.22978,0.35224,0.54373,0.2896
438.94,0.32738,0.24741,0.35285,0.54782,0.29914
438.96,0.32218,0.22517,0.3576,0.53533,0.29695
438.98,0.33295,0.2457,0.36972,0.54534,0.30396
439.01,0.33284,0.22089,0.36321,0.55657,0.3002
439.03,0.33625,0.24398,0.3702,0.55835,0.30626
439.05,0.3369,0.23372,0.37568,0.56296,0.30609
439.08,0.34544,0.26092,0.38047,0.57418,0.31698
439.1,0.34721,0.25134,0.38026,0.57367,0.31199
439.13,0.35224,0.25083,0.385,0.57677,0.31849
439.15,0.34984,0.24501,0.38263,0.57384,0.30727
439.17,0.35786,0.2587,0.38928,0.58961,0.32876
439.2,0.35628,0.23457,0.39122,0.58455,0.31872
439.22,0.36677,0.26742,0.39804,0.60245,0.33437
439.25,0.36051,0.23817,0.39489,0.59871,0.31799
439.27,0.37203,0.26092,0.40024,0.61546,0.33763
439.29,0.36835,0.24381,0.39718,0.61091,0.33258
439.32,0.37754,0.26725,0.40594,0.61414,0.3355
439.34,0.3732,0.26041,0.40926,0.6173,0.33516
439.36,0.38694,0.26126,0.4093,0.62824,0.34044
439.39,0.38002,0.23594,0.40637,0.61298,0.34442
439.41,0.38935,0.26948,0.41401,0.63377,0.35076
439.44,0.39076,0.25391,0.4068,0.63146,0.3484
439.46,0.39484,0.26349,0.41625,0.63279,0.35362
439.48,0.39497,0.26007,0.42264,0.63952,0.36311
439.51,0.40451,0.27683,0.42791,0.65449,0.36125
439.53,0.40252,0.26143,0.42769,0.64205,0.36221
439.55,0.41277,0.29411,0.43442,0.65449,0.37371
439.58,0.40915,0.26742,0.43296,0.66105,0.36541
439.6,0.41978,0.28658,0.43839,0.66358,0.37781
439.63,0.41528,0.27683,0.44327,0.66197,0.37573
439.65,0.4271,0.29377,0.44996,0.67199,0.37668
439.67,0.42314,0.27649,0.44694,0.66888,0.38241
439.7,0.43455,0.30386,0.45924,0.68655,0.38813
439.72,0.42836,0.28128,0.456,0.6846,0.3837
439.74,0.44541,0.29942,0.45898,0.69496,0.38993
439.77,0.4401,0.28693,0.45782,0.69029,0.39335
439.79,0.45417,0.32217,0.48065,0.70071,0.40441
439.81,0.44566,0.28932,0.46464,0.69404,0.40412
439.84,0.45332,0.29685,0.46118,0.70722,0.40255
439.86,0.45487,0.29052,0.47745,0.70745,0.41153
439.89,0.46673,0.32149,0.48479,0.71522,0.42186
439.91,0.46435,0.2936,0.47353,0.7109,0.41742
439.93,0.4752,0.33192,0.49062,0.71885,0.42668
439.96,0.46774,0.31652,0.47715,0.71942,0.43207
439.98,0.48155,0.322,0.49144,0.7337,0.43555
440,0.47561,0.30763,0.48967,0.72311,0.41804
440.03,0.48673,0.3297,0.49783,0.75235,0.43235
440.05,0.48564,0.31156,0.49981,0.73802,0.43807
440.07,0.51039,0.39522,0.53434,0.78113,0.46826
440.1,0.49726,0.31618,0.50016,0.75822,0.43746
440.12,0.50748,0.33363,0.5166,0.7603,0.44352
440.15,0.5084,0.32918,0.51388,0.76421,0.45665
440.17,0.5156,0.34817,0.52152,0.7672,0.46658
440.19,0.5062,0.33158,0.51824,0.76041,0.45272
440.22,0.52324,0.34475,0.52273,0.77325,0.48364
440.24,0.52164,0.32645,0.52333,0.76726,0.45996
440.26,0.52955,0.34817,0.53434,0.77728,0.47606
440.29,0.52875,0.3285,0.52648,0.77993,0.47702
440.31,0.53703,0.35006,0.53969,0.7885,0.48543
440.34,0.53422,0.33466,0.53753,0.79311,0.4842
440.36,0.54432,0.34817,0.54448,0.79806,0.49929
440.38,0.54708,0.33808,0.54258,0.80825,0.4805
440.41,0.55307,0.36562,0.55471,0.82581,0.49705
440.43,0.55647,0.38769,0.56209,0.81452,0.50855
440.45,0.56046,0.35844,0.54815,0.81602,0.49784
440.48,0.56451,0.35793,0.55048,0.80249,0.50053
440.5,0.56837,0.3687,0.56662,0.82235,0.51125
440.52,0.56601,0.36323,0.55691,0.81395,0.50883
440.55,0.58037,0.37777,0.56352,0.844,0.52539
440.57,0.57671,0.3658,0.56969,0.82321,0.51529
440.6,0.5847,0.39574,0.56801,0.8387,0.52415
440.62,0.58452,0.37674,0.57487,0.84204,0.52135
440.64,0.59374,0.3829,0.57698,0.84981,0.54346
440.67,0.59421,0.37555,0.57849,0.83559,0.53919
440.69,0.60077,0.39864,0.58018,0.85344,0.53538
440.71,0.59823,0.37521,0.58177,0.83766,0.5397
440.74,0.64774,0.52593,0.66935,0.90853,0.6044
440.76,0.61201,0.39591,0.59731,0.85833,0.55283
440.78,0.62113,0.40857,0.59779,0.85488,0.55922
440.81,0.61854,0.38701,0.59908,0.84975,0.55777
440.83,0.62917,0.41113,0.60253,0.86858,0.5517
440.86,0.62934,0.39659,0.59714,0.86109,0.5714
440.88,0.66486,0.54441,0.67107,0.92119,0.60945
440.9,0.63407,0.40497,0.61609,0.85821,0.57045
440.93,0.64369,0.42636,0.61492,0.88567,0.57578
440.95,0.64349,0.39899,0.61708,0.87727,0.58195
440.97,0.65874,0.43081,0.62092,0.88642,0.58678
441,0.64844,0.39625,0.61112,0.88147,0.59278
441.02,0.6635,0.4332,0.63404,0.8836,0.58975
441.04,0.6579,0.43064,0.61816,0.8813,0.58863
441.07,0.66312,0.43337,0.63477,0.90035,0.6081
441.09,0.66492,0.44073,0.62385,0.89621,0.60501
441.12,0.67581,0.44877,0.6387,0.88993,0.61539
441.14,0.67556,0.4344,0.64319,0.8996,0.61938
441.16,0.68287,0.44501,0.64457,0.90974,0.61231
441.19,0.67906,0.45014,0.62714,0.8927,0.62499
441.21,0.68943,0.44774,0.64552,0.91135,0.61837
441.23,0.68891,0.4397,0.64285,0.89874,0.61528
441.26,0.69753,0.464,0.65079,0.91417,0.6251
441.28,0.70303,0.45185,0.65018,0.89863,0.63672
441.3,0.70762,0.48042,0.65951,0.91279,0.64115
441.33,0.70406,0.4498,0.66231,0.91175,0.63346
441.35,0.71555,0.47084,0.6646,0.91618,0.65596
441.37,0.71071,0.43714,0.66468,0.91584,0.64659
441.4,0.72651,0.4847,0.66801,0.92787,0.65602
441.42,0.72231,0.46075,0.6769,0.9285,0.65338
441.44,0.73418,0.49188,0.67612,0.91866,0.66169
441.47,0.73646,0.47409,0.67453,0.9342,0.66259
441.49,0.74618,0.49958,0.67871,0.94151,0.67252
441.51,0.73617,0.46212,0.66749,0.92269,0.66141
441.54,0.74641,0.49223,0.67737,0.92793,0.68924
441.56,0.74352,0.4835,0.68044,0.9258,0.68127
441.58,0.75342,0.49685,0.68406,0.93495,0.69036
441.61,0.75207,0.49359,0.68993,0.93789,0.68986
441.63,0.76283,0.48983,0.69511,0.94612,0.68542
441.66,0.76343,0.49941,0.69921,0.93524,0.69945
441.68,0.7702,0.49958,0.70029,0.9433,0.6994
441.7,0.76623,0.49633,0.70996,0.92873,0.70518
441.73,0.7786,0.5172,0.70193,0.96258,0.70546
441.75,0.77362,0.49992,0.70599,0.94099,0.70271
441.77,0.78705,0.5403,0.71065,0.96195,0.72723
441.8,0.78299,0.51686,0.70823,0.95101,0.7127
441.82,0.79461,0.52405,0.70884,0.94002,0.72684
441.84,0.78902,0.52285,0.72105,0.94589,0.72426
441.87,0.80093,0.53106,0.72161,0.95884,0.73278
441.89,0.79941,0.51498,0.71687,0.94963,0.72515
441.91,0.80295,0.53192,0.71894,0.94646,0.72543
441.94,0.80184,0.51601,0.72787,0.93599,0.73666
441.96,0.81649,0.54287,0.73564,0.95366,0.74502
441.98,0.80738,0.5172,0.72925,0.9452,0.73918
442.01,0.81803,0.53038,0.7299,0.95441,0.74625
442.03,0.81624,0.53089,0.72843,0.94796,0.74928
442.06,0.82122,0.53294,0.73249,0.94951,0.74592
442.08,0.82034,0.52063,0.73827,0.93789,0.75495
442.1,0.83877,0.58033,0.7526,0.96713,0.76101
442.13,0.82234,0.54697,0.73331,0.94882,0.75905
442.15,0.83733,0.58991,0.75744,0.97243,0.77594
442.17,0.82984,0.54783,0.73685,0.96241,0.75776
442.19,0.84359,0.57896,0.73965,0.95947,0.77594
442.22,0.83584,0.56648,0.74466,0.95556,0.76595
442.24,0.852,0.58256,0.75351,0.95711,0.78733
442.27,0.84428,0.55484,0.75122,0.95314,0.78385
442.29,0.85461,0.57178,0.75865,0.96034,0.78744
442.31,0.84413,0.561,0.7444,0.94088,0.77745
442.34,0.85864,0.56665,0.75856,0.94744,0.78357
442.36,0.85169,0.56853,0.74816,0.95815,0.77622
442.38,0.86108,0.57281,0.75977,0.95636,0.79187
442.41,0.85153,0.5776,0.75545,0.94226,0.79636
442.43,0.86379,0.58718,0.75489,0.96592,0.80315
442.45,0.85888,0.56408,0.75765,0.94353,0.79058
442.48,0.87508,0.59778,0.7788,0.97306,0.80781
442.5,0.86489,0.57606,0.75584,0.94497,0.80214
442.52,0.8785,0.59624,0.763,0.94255,0.8146
442.55,0.86971,0.57127,0.76309,0.93904,0.81286
442.57,0.88084,0.59214,0.77302,0.95124,0.80859
442.59,0.87278,0.55672,0.76512,0.94076,0.81157
442.62,0.87994,0.60326,0.77108,0.94928,0.81415
442.64,0.87869,0.59111,0.75998,0.94646,0.80983
442.66,0.88649,0.606,0.77142,0.94531,0.83093
442.69,0.88386,0.58564,0.7719,0.94451,0.82554
442.71,0.89043,0.61113,0.77354,0.96206,0.83278
442.73,0.8829,0.59436,0.76814,0.92833,0.82307
442.76,0.88973,0.62105,0.7741,0.93863,0.83637
442.78,0.88486,0.6101,0.77522,0.92217,0.82481
442.8,0.89722,0.62618,0.77142,0.93858,0.83098
442.83,0.89225,0.6178,0.79244,0.93829,0.82745
442.85,0.896,0.63884,0.77617,0.94445,0.82302
442.87,0.88982,0.59949,0.76784,0.92839,0.81982
442.9,0.90741,0.67648,0.79818,0.93489,0.84468
442.92,0.89229,0.60309,0.77039,0.92586,0.82408
442.94,0.90151,0.62858,0.78161,0.93386,0.84608
442.97,0.8973,0.6385,0.78156,0.9304,0.83671
442.99,0.9024,0.63354,0.78717,0.93178,0.84518
443.01,0.89519,0.58752,0.78463,0.91952,0.83609
443.04,0.90547,0.64073,0.79179,0.9258,0.85214
443.06,0.90139,0.63371,0.78592,0.91152,0.84776
443.08,0.90975,0.64175,0.79499,0.91866,0.85466
443.11,0.90347,0.63542,0.77863,0.91359,0.84799
443.13,0.90918,0.63508,0.77708,0.9102,0.85298
443.15,0.9028,0.62191,0.78756,0.9015,0.8417
443.18,0.91116,0.67084,0.80258,0.92465,0.86735
443.2,0.90108,0.62413,0.77345,0.89713,0.84928
443.22,0.90877,0.65185,0.78756,0.90818,0.85893
443.25,0.90862,0.63183,0.79145,0.91037,0.84698
443.27,0.9149,0.66314,0.79909,0.90329,0.85175
443.29,0.91403,0.6616,0.8034,0.90093,0.86258
443.32,0.91982,0.66502,0.80405,0.89661,0.86409
443.34,0.90476,0.61592,0.78338,0.87888,0.85074
443.36,0.92252,0.68315,0.79861,0.91002,0.87571
443.39,0.90479,0.63251,0.78873,0.87353,0.85433
443.41,0.9156,0.6734,0.79589,0.90116,0.86308
443.43,0.90801,0.64637,0.78584,0.89022,0.85601
443.46,0.91811,0.65065,0.78735,0.88078,0.86404
443.48,0.91225,0.65339,0.79399,0.88855,0.86751
443.5,0.9164,0.66023,0.79201,0.87479,0.86965
443.53,0.90183,0.64483,0.79326,0.87652,0.85539
443.55,0.90959,0.64124,0.79037,0.86403,0.85242
443.57,0.90609,0.64842,0.78165,0.8684,0.85068
443.6,0.91534,0.6734,0.78541,0.88021,0.87094
443.62,0.90652,0.64363,0.77587,0.86403,0.85786
443.64,0.91776,0.69479,0.80332,0.87733,0.86881
443.67,1,1,1,1,1
443.69,0.9116,0.65801,0.77923,0.87048,0.8596
443.71,0.90666,0.64209,0.78402,0.84797,0.85809
443.74,0.91178,0.66245,0.78644,0.86219,0.86443
443.76,0.89841,0.65168,0.77686,0.83548,0.84333
443.78,0.90832,0.66126,0.78705,0.85326,0.84989
443.81,0.90222,0.62824,0.7807,0.84181,0.84692
443.83,0.91231,0.66844,0.78713,0.849,0.85803
443.85,0.9316,0.74338,0.84324,0.88567,0.88816
443.88,0.90592,0.66228,0.78243,0.83812,0.85764
443.9,0.90104,0.63149,0.7668,0.83381,0.84821
443.92,0.90742,0.66947,0.77686,0.83473,0.85663
443.94,0.89662,0.6539,0.77228,0.82558,0.84254
443.97,0.90256,0.6527,0.77436,0.84757,0.84715
443.99,0.89308,0.6628,0.78161,0.81792,0.84187
444.01,0.90194,0.65219,0.7826,0.83548,0.86028
444.04,0.88857,0.62943,0.77,0.81602,0.85517
444.06,0.89837,0.65116,0.77228,0.81717,0.86084
444.08,0.88944,0.64535,0.77367,0.81101,0.85382
444.11,0.89311,0.64055,0.78463,0.80439,0.85556
444.13,0.88815,0.64381,0.77712,0.80854,0.85657
444.15,0.89924,0.67443,0.78204,0.81193,0.85567
444.18,0.87973,0.64877,0.77021,0.79397,0.8389
444.2,0.88694,0.65441,0.76995,0.81291,0.83502
444.22,0.88022,0.64141,0.76309,0.7946,0.8256
444.25,0.87954,0.67819,0.76624,0.79414,0.8472
444.27,0.87642,0.65801,0.75239,0.79104,0.83138
444.29,0.88638,0.67289,0.76305,0.78643,0.84013
444.31,0.87721,0.66878,0.78001,0.78816,0.84047
444.34,0.87888,0.6486,0.76685,0.78315,0.82891
444.36,0.87392,0.64894,0.75407,0.78649,0.83003
444.38,0.8741,0.6628,0.76365,0.78367,0.82997
444.41,0.86784,0.64209,0.75524,0.77469,0.83031
444.43,0.86438,0.65099,0.7463,0.7721,0.82464
444.45,0.8567,0.63919,0.7548,0.76398,0.81595
444.48,0.86662,0.6592,0.77112,0.77567,0.83963
444.5,0.861,0.66006,0.76167,0.76479,0.82616
444.52,0.86048,0.65065,0.75325,0.77538,0.82072
444.55,0.84818,0.63936,0.75291,0.75557,0.82481
444.57,0.85795,0.63525,0.75813,0.75886,0.81813
444.59,0.8419,0.63046,0.73875,0.74769,0.81011
444.62,0.85385,0.64569,0.74367,0.74717,0.80966
444.64,0.84512,0.64192,0.7381,0.73888,0.81982
444.66,0.84806,0.64381,0.74924,0.7459,0.81179
444.69,0.83755,0.62772,0.73871,0.74562,0.80147
444.71,0.84511,0.66091,0.74199,0.74268,0.81219
444.73,0.83774,0.62037,0.74177,0.73376,0.80568
444.75,0.84542,0.64688,0.73862,0.73583,0.80186
444.78,0.82941,0.63884,0.72243,0.72771,0.78598
444.8,0.84216,0.67563,0.74626,0.73266,0.81561
444.82,0.82179,0.62824,0.73236,0.71528,0.7875
444.85,0.82935,0.63713,0.72312,0.70739,0.79311
444.87,0.81718,0.62156,0.71652,0.69692,0.79019
444.89,0.83238,0.64911,0.74082,0.72092,0.79765
444.92,0.81926,0.63149,0.73132,0.71637,0.78015
444.94,0.82135,0.64209,0.7312,0.71378,0.79468
444.96,0.81018,0.62875,0.71838,0.69582,0.77122
444.99,0.8118,0.6202,0.71479,0.69208,0.77998
445.01,0.80101,0.60463,0.71721,0.69127,0.77465
445.03,0.80529,0.64158,0.7141,0.69467,0.79215
445.06,0.79609,0.61404,0.70987,0.68126,0.76887
445.08,0.80078,0.61831,0.70314,0.68149,0.77218
445.1,0.79606,0.61849,0.6996,0.68183,0.7715
445.13,0.80241,0.63474,0.71315,0.66819,0.77279
445.15,0.79293,0.60702,0.70513,0.66502,0.75978
445.17,0.79443,0.62054,0.71087,0.68391,0.75955
445.19,0.78475,0.61147,0.69472,0.66422,0.75282
445.22,0.7891,0.62584,0.7116,0.6675,0.76303
445.24,0.77819,0.61523,0.69317,0.65961,0.75433
445.26,0.7791,0.60993,0.69641,0.65368,0.75635
445.29,0.77884,0.61523,0.70422,0.65978,0.74625
445.31,0.77504,0.62037,0.68959,0.65973,0.73795
445.33,0.76664,0.58855,0.6816,0.6382,0.73722
445.36,0.76718,0.59111,0.6889,0.64177,0.74401
445.38,0.75516,0.5894,0.67806,0.64039,0.73458
445.4,0.76407,0.60275,0.68821,0.63618,0.74468
445.42,0.75814,0.59642,0.6895,0.64321,0.73436
445.45,0.7579,0.58666,0.68372,0.64545,0.72577
445.47,0.75036,0.59744,0.67008,0.62478,0.71337
445.49,0.75204,0.59453,0.67936,0.63158,0.72257
445.52,0.74228,0.56562,0.6649,0.62599,0.72661
445.54,0.74975,0.6036,0.67453,0.61742,0.73525
445.56,0.73481,0.58187,0.67034,0.61742,0.70882
445.58,0.74044,0.58666,0.66982,0.6272,0.71814
445.61,0.72988,0.57965,0.65696,0.60366,0.7049
445.63,0.73525,0.59573,0.663,0.60884,0.71197
445.65,0.72316,0.56511,0.66343,0.60602,0.70338
445.68,0.73282,0.59761,0.66529,0.60521,0.71146
445.7,0.72436,0.5675,0.65217,0.59848,0.69345
445.72,0.72372,0.57537,0.66361,0.60642,0.69132
445.75,0.7104,0.5533,0.63547,0.5922,0.6889
445.77,0.71425,0.57452,0.6501,0.60216,0.69407
445.79,0.70462,0.56853,0.63715,0.58737,0.67622
445.81,0.70515,0.57127,0.63775,0.57931,0.67684
445.84,0.70265,0.58239,0.6501,0.57752,0.67936
445.86,0.7068,0.58204,0.63827,0.57614,0.67617
445.88,0.69754,0.56699,0.64216,0.57804,0.68649
445.91,0.70227,0.58341,0.64846,0.58213,0.687
445.93,0.68935,0.54749,0.63149,0.55887,0.65978
445.95,0.68693,0.57229,0.63111,0.56975,0.66298
445.98,0.67802,0.54783,0.62036,0.55582,0.66281
446,0.68539,0.57554,0.63249,0.56135,0.65316
446.02,0.67905,0.56494,0.63262,0.56342,0.66197
446.05,0.68203,0.55655,0.62342,0.55525,0.65361
446.07,0.66445,0.55074,0.60935,0.54362,0.65198
446.09,0.67068,0.54646,0.61544,0.54667,0.64469
446.11,0.66024,0.53944,0.60133,0.54839,0.643
446.14,0.66926,0.54441,0.60957,0.55956,0.64699
446.16,0.66497,0.548,0.62381,0.54626,0.64233
446.18,0.65972,0.54201,0.60366,0.55001,0.63784
446.21,0.65012,0.54098,0.59865,0.52784,0.63318
446.23,0.65727,0.54081,0.60068,0.53838,0.63571
446.25,0.64293,0.53209,0.58579,0.52358,0.62757
446.27,0.65099,0.55467,0.60137,0.53452,0.63436
446.3,0.64029,0.51686,0.58544,0.51236,0.61483
446.32,0.64363,0.52832,0.58777,0.52048,0.61798
446.34,0.63496,0.51652,0.5822,0.50988,0.61365
446.37,0.6382,0.52559,0.58799,0.51846,0.61472
446.39,0.62898,0.50711,0.58488,0.51184,0.59716
446.41,0.63131,0.53089,0.58264,0.50136,0.60614
446.44,0.61595,0.52268,0.57258,0.5009,0.59761
446.46,0.62638,0.51772,0.57772,0.50965,0.59407
446.48,0.62528,0.54766,0.592,0.51823,0.6081
446.5,0.6188,0.5285,0.57111,0.50557,0.60647
446.53,0.60652,0.50745,0.56464,0.49733,0.60041
446.55,0.61091,0.52251,0.57301,0.48812,0.59065
446.57,0.59872,0.49377,0.5589,0.48064,0.57712
446.6,0.6063,0.51002,0.56554,0.48461,0.58773
446.62,0.60472,0.50523,0.56511,0.48139,0.58992
446.64,0.60325,0.53859,0.55627,0.48991,0.58779
446.66,0.58866,0.47905,0.54586,0.47851,0.57146
446.69,0.59169,0.50369,0.55519,0.47834,0.57336
446.71,0.58403,0.4888,0.54314,0.47506,0.57639
446.73,0.58613,0.51926,0.54129,0.47298,0.56607
446.75,0.58044,0.48025,0.53896,0.45825,0.56231
446.78,0.58534,0.50933,0.54496,0.4712,0.55995
446.8,0.5741,0.50112,0.53468,0.46406,0.5572
446.82,0.57585,0.5001,0.54155,0.46187,0.55524
446.85,0.56833,0.47084,0.54163,0.45853,0.55793
446.87,0.57065,0.49205,0.54444,0.45681,0.5654
446.89,0.56207,0.48265,0.52916,0.45381,0.54099
446.92,0.56942,0.48607,0.53067,0.4583,0.54183
446.94,0.55621,0.46776,0.52381,0.44846,0.54559
446.96,0.56719,0.50146,0.53809,0.46141,0.55098
446.98,0.552,0.45904,0.52096,0.44339,0.53919
447.01,0.55358,0.47751,0.52359,0.44316,0.5425
447.03,0.54635,0.4498,0.51578,0.4476,0.53223
447.05,0.54959,0.49034,0.51729,0.44397,0.53874
447.07,0.53813,0.46708,0.50585,0.42889,0.52673
447.1,0.54197,0.47187,0.52225,0.42992,0.51467
447.12,0.53091,0.44792,0.5119,0.4221,0.51809
447.14,0.53932,0.46588,0.50948,0.43672,0.53173
447.17,0.52988,0.46126,0.49312,0.42158,0.514
447.19,0.53275,0.47289,0.50477,0.43142,0.52034
447.21,0.52636,0.44347,0.50124,0.43102,0.50373
447.24,0.52744,0.46708,0.50063,0.4263,0.51545
447.26,0.51837,0.45271,0.50089,0.40851,0.50709
447.28,0.52338,0.45938,0.49787,0.42256,0.50979
447.3,0.51673,0.45288,0.50136,0.40621,0.50232
447.33,0.51593,0.4628,0.49122,0.42405,0.50232
447.35,0.5129,0.43936,0.49092,0.40742,0.50311
447.37,0.51109,0.46263,0.49131,0.40615,0.49986
447.39,0.50148,0.43303,0.48281,0.40304,0.49537
447.42,0.5113,0.44347,0.49977,0.40626,0.49744
447.44,0.49798,0.42482,0.48112,0.39423,0.48846
447.46,0.50317,0.43919,0.48332,0.40212,0.48257
447.49,0.49711,0.42961,0.47771,0.39757,0.48319
447.51,0.49696,0.44826,0.47314,0.39659,0.47365
447.53,0.49012,0.42482,0.46943,0.39406,0.48369
447.55,0.49183,0.44552,0.47676,0.39441,0.48111
447.58,0.48177,0.41336,0.46554,0.38946,0.47545
447.6,0.51099,0.5184,0.5141,0.41853,0.50968
447.62,0.4788,0.41011,0.46442,0.38186,0.46316
447.64,0.48101,0.42362,0.46705,0.38623,0.46737
447.67,0.47168,0.40976,0.47219,0.37455,0.46248
447.69,0.47852,0.45014,0.47003,0.38635,0.47595
447.71,0.4667,0.41028,0.46131,0.37627,0.45468
447.74,0.47241,0.4084,0.45954,0.37598,0.45968
447.76,0.46138,0.40566,0.45419,0.37184,0.45485
447.78,0.46496,0.44552,0.45143,0.36925,0.46495
447.8,0.45766,0.40035,0.44638,0.37052,0.44935
447.83,0.46033,0.41575,0.45031,0.37253,0.44997
447.85,0.45344,0.40583,0.43904,0.3643,0.453
447.87,0.46027,0.40891,0.44655,0.36718,0.45059
447.89,0.46673,0.46519,0.48212,0.39135,0.47348
447.92,0.44988,0.40395,0.44249,0.36159,0.44402
447.94,0.44401,0.39796,0.4396,0.35658,0.43852
447.96,0.44552,0.39984,0.43477,0.35768,0.43959
447.99,0.43801,0.38701,0.42687,0.3506,0.42376
448.01,0.44447,0.41233,0.43162,0.35394,0.436
448.03,0.43519,0.38479,0.42674,0.34801,0.4232
448.05,0.44529,0.41301,0.44021,0.35716,0.43067
448.08,0.42905,0.3711,0.42406,0.34064,0.4241
448.1,0.43388,0.39556,0.42566,0.35106,0.43235
448.12,0.42372,0.38256,0.41655,0.34283,0.42298
448.14,0.4252,0.40053,0.43015,0.33995,0.42904
448.17,0.42005,0.38119,0.41496,0.3335,0.40777
448.19,0.42524,0.38376,0.42519,0.34214,0.41602
448.21,0.41735,0.36323,0.40555,0.32584,0.40491
448.24,0.42028,0.39437,0.41133,0.33713,0.41277
448.26,0.4187,0.39984,0.41591,0.3358,0.41871
448.28,0.41673,0.38034,0.41409,0.33223,0.40755
448.3,0.41143,0.37127,0.40693,0.32826,0.39964
448.33,0.41413,0.39009,0.4112,0.33672,0.40575
448.35,0.40168,0.35947,0.39821,0.31957,0.39442
448.37,0.40628,0.37281,0.40542,0.32302,0.40469
448.39,0.39679,0.36203,0.39907,0.31433,0.39094
448.42,0.4038,0.36888,0.40007,0.32124,0.39447
448.44,0.39841,0.38205,0.40391,0.31623,0.39879
448.46,0.39957,0.36802,0.39631,0.3179,0.3837
448.49,0.3912,0.36032,0.38755,0.31122,0.38488
448.51,0.39387,0.36973,0.39036,0.31727,0.38757
448.53,0.38375,0.35604,0.38582,0.31117,0.37876
448.55,0.39098,0.36289,0.39087,0.31543,0.38432
448.58,0.38124,0.34458,0.38121,0.2989,0.37584
448.6,0.38413,0.36819,0.39243,0.30984,0.38095
448.62,0.37635,0.33928,0.37952,0.30086,0.36961
448.64,0.37934,0.35878,0.38526,0.30748,0.37046
448.67,0.37557,0.34988,0.37538,0.30086,0.37147
448.69,0.37952,0.35827,0.38021,0.30472,0.37158
448.71,0.37618,0.37349,0.38341,0.30144,0.36787
448.73,0.37632,0.36408,0.374,0.30075,0.36771
448.76,0.36536,0.33996,0.36852,0.29378,0.3525
448.78,0.37015,0.34715,0.36735,0.29441,0.3621
448.8,0.36199,0.34048,0.36701,0.29447,0.35912
448.82,0.3635,0.35177,0.36644,0.29436,0.36355
448.85,0.3575,0.33038,0.36761,0.28814,0.3589
448.87,0.3619,0.3504,0.36377,0.28854,0.35957
448.89,0.35563,0.33688,0.35876,0.28486,0.35317
448.92,0.35827,0.35998,0.37439,0.29833,0.36254
448.94,0.35279,0.32354,0.36178,0.28894,0.34706
448.96,0.35172,0.348,0.35742,0.28871,0.34605
448.98,0.3443,0.33107,0.35561,0.27835,0.34313
449,0.35356,0.35399,0.3601,0.28848,0.35272
449.03,0.34219,0.32764,0.34737,0.27876,0.34397
449.05,0.35097,0.34732,0.35764,0.28785,0.34902
449.07,0.34337,0.335,0.35242,0.27899,0.34268
449.1,0.34835,0.34082,0.35609,0.27922,0.34032
449.12,0.33836,0.32012,0.34374,0.26436,0.33353
449.14,0.3421,0.348,0.34663,0.27473,0.33634
449.16,0.33193,0.32439,0.33787,0.26189,0.32989
449.19,0.33871,0.33466,0.33878,0.27553,0.32921
449.21,0.33134,0.32901,0.34426,0.25884,0.33196
449.23,0.33603,0.33671,0.33757,0.2673,0.32517
449.25,0.32785,0.31892,0.33675,0.26454,0.3231
449.28,0.33005,0.33791,0.33912,0.27052,0.32809
449.3,0.3238,0.30917,0.33196,0.26287,0.31552
449.32,0.32635,0.33089,0.33446,0.26707,0.32764
449.34,0.3174,0.31327,0.32626,0.25688,0.31485
449.37,0.32308,0.32901,0.34072,0.26056,0.32444
449.39,0.31548,0.30592,0.32436,0.24871,0.30834
449.41,0.32197,0.34048,0.33865,0.26103,0.32966
449.43,0.31142,0.31584,0.31763,0.25366,0.30564
449.46,0.31757,0.33021,0.33407,0.26033,0.31934
449.48,0.30729,0.31173,0.31508,0.24802,0.30166
449.5,0.31648,0.33586,0.33563,0.25728,0.31451
449.52,0.30463,0.30523,0.31957,0.24318,0.3043
449.55,0.30924,0.3285,0.32303,0.25228,0.308
449.57,0.30175,0.29531,0.31539,0.2441,0.3034
449.59,0.3067,0.31858,0.31262,0.25176,0.30576
449.61,0.30134,0.30865,0.30883,0.24738,0.30334
449.64,0.3013,0.30951,0.31159,0.24888,0.29487
449.66,0.2976,0.29103,0.30727,0.24168,0.29089
449.68,0.30028,0.31858,0.31422,0.24543,0.30463
449.7,0.29641,0.30113,0.30654,0.24324,0.29111
449.73,0.29778,0.30951,0.31301,0.23644,0.30245
449.75,0.2918,0.30882,0.30222,0.23788,0.29352
449.77,0.30032,0.34304,0.31923,0.25412,0.30261
449.79,0.28537,0.28847,0.29709,0.23374,0.28606
449.82,0.29342,0.30917,0.30308,0.23748,0.28679
449.84,0.28644,0.30061,0.30572,0.23236,0.28673
449.86,0.29141,0.29719,0.30403,0.23702,0.29128
449.88,0.283,0.30301,0.29104,0.23501,0.28247
449.91,0.2852,0.30797,0.29333,0.23794,0.28629
449.93,0.2747,0.27102,0.29022,0.22988,0.27893
449.95,0.28147,0.30438,0.29393,0.23069,0.28022
449.97,0.27283,0.28966,0.28276,0.22079,0.27703
450,0.28106,0.31481,0.29307,0.22948,0.27854
450.02,0.27251,0.28385,0.28958,0.22194,0.27551
450.04,0.27645,0.29274,0.28647,0.23023,0.28006
450.06,0.27596,0.29702,0.29929,0.23305,0.27764
450.09,0.27693,0.31054,0.30378,0.23121,0.26844
450.11,0.26613,0.29377,0.28081,0.21566,0.26693
450.13,0.27068,0.30352,0.28509,0.22441,0.26923
450.15,0.26417,0.27683,0.28146,0.21774,0.2621
450.18,0.26807,0.28248,0.28289,0.22125,0.26154
450.2,0.26167,0.28539,0.2771,0.21411,0.26491
450.22,0.26587,0.2924,0.28099,0.21831,0.26777
450.24,0.2587,0.26383,0.27671,0.21336,0.26036
450.26,0.2641,0.27375,0.27861,0.21889,0.26681
450.29,0.25595,0.27683,0.27477,0.20853,0.25688
450.31,0.2568,0.29001,0.27507,0.21232,0.26384
450.33,0.25144,0.26913,0.26787,0.2095,0.25009
450.36,0.25714,0.28504,0.26838,0.21716,0.25873
450.38,0.25375,0.29514,0.28038,0.21658,0.25918
450.4,0.25448,0.2806,0.26976,0.21417,0.26204
450.42,0.24627,0.27033,0.26161,0.20294,0.25464
450.44,0.25171,0.28761,0.27123,0.20427,0.25149
450.47,0.24742,0.2628,0.26441,0.20789,0.25121
450.49,0.24739,0.28966,0.26428,0.20945,0.24852
450.51,0.23847,0.25545,0.26131,0.2057,0.24633
450.53,0.24578,0.26948,0.26014,0.2057,0.2433
450.56,0.24055,0.2705,0.25246,0.19661,0.24364
450.58,0.24441,0.2705,0.26044,0.20507,0.24734
450.6,0.24126,0.29137,0.26441,0.20956,0.24846
450.62,0.2404,0.27221,0.25923,0.20191,0.23791
450.65,0.23404,0.26075,0.24836,0.19523,0.23842
450.67,0.24442,0.29274,0.26713,0.20979,0.24678
450.69,0.23201,0.25237,0.24309,0.18884,0.23303
450.71,0.241,0.2871,0.267,0.20398,0.24291
450.74,0.22967,0.24364,0.24879,0.19344,0.22686
450.76,0.23573,0.26503,0.25008,0.19114,0.2323
450.78,0.23162,0.2741,0.26109,0.19684,0.23993
450.8,0.23378,0.27649,0.25358,0.19546,0.23432
450.82,0.22822,0.26007,0.24724,0.19114,0.23141
450.85,0.23488,0.28966,0.26351,0.20421,0.241
450.87,0.22312,0.25305,0.2443,0.18809,0.22237
450.89,0.22716,0.27444,0.24106,0.18734,0.23618
450.91,0.22353,0.264,0.24283,0.1893,0.22551
450.94,0.22613,0.26776,0.24469,0.19039,0.22888
450.96,0.22288,0.25955,0.24538,0.18872,0.22675
450.98,0.22608,0.27238,0.25099,0.19356,0.22877
451,0.21888,0.23081,0.24581,0.19091,0.2185
451.03,0.22003,0.26657,0.24275,0.18717,0.22753
451.05,0.21697,0.2445,0.22941,0.17894,0.21351
451.07,0.2201,0.26024,0.23847,0.19494,0.22602
451.09,0.21528,0.23902,0.23843,0.18262,0.22276
451.12,0.21887,0.26537,0.23817,0.18913,0.21906
451.14,0.21122,0.25664,0.23934,0.17571,0.21362
451.16,0.21687,0.2664,0.23765,0.18521,0.21367
451.18,0.20974,0.24313,0.22423,0.17721,0.21362
451.2,0.21545,0.25305,0.23502,0.17968,0.21423
451.23,0.20782,0.23577,0.2279,0.17301,0.20531
451.25,0.21158,0.25031,0.23027,0.17968,0.21294
451.27,0.20571,0.23971,0.22643,0.16679,0.21856
451.29,0.21165,0.25408,0.23386,0.18366,0.22136
451.32,0.20507,0.2368,0.22371,0.17577,0.20413
451.34,0.20991,0.24809,0.22449,0.18383,0.20946
451.36,0.20623,0.26109,0.23092,0.1836,0.21777
451.38,0.20709,0.25955,0.22341,0.17266,0.21519
451.4,0.20017,0.23321,0.21711,0.16846,0.20548
451.43,0.20366,0.25031,0.22876,0.17462,0.20279
451.45,0.19819,0.23475,0.22328,0.16794,0.20256
451.47,0.20237,0.24535,0.226,0.17404,0.20761
451.49,0.1965,0.23286,0.21698,0.1703,0.20172
451.52,0.20411,0.25767,0.2203,0.1741,0.20649
451.54,0.19691,0.24638,0.2143,0.17174,0.20099
451.56,0.20065,0.24381,0.2137,0.17404,0.20357
451.58,0.1968,0.23783,0.22017,0.16132,0.19521
451.61,0.20025,0.25168,0.21909,0.17111,0.20666
451.63,0.19341,0.22311,0.21551,0.16483,0.19353
451.65,0.19927,0.24244,0.22302,0.17088,0.20155
451.67,0.19508,0.24347,0.22565,0.1703,0.20228
451.69,0.2014,0.26657,0.2326,0.17502,0.20823
451.72,0.18766,0.22551,0.2061,0.1638,0.18971
451.74,0.19052,0.23731,0.2143,0.16915,0.19583
451.76,0.18619,0.22363,0.20986,0.15873,0.18825
451.78,0.19475,0.25288,0.21042,0.16454,0.19953
451.81,0.18598,0.22824,0.20826,0.16403,0.18893
451.83,0.18979,0.22824,0.2102,0.16564,0.19437
451.85,0.18259,0.20703,0.20533,0.16063,0.1864
451.87,0.1885,0.23885,0.21711,0.16552,0.19319
451.89,0.18277,0.22927,0.20554,0.15925,0.19353
451.92,0.18804,0.23406,0.21145,0.16633,0.19734
451.94,0.1807,0.21148,0.20597,0.15631,0.18354
451.96,0.1857,0.22517,0.20438,0.15913,0.19033
451.98,0.1803,0.22226,0.20312,0.15718,0.18309
452,0.18455,0.23389,0.20442,0.16259,0.19078
452.03,0.17832,0.22226,0.20131,0.15482,0.17888
452.05,0.18175,0.22876,0.20533,0.15591,0.18994
452.07,0.17741,0.22671,0.1989,0.15585,0.18388
452.09,0.18198,0.2344,0.19872,0.1657,0.18444
452.12,0.16987,0.21011,0.19782,0.15136,0.17524
452.14,0.17961,0.2344,0.20628,0.1547,0.18388
452.16,0.17424,0.2226,0.20377,0.1494,0.17933
452.18,0.17803,0.22978,0.19928,0.14843,0.18472
452.2,0.17155,0.21524,0.1941,0.15338,0.1795
452.23,0.17681,0.23081,0.20666,0.15505,0.18073
452.25,0.1749,0.21969,0.20692,0.15084,0.17697
452.27,0.17217,0.21849,0.19462,0.14958,0.17748
452.29,0.1683,0.21558,0.19203,0.15303,0.17501
452.32,0.17175,0.21764,0.19169,0.14952,0.17355
452.34,0.1659,0.21165,0.19333,0.14491,0.17686
452.36,0.17326,0.23115,0.19656,0.15585,0.17608
452.38,0.16612,0.2031,0.18616,0.14497,0.17052
452.4,0.17087,0.21952,0.19177,0.14843,0.16906
452.43,0.162,0.19591,0.18694,0.14146,0.16306
452.45,0.16766,0.2226,0.18819,0.14964,0.17187
452.47,0.15984,0.19471,0.18577,0.14198,0.16295
452.49,0.16566,0.22551,0.19186,0.14681,0.16749
452.51,0.16125,0.21524,0.18828,0.13864,0.16822
452.54,0.17536,0.25853,0.2102,0.16621,0.18988
452.56,0.15915,0.21473,0.1872,0.14244,0.17075
452.58,0.16692,0.22174,0.19221,0.14797,0.17221
452.6,0.15921,0.20121,0.18297,0.14278,0.16182
452.63,0.16302,0.22345,0.18638,0.14607,0.16979
452.65,0.15961,0.20361,0.17835,0.14002,0.1556
452.67,0.16978,0.24125,0.20023,0.15464,0.174
452.69,0.15578,0.19044,0.17813,0.13691,0.15958
452.71,0.16644,0.23765,0.19682,0.15217,0.17748
452.74,0.15564,0.20224,0.17706,0.13904,0.15778
452.76,0.15886,0.2173,0.18219,0.14411,0.16396
452.78,0.18438,0.3196,0.2481,0.18895,0.21053
452.8,0.15915,0.21781,0.1812,0.1391,0.16592
452.82,0.15165,0.19796,0.17624,0.1353,0.15896
452.85,0.15803,0.21935,0.18189,0.14071,0.16491
452.87,0.14999,0.1954,0.17753,0.13622,0.15891
452.89,0.16161,0.2421,0.19946,0.14612,0.16671
452.91,0.14863,0.19899,0.17645,0.13697,0.15543
452.94,0.15305,0.20104,0.17904,0.13703,0.15879
452.96,0.15116,0.19574,0.17516,0.12926,0.15346
452.98,0.15453,0.20908,0.17468,0.13991,0.15627
453,0.15687,0.22345,0.19039,0.14589,0.16177
453.02,0.15234,0.21353,0.17261,0.14048,0.1579
453.05,0.14556,0.19574,0.16959,0.13064,0.15015
453.07,0.15036,0.2072,0.17067,0.1372,0.15694
453.09,0.14465,0.18239,0.1711,0.1307,0.15341
453.11,0.15164,0.20121,0.18034,0.13461,0.15391
453.13,0.14609,0.19488,0.17438,0.13352,0.15004
453.15,0.1496,0.20241,0.17632,0.13858,0.15414
453.18,0.1519,0.21114,0.18301,0.13899,0.16519
453.2,0.14943,0.20224,0.16959,0.13668,0.1524
453.22,0.14184,0.19317,0.16937,0.13012,0.14561
453.24,0.14897,0.20019,0.17589,0.13104,0.15374
453.26,0.14108,0.19437,0.16855,0.12482,0.15111
453.29,0.14695,0.22277,0.16734,0.13576,0.15503
453.31,0.14172,0.19129,0.16726,0.12943,0.14684
453.33,0.14703,0.20241,0.17157,0.12822,0.15604
453.35,0.1447,0.21593,0.17429,0.13283,0.14718
453.38,0.14507,0.2161,0.16933,0.12903,0.1497
453.4,0.13932,0.18753,0.16501,0.12402,0.14471
453.42,0.14404,0.20737,0.16661,0.13052,0.15262
453.44,0.13815,0.18308,0.16635,0.12448,0.14555
453.46,0.14273,0.2019,0.16497,0.13127,0.14841
453.49,0.13735,0.2019,0.16014,0.12523,0.13865
453.51,0.14362,0.20891,0.16368,0.13265,0.15144
453.53,0.13759,0.19078,0.16501,0.12517,0.14673
453.55,0.14157,0.21216,0.16782,0.12897,0.14768
453.57,0.13389,0.17778,0.16393,0.12385,0.13972
453.6,0.14463,0.23834,0.16998,0.13484,0.16008
453.62,0.13305,0.18085,0.15897,0.12281,0.13674
453.64,0.13814,0.20737,0.17144,0.12897,0.14493
453.66,0.13319,0.18393,0.16346,0.12788,0.13966
453.68,0.13732,0.20532,0.16368,0.12413,0.14387
453.7,0.13225,0.1853,0.15608,0.12079,0.14286
453.73,0.13761,0.20618,0.16255,0.13306,0.13972
453.75,0.13225,0.19762,0.16009,0.12546,0.1382
453.77,0.14149,0.22277,0.17058,0.1349,0.15026
453.79,0.13003,0.18565,0.15975,0.11959,0.13932
453.81,0.13382,0.19813,0.15811,0.12425,0.14196
453.84,0.12907,0.1747,0.15548,0.1163,0.13904
453.86,0.13481,0.19711,0.16165,0.12736,0.14359
453.88,0.12695,0.17145,0.14904,0.117,0.13466
453.9,0.12978,0.19488,0.15707,0.12396,0.13809
453.93,0.13042,0.19163,0.15504,0.12402,0.13377
453.95,0.13264,0.18359,0.15884,0.12592,0.1396
453.97,0.12703,0.18633,0.15759,0.11936,0.13607
453.99,0.12965,0.19334,0.15241,0.12408,0.13596
454.01,0.12956,0.18787,0.15263,0.12477,0.13646
454.04,0.12928,0.19317,0.15414,0.12333,0.13719
454.06,0.12285,0.17299,0.14585,0.11066,0.13102
454.08,0.12917,0.19967,0.15522,0.12051,0.13264
454.1,0.12311,0.16837,0.15116,0.117,0.13079
454.12,0.12877,0.20019,0.15535,0.12494,0.13663
454.14,0.12517,0.19488,0.15021,0.12333,0.13725
454.17,0.12621,0.19985,0.15289,0.11861,0.13304
454.19,0.12152,0.17897,0.15094,0.12154,0.12653
454.21,0.13332,0.21884,0.16661,0.12983,0.1428
454.23,0.1218,0.17692,0.14641,0.11389,0.12911
454.25,0.12795,0.19369,0.15043,0.12137,0.1341
454.28,0.12152,0.18222,0.14719,0.11141,0.12653
454.3,0.1252,0.19095,0.14775,0.11055,0.13192
454.32,0.1196,0.17692,0.14119,0.10813,0.12198
454.34,0.12525,0.2019,0.15198,0.12206,0.13298
454.36,0.11953,0.16854,0.14551,0.1174,0.12344
454.38,0.12991,0.21541,0.16109,0.12966,0.13719
454.41,0.11949,0.16991,0.1471,0.11233,0.12193
454.43,0.12547,0.18376,0.14641,0.11458,0.12872
454.45,0.12237,0.1942,0.15215,0.12028,0.13208
454.47,0.12154,0.18736,0.14753,0.12183,0.12462
454.49,0.11792,0.17692,0.14542,0.11429,0.12715
454.52,0.11975,0.18907,0.14525,0.11204,0.12602
454.54,0.1239,0.1889,0.15923,0.11838,0.13433
454.56,0.12318,0.18753,0.15008,0.11371,0.12378
454.58,0.11425,0.17179,0.14192,0.10934,0.11873
454.6,0.11951,0.18547,0.14663,0.11452,0.12468
454.63,0.11391,0.1788,0.13713,0.11043,0.12008
454.65,0.12809,0.22055,0.16631,0.12695,0.14039
454.67,0.11521,0.17059,0.14568,0.11331,0.11772
454.69,0.11738,0.18907,0.14093,0.11354,0.12305
454.71,0.11355,0.17367,0.13877,0.10635,0.1194
454.74,0.11803,0.17504,0.13851,0.11297,0.12159
454.76,0.1135,0.17914,0.14084,0.10807,0.12501
454.78,0.11657,0.18941,0.14391,0.10888,0.12569
454.8,0.11734,0.19009,0.14844,0.11394,0.12625
454.82,0.11502,0.18068,0.14063,0.11066,0.11733
454.84,0.11136,0.17795,0.1392,0.1079,0.11811
454.87,0.11527,0.17589,0.13994,0.1121,0.12215
454.89,0.10832,0.16152,0.13484,0.11043,0.11676
454.91,0.11212,0.17555,0.1351,0.10571,0.11963
454.93,0.11436,0.18907,0.14348,0.10825,0.12484
454.95,0.11481,0.18325,0.13618,0.10951,0.12445
454.98,0.11117,0.1658,0.14071,0.10974,0.11727
455,0.11362,0.17367,0.14024,0.10652,0.12355
455.02,0.10835,0.16665,0.13493,0.10876,0.11519
455.04,0.10981,0.17299,0.13592,0.10658,0.11458
455.06,0.11389,0.19026,0.14503,0.11009,0.12524
455.08,0.11392,0.18222,0.13869,0.11423,0.12019
455.11,0.1075,0.16494,0.13523,0.10134,0.11379
455.13,0.1121,0.17658,0.13968,0.1045,0.11626
455.15,0.11121,0.18684,0.14274,0.1094,0.12378
455.17,0.113,0.19865,0.13713,0.1098,0.1189
455.19,0.10491,0.1593,0.13221,0.096444,0.11244
455.21,0.11233,0.18872,0.1348,0.10773,0.11486
455.24,0.1044,0.16683,0.12997,0.10019,0.11373
455.26,0.10843,0.17606,0.13605,0.10715,0.11323
455.28,0.10475,0.16717,0.13135,0.10157,0.11441
455.3,0.1087,0.17008,0.12967,0.10007,0.11564
455.32,0.103,0.1605,0.13165,0.10732,0.11351
455.35,0.10738,0.17555,0.12984,0.1007,0.11228
455.37,0.10542,0.17127,0.13083,0.10163,0.1111
455.39,0.10764,0.17641,0.13441,0.10612,0.11351
455.41,0.10267,0.16358,0.12859,0.098229,0.11211
455.43,0.11119,0.19334,0.14184,0.11452,0.1208
455.45,0.12466,0.25904,0.17744,0.13536,0.14948
455.48,0.10646,0.1723,0.12794,0.10243,0.1143
455.5,0.098405,0.15126,0.12518,0.10007,0.10958
455.52,0.10666,0.17778,0.13381,0.10525,0.11413
455.54,0.10565,0.18171,0.13502,0.097135,0.11469
455.56,0.11033,0.19061,0.14218,0.11032,0.1217
455.58,0.099644,0.17897,0.12643,0.09915,0.10751
455.61,0.10979,0.19796,0.13696,0.10997,0.11929
455.63,0.09918,0.15673,0.12479,0.099323,0.10358
455.65,0.10938,0.19848,0.13592,0.10882,0.11878
455.67,0.098503,0.16255,0.12198,0.095638,0.10448
455.69,0.11054,0.20566,0.14283,0.10974,0.12002
455.71,0.098136,0.15725,0.1241,0.095926,0.10627
455.74,0.10456,0.17367,0.13182,0.10589,0.11716
455.76,0.099483,0.16067,0.12626,0.096156,0.10694
455.78,0.10496,0.18137,0.12716,0.10704,0.11177
455.8,0.09883,0.17418,0.12168,0.096962,0.10902
455.82,0.10449,0.17692,0.12837,0.099956,0.10953
455.84,0.10063,0.17418,0.13545,0.10145,0.11171
455.87,0.10315,0.17452,0.13023,0.10537,0.10986
455.89,0.097201,0.15519,0.1225,0.09938,0.10689
455.91,0.10307,0.17829,0.12915,0.098862,0.10969
455.93,0.096095,0.1492,0.11793,0.093566,0.10599
455.95,0.10277,0.1776,0.12992,0.10318,0.10846
455.97,0.097144,0.14835,0.1222,0.095005,0.10425
456,0.10208,0.17932,0.12716,0.098689,0.10818
456.02,0.096594,0.16358,0.12142,0.099323,0.10588
456.04,0.10033,0.18325,0.12375,0.097135,0.11188
456.06,0.095894,0.16768,0.12345,0.098056,0.10234
456.08,0.10144,0.16597,0.12259,0.10364,0.10953
456.1,0.099116,0.17572,0.12777,0.099725,0.10958
456.13,0.10066,0.18051,0.12677,0.095408,0.1088
456.15,0.09434,0.14955,0.11646,0.095466,0.10313
456.17,0.098795,0.17846,0.12185,0.097308,0.10161
456.19,0.094879,0.15707,0.12116,0.092184,0.1033
456.21,0.10172,0.19232,0.12815,0.10635,0.11199
456.23,0.095304,0.16494,0.11987,0.098862,0.10251
456.25,0.097672,0.17692,0.1219,0.09535,0.10863
456.28,0.094914,0.16358,0.1231,0.097768,0.1006
456.3,0.098761,0.17521,0.12008,0.095523,0.101
456.32,0.092769,0.15588,0.11831,0.089594,0.10195
456.34,0.098291,0.17778,0.12082,0.098286,0.10992
456.36,0.090906,0.16015,0.12056,0.088385,0.10274
456.38,0.099925,0.1747,0.12272,0.096156,0.10672
456.41,0.092563,0.15964,0.11534,0.092933,0.10015
456.43,0.099283,0.18274,0.12263,0.098056,0.10807
456.45,0.092379,0.15742,0.11905,0.088097,0.10251
456.47,0.11425,0.24108,0.16657,0.12172,0.13079
456.49,0.091152,0.15519,0.11629,0.093508,0.097405
456.51,0.095212,0.1788,0.11935,0.10065,0.10425
456.54,0.093297,0.17401,0.12237,0.091206,0.10178
456.56,0.10186,0.19351,0.13122,0.10295,0.11632
456.58,0.087838,0.14801,0.11387,0.083952,0.095666
456.6,0.096341,0.17281,0.11913,0.097826,0.10397
456.62,0.090023,0.15417,0.11529,0.088155,0.098527
456.64,0.097362,0.18222,0.11974,0.096214,0.10481
456.67,0.088744,0.1581,0.11477,0.085046,0.098303
456.69,0.093813,0.17162,0.11663,0.099265,0.10369
456.71,0.087609,0.1516,0.10735,0.089018,0.095946
456.73,0.093744,0.17401,0.12371,0.10226,0.10251
456.75,0.087598,0.15417,0.11603,0.083377,0.094656
456.77,0.093148,0.1747,0.11542,0.096905,0.10038
456.8,0.094616,0.18205,0.12725,0.095408,0.10498
456.82,0.093045,0.17829,0.12181,0.09466,0.101
456.84,0.085665,0.14732,0.11231,0.083895,0.092972
456.86,0.093624,0.17504,0.12082,0.099438,0.10038
456.88,0.090143,0.16409,0.12043,0.08637,0.095834
456.9,0.092001,0.16032,0.11365,0.091954,0.10363
456.92,0.084977,0.14647,0.10619,0.086888,0.094431
456.95,0.089455,0.15896,0.11197,0.091494,0.098303
456.97,0.086984,0.16118,0.11128,0.088097,0.094263
456.99,0.089954,0.16768,0.11301,0.094142,0.097349
457.01,0.084467,0.14938,0.11193,0.086773,0.093084
457.03,0.088372,0.16375,0.11236,0.089421,0.097798
457.05,0.0882,0.16306,0.12526,0.092069,0.10128
457.07,0.087804,0.15571,0.11542,0.092933,0.096115
457.1,0.08441,0.14424,0.10903,0.086716,0.093533
457.12,0.086841,0.16169,0.1083,0.089594,0.093758
457.14,0.082598,0.15314,0.10921,0.089767,0.093084
457.16,0.087747,0.16272,0.11309,0.092702,0.094824
457.18,0.081015,0.14613,0.10791,0.085449,0.092467
457.2,0.089484,0.167,0.11724,0.092818,0.096788
457.23,0.085562,0.15793,0.11616,0.087349,0.094094
457.25,0.089071,0.15913,0.11326,0.089364,0.096788
457.27,0.087477,0.16289,0.11633,0.089594,0.098415
457.29,0.08625,0.15639,0.10476,0.085276,0.09185
457.31,0.082357,0.15006,0.10657,0.083319,0.091457
457.33,0.087471,0.16392,0.1137,0.089076,0.094038
457.35,0.08281,0.14578,0.10519,0.086428,0.093028
457.38,0.095499,0.19728,0.13131,0.10186,0.10706
457.4,0.079966,0.14407,0.10817,0.077102,0.08708
457.42,0.088154,0.16751,0.11348,0.087291,0.09864
457.44,0.081589,0.14339,0.10282,0.083262,0.088932
457.46,0.096972,0.20549,0.13532,0.10496,0.10739
457.48,0.084553,0.14938,0.11024,0.09276,0.099257
457.5,0.084886,0.16323,0.10584,0.085795,0.091176
457.53,0.081365,0.14989,0.10329,0.080441,0.085509
457.55,0.087959,0.17829,0.11007,0.090745,0.096956
457.57,0.078538,0.13603,0.10325,0.079808,0.086519
457.59,0.085155,0.16375,0.10886,0.085564,0.092467
457.61,0.085608,0.16358,0.11711,0.090745,0.095385
457.63,0.085642,0.1658,0.11201,0.084816,0.093533
457.65,0.080539,0.14476,0.10688,0.084816,0.089605
457.68,0.08269,0.15434,0.10045,0.084873,0.093589
457.7,0.079559,0.14869,0.10489,0.08211,0.089156
457.72,0.08402,0.16785,0.1102,0.083895,0.094656
457.74,0.079416,0.14664,0.10282,0.082283,0.083994
457.76,0.085252,0.16289,0.1102,0.086888,0.093253
457.78,0.07902,0.14818,0.10066,0.079808,0.085116
457.81,0.084845,0.16546,0.10757,0.08165,0.093814
457.83,0.080092,0.15451,0.10735,0.083665,0.088034
457.85,0.081904,0.15827,0.10437,0.084701,0.089998
457.87,0.080006,0.15211,0.10951,0.083895,0.090784
457.89,0.083349,0.17008,0.10502,0.087291,0.089437
457.91,0.08398,0.15981,0.11659,0.089479,0.095329
457.93,0.081124,0.15707,0.10584,0.083204,0.0891
457.95,0.077478,0.13808,0.1004,0.077505,0.083769
457.98,0.082758,0.16443,0.10942,0.085737,0.094375
458,0.0825,0.17316,0.11702,0.091378,0.093814
458.02,0.083555,0.16529,0.10571,0.086255,0.09084
458.04,0.077048,0.14647,0.1014,0.082974,0.088259
458.06,0.08277,0.17932,0.11542,0.085334,0.09662
458.08,0.077822,0.14698,0.10178,0.07929,0.082703
458.1,0.082219,0.16751,0.10696,0.082801,0.08882
458.13,0.075763,0.13654,0.10234,0.077735,0.083657
458.15,0.080763,0.15998,0.10752,0.082398,0.091008
458.17,0.075511,0.14527,0.10291,0.08165,0.080346
458.19,0.079937,0.16597,0.10222,0.084355,0.086182
458.21,0.077541,0.15571,0.1017,0.078426,0.08231
458.23,0.080442,0.16152,0.10679,0.084183,0.086014
458.25,0.075677,0.14955,0.10083,0.079117,0.085733
458.27,0.079593,0.15246,0.10062,0.083262,0.088146
458.3,0.076044,0.14133,0.10355,0.075836,0.086687
458.32,0.08957,0.19129,0.11961,0.096272,0.10229
458.34,0.074485,0.13808,0.098935,0.074972,0.080346
458.36,0.077329,0.14784,0.10234,0.082225,0.086463
458.38,0.074634,0.13791,0.1004,0.078081,0.087136
458.4,0.079926,0.15707,0.10722,0.081822,0.088651
458.42,0.07515,0.15194,0.096432,0.080095,0.08579
458.44,0.078814,0.15502,0.10407,0.079808,0.087249
458.47,0.07429,0.14835,0.096432,0.078714,0.082479
458.49,0.081457,0.17179,0.11024,0.085737,0.092467
458.51,0.073097,0.14715,0.097338,0.078829,0.082872
458.53,0.077839,0.15143,0.10152,0.082456,0.089774
458.55,0.091238,0.20532,0.13804,0.10422,0.11194
458.57,0.08023,0.16186,0.10368,0.084873,0.088202
458.6,0.072294,0.13603,0.095482,0.077678,0.079393
458.62,0.078848,0.15622,0.10049,0.08401,0.086519
458.64,0.070861,0.13193,0.093713,0.074915,0.079954
458.66,0.082753,0.17606,0.11266,0.086716,0.095666
458.68,0.072673,0.1321,0.096777,0.079002,0.080739
458.7,0.076446,0.15673,0.097683,0.078368,0.08231
458.72,0.096599,0.22944,0.15319,0.11412,0.11705
458.74,0.076778,0.15057,0.098849,0.07929,0.084274
458.76,0.071979,0.12508,0.091511,0.077275,0.078663
458.79,0.074479,0.14938,0.10127,0.078023,0.080178
458.81,0.071245,0.13774,0.095914,0.075375,0.080178
458.83,0.076342,0.15382,0.10001,0.07739,0.085621
458.85,0.073711,0.1569,0.10619,0.080901,0.08708
458.87,0.07566,0.14715,0.09777,0.083031,0.087417
458.89,0.070311,0.13979,0.093238,0.073591,0.077765
458.91,0.075752,0.15553,0.10049,0.078944,0.081469
458.94,0.070213,0.13894,0.093195,0.074569,0.076755
458.96,0.07593,0.15827,0.10001,0.078253,0.085004
458.98,0.068676,0.14014,0.091382,0.075433,0.075857
459,0.081577,0.17709,0.11253,0.088558,0.095161
459.02,0.069531,0.13911,0.097942,0.076814,0.081076
459.04,0.075689,0.15793,0.10135,0.077505,0.087697
459.06,0.06964,0.13535,0.095353,0.073936,0.078607
459.08,0.07988,0.16563,0.10528,0.085679,0.086126
459.11,0.072845,0.15879,0.099971,0.080038,0.084555
459.13,0.076973,0.15998,0.097856,0.084413,0.086856
459.15,0.068734,0.13073,0.093022,0.073821,0.074455
459.17,0.076824,0.16118,0.10433,0.084816,0.092243
459.19,0.0673,0.12953,0.090389,0.075375,0.077036
459.21,0.072214,0.1528,0.096389,0.078081,0.08029
459.23,0.068562,0.13381,0.093324,0.071058,0.075577
459.25,0.07187,0.14185,0.098676,0.076239,0.075913
459.27,0.066991,0.13415,0.092245,0.073533,0.076811
459.3,0.073573,0.16169,0.091166,0.078023,0.084499
459.32,0.069003,0.14595,0.091986,0.073188,0.078944
459.34,0.07179,0.15331,0.096432,0.077275,0.081076
459.36,0.071572,0.15109,0.10291,0.082859,0.08203
459.38,0.072512,0.1569,0.093454,0.074569,0.08203
459.4,0.068556,0.13227,0.091986,0.070252,0.074511
459.42,0.072799,0.14938,0.093238,0.073936,0.080964
459.44,0.063981,0.12371,0.092375,0.067949,0.074174
459.46,0.070884,0.14955,0.095353,0.080383,0.080234
459.49,0.067914,0.1309,0.093626,0.073936,0.077653
459.51,0.071119,0.15006,0.095655,0.076526,0.080852
459.53,0.067524,0.14459,0.091123,0.070424,0.073332
459.55,0.073355,0.16905,0.10096,0.078253,0.080122
459.57,0.067249,0.12286,0.087584,0.072151,0.07597
459.59,0.072954,0.14527,0.096647,0.076872,0.08029
459.61,0.066492,0.13979,0.088965,0.072497,0.074623
459.63,0.073533,0.15109,0.095655,0.078196,0.080852
459.66,0.065947,0.13193,0.09272,0.074742,0.076924
459.68,0.07027,0.14647,0.093022,0.077793,0.078214
459.7,0.065947,0.14048,0.090562,0.067604,0.076362
459.72,0.072335,0.15211,0.092072,0.080383,0.08203
459.74,0.065489,0.13141,0.090346,0.06887,0.075857
459.76,0.071228,0.14681,0.095957,0.076699,0.079617
459.78,0.064416,0.12816,0.085987,0.067373,0.073613
459.8,0.071119,0.14869,0.095051,0.075893,0.077765
459.82,0.0673,0.15109,0.094835,0.07077,0.080234
459.85,0.068052,0.14527,0.086634,0.071921,0.074455
459.87,0.06554,0.13004,0.089958,0.074339,0.075352
459.89,0.06898,0.14698,0.096216,0.074051,0.079393
459.91,0.066423,0.13466,0.08685,0.068525,0.073276
459.93,0.076216,0.16118,0.10493,0.082053,0.087754
459.95,0.065173,0.12885,0.089958,0.067086,0.072098
459.97,0.069674,0.14287,0.095353,0.07762,0.077036
459.99,0.062811,0.11875,0.084908,0.065071,0.069965
460.01,0.07019,0.14441,0.091468,0.078426,0.079561
460.04,0.067369,0.13997,0.092375,0.074915,0.07524
460.06,0.068975,0.14938,0.091209,0.072842,0.076194
460.08,0.064227,0.1362,0.091641,0.069849,0.074286
460.1,0.070139,0.15399,0.091684,0.074051,0.079056
460.12,0.062719,0.1244,0.089871,0.06841,0.068114
460.14,0.070431,0.14784,0.088361,0.076526,0.076643
460.16,0.061991,0.13603,0.08767,0.068007,0.069909
460.18,0.068487,0.14561,0.092375,0.073648,0.079841
460.2,0.060988,0.12885,0.087152,0.065992,0.071593
460.23,0.088446,0.21935,0.13519,0.10519,0.10683
460.25,0.06339,0.13295,0.08944,0.072036,0.074511
460.27,0.070024,0.15605,0.093324,0.072036,0.077653
460.29,0.062908,0.13141,0.088879,0.063114,0.071537
460.31,0.074049,0.17333,0.10644,0.080729,0.081749
460.33,0.061028,0.13962,0.087325,0.065186,0.065476
460.35,0.064709,0.13706,0.091209,0.068064,0.073332
460.37,0.060793,0.13877,0.086073,0.067143,0.068843
460.39,0.067501,0.14561,0.089181,0.072036,0.075689
460.42,0.061779,0.13261,0.090993,0.068064,0.075184
460.44,0.065775,0.14185,0.08944,0.072497,0.07524
460.46,0.063396,0.13432,0.090346,0.068294,0.074567
460.48,0.065752,0.14441,0.08521,0.070367,0.072771
460.5,0.061905,0.12115,0.088922,0.066337,0.070358
460.52,0.066005,0.13654,0.087325,0.069906,0.071761
460.54,0.061802,0.13843,0.084821,0.067143,0.072042
460.56,0.065466,0.1463,0.087238,0.068525,0.075521
460.58,0.060695,0.1244,0.088145,0.067258,0.067889
460.6,0.069726,0.15417,0.097252,0.080211,0.079224
460.63,0.06128,0.13449,0.086418,0.068064,0.070078
460.65,0.066584,0.15485,0.091986,0.071748,0.075577
460.67,0.059514,0.13073,0.085167,0.065992,0.066206
460.69,0.063442,0.13689,0.085555,0.068122,0.074735
460.71,0.064801,0.1504,0.095525,0.072382,0.072996
460.73,0.067467,0.14236,0.093583,0.074627,0.078663
460.75,0.059153,0.12098,0.08193,0.069676,0.071873
460.77,0.064984,0.13911,0.084735,0.070021,0.075128
460.79,0.061062,0.12611,0.087713,0.065071,0.070078
460.81,0.064451,0.13826,0.084908,0.070194,0.071256
460.83,0.059715,0.12166,0.085857,0.065704,0.069573
460.86,0.063172,0.13039,0.088404,0.07313,0.07698
460.88,0.060569,0.12234,0.084778,0.065934,0.06918
460.9,0.065053,0.14219,0.087325,0.071864,0.06845
460.92,0.058304,0.11755,0.081584,0.062653,0.068338
460.94,0.069135,0.16597,0.098719,0.076987,0.081862
460.96,0.060099,0.11704,0.082232,0.068985,0.064466
460.98,0.065638,0.14133,0.09354,0.073993,0.075408
461,0.065489,0.14784,0.097468,0.068007,0.076026
461.02,0.061486,0.13039,0.085642,0.064898,0.072827
461.05,0.060632,0.14168,0.088404,0.067431,0.070863
461.07,0.076159,0.18496,0.11521,0.088558,0.090784
461.09,0.056722,0.12046,0.083138,0.064322,0.066262
461.11,0.068722,0.15998,0.094964,0.079635,0.082086
461.13,0.057771,0.12731,0.079987,0.06484,0.064522
461.15,0.061796,0.13261,0.083268,0.064265,0.066374
461.17,0.058344,0.12098,0.0818,0.062308,0.067552
461.19,0.062197,0.12748,0.083915,0.067661,0.069348
461.21,0.057031,0.12286,0.085512,0.062423,0.068619
461.23,0.06077,0.12919,0.083872,0.067489,0.069124
461.25,0.054193,0.11704,0.079642,0.059372,0.063568
461.27,0.060919,0.12833,0.08426,0.066107,0.069629
461.3,0.060145,0.14014,0.087325,0.067719,0.070302
461.32,0.067157,0.15092,0.094835,0.075836,0.079168
461.34,0.056739,0.11601,0.076923,0.062595,0.061548
461.36,0.062599,0.13706,0.08508,0.06887,0.073052
461.38,0.055535,0.12252,0.080074,0.061905,0.061043
461.4,0.062444,0.13894,0.085037,0.069618,0.070919
461.42,0.055644,0.12149,0.077829,0.060293,0.063681
461.44,0.060798,0.14305,0.085296,0.067949,0.072491
461.46,0.055392,0.12303,0.07442,0.06202,0.062278
461.48,0.061079,0.13535,0.08029,0.063804,0.070751
461.5,0.053368,0.1155,0.07865,0.061905,0.061997
461.53,0.060317,0.1321,0.083829,0.068525,0.071985
461.55,0.056739,0.1155,0.081973,0.061444,0.065364
461.57,0.05706,0.13586,0.077225,0.061099,0.068114
461.59,0.054732,0.12525,0.079987,0.062711,0.068563
461.61,0.059778,0.14065,0.086073,0.068179,0.071144
461.63,0.053511,0.11995,0.075024,0.058969,0.063119
461.65,0.060976,0.13894,0.08426,0.06864,0.068899
461.67,0.055409,0.12662,0.07757,0.061789,0.066094
461.69,0.061016,0.14664,0.08275,0.068352,0.069909
461.71,0.056286,0.13141,0.081843,0.063401,0.065027
461.74,0.060678,0.13158,0.081843,0.064092,0.069573
461.76,0.054136,0.11927,0.075499,0.058105,0.064578
461.78,0.061498,0.13398,0.08275,0.067661,0.069348
461.8,0.061097,0.13843,0.090778,0.074281,0.073501
461.82,0.057077,0.12987,0.077398,0.063401,0.068282
461.84,0.057519,0.13056,0.087325,0.066049,0.069404
461.86,0.05956,0.13672,0.086893,0.06697,0.068843
461.88,0.055294,0.11738,0.081714,0.061847,0.067945
461.9,0.057742,0.122,0.080203,0.065762,0.066094
461.92,0.057307,0.13586,0.088533,0.069388,0.071368
461.94,0.058981,0.13552,0.081584,0.068985,0.070021
461.96,0.055036,0.11875,0.074377,0.059314,0.065701
461.99,0.059904,0.13244,0.079556,0.067143,0.069965
462.01,0.054709,0.12269,0.075715,0.061156,0.061604
462.03,0.060001,0.13962,0.080203,0.067661,0.073669
462.05,0.053282,0.11995,0.075197,0.059314,0.065252
462.07,0.056791,0.13004,0.076146,0.065531,0.06413
462.09,0.054308,0.11465,0.077959,0.062192,0.067384
462.11,0.059193,0.13911,0.079599,0.064956,0.069797
462.13,0.053844,0.11824,0.076405,0.057587,0.060819
462.15,0.058356,0.1309,0.081757,0.063919,0.068955
462.17,0.053671,0.1179,0.081369,0.061732,0.062222
462.19,0.058218,0.12731,0.078218,0.064322,0.07047
462.21,0.052009,0.122,0.075671,0.060753,0.062109
462.23,0.05862,0.1386,0.078908,0.064438,0.06514
462.25,0.056039,0.122,0.077959,0.063229,0.063288
462.28,0.058138,0.14014,0.07947,0.061329,0.065532
462.3,0.053316,0.12748,0.083181,0.060868,0.066823
462.32,0.059038,0.13398,0.081628,0.064035,0.067496
462.34,0.056647,0.13826,0.087929,0.065531,0.068675
462.36,0.060581,0.14424,0.081498,0.070482,0.068955
462.38,0.055478,0.12662,0.080764,0.061905,0.065364
462.4,0.059835,0.14424,0.081412,0.067776,0.068282
462.42,0.053339,0.12423,0.075456,0.057645,0.060538
462.44,0.058505,0.12953,0.083786,0.06415,0.066262
462.46,0.054216,0.12115,0.077916,0.058796,0.06643
462.48,0.05819,0.1374,0.080462,0.066107,0.068001
462.5,0.052014,0.12696,0.078736,0.056493,0.05936
462.52,0.059801,0.1362,0.079211,0.066625,0.067945
462.55,0.060363,0.14424,0.093626,0.072209,0.076643
462.57,0.057461,0.13364,0.08111,0.064668,0.066935
462.59,0.053155,0.12423,0.072823,0.058451,0.061997
462.61,0.059967,0.13518,0.085857,0.069273,0.069909
462.63,0.053964,0.11584,0.078391,0.063632,0.06166
462.65,0.056487,0.13654,0.076103,0.065877,0.068338
462.67,0.058035,0.14116,0.087627,0.067258,0.070919
462.69,0.057439,0.12628,0.078563,0.062768,0.066542
462.71,0.052204,0.12252,0.074204,0.063459,0.058686
462.73,0.06183,0.14972,0.089655,0.072497,0.075913
462.75,0.054457,0.13107,0.075542,0.061905,0.061941
462.77,0.059617,0.14082,0.082361,0.069043,0.067609
462.79,0.056653,0.13381,0.085339,0.063919,0.067889
462.81,0.059514,0.15314,0.086591,0.067949,0.070246
462.84,0.052622,0.1208,0.073254,0.059544,0.06643
462.86,0.05819,0.14133,0.081066,0.066683,0.07019
462.88,0.051223,0.11293,0.074808,0.056436,0.062614
462.9,0.062031,0.16426,0.086807,0.071864,0.071929
462.92,0.05374,0.1297,0.07675,0.061099,0.063456
462.94,0.057295,0.13689,0.078606,0.064725,0.068731
462.96,0.05405,0.12902,0.074938,0.062538,0.064242
462.98,0.057387,0.14732,0.080937,0.061099,0.070975
463,0.052221,0.12679,0.078908,0.05776,0.063512
463.02,0.13782,0.45613,0.16342,0.11602,0.18949
463.04,0.054996,0.13398,0.087929,0.063747,0.068001
463.06,0.056292,0.14099,0.077916,0.064725,0.065645
463.08,0.051298,0.11927,0.074679,0.056148,0.063063
463.1,0.059124,0.14595,0.084304,0.067604,0.06918
463.13,0.052737,0.1297,0.077441,0.063919,0.065757
463.15,0.056286,0.13244,0.07688,0.065531,0.066374
463.17,0.053345,0.12919,0.074636,0.060293,0.062951
463.19,0.054853,0.12987,0.076923,0.062308,0.06615
463.21,0.052284,0.12816,0.073859,0.058508,0.064635
463.23,0.055799,0.13244,0.081239,0.064725,0.066037
463.25,0.048735,0.1232,0.07101,0.059429,0.058855
463.27,0.056859,0.13826,0.082232,0.065071,0.06946
463.29,0.050759,0.1143,0.07511,0.062192,0.056947
463.31,0.054635,0.12816,0.080721,0.059947,0.065252
463.33,0.05069,0.12149,0.073125,0.058105,0.058911
463.35,0.057129,0.13535,0.079383,0.064207,0.065083
463.37,0.051424,0.11105,0.069456,0.058854,0.06138
463.39,0.053585,0.13569,0.073427,0.06248,0.065252
463.41,0.048958,0.12029,0.07019,0.054536,0.057957
463.43,0.057937,0.14886,0.080808,0.066625,0.065532
463.45,0.051613,0.12388,0.075974,0.061617,0.060987
463.48,0.057433,0.13774,0.081282,0.064265,0.066991
463.5,0.052966,0.1244,0.077657,0.061905,0.064354
463.52,0.056183,0.14305,0.081153,0.063919,0.068001
463.54,0.050908,0.1167,0.070319,0.058566,0.063905
463.56,0.055885,0.13808,0.077916,0.064725,0.066374
463.58,0.050254,0.11413,0.07278,0.060293,0.059472
463.6,0.055185,0.13654,0.073988,0.063114,0.064466
463.62,0.050782,0.11755,0.077053,0.059429,0.060426
463.64,0.061693,0.14784,0.088447,0.07077,0.076811
463.66,0.049165,0.11328,0.073513,0.060753,0.062671
463.68,0.056756,0.1362,0.077786,0.062768,0.063568
463.7,0.05034,0.11944,0.073988,0.058911,0.059921
463.72,0.054807,0.14099,0.074895,0.060523,0.063288
463.74,0.049308,0.11345,0.069888,0.054882,0.058125
463.76,0.054491,0.12457,0.077786,0.061962,0.061941
463.78,0.047147,0.11276,0.069845,0.059314,0.056666
463.81,0.054319,0.14544,0.07606,0.063919,0.06514
463.82,0.049796,0.1179,0.073816,0.059544,0.060987
463.85,0.065511,0.16871,0.099539,0.076296,0.081862
463.87,0.052129,0.12748,0.079254,0.060408,0.063007
463.89,0.055208,0.12765,0.075801,0.066222,0.065981
463.91,0.04827,0.11704,0.070622,0.057472,0.060033
463.93,0.057398,0.14219,0.083397,0.071288,0.068058
463.95,0.048861,0.10951,0.072089,0.056839,0.057508
463.97,0.056154,0.13774,0.081196,0.068467,0.070751
463.99,0.047938,0.12217,0.072132,0.058508,0.058294
464.01,0.054446,0.13158,0.080419,0.066222,0.063849
464.03,0.047319,0.11807,0.068161,0.052521,0.058238
464.05,0.051217,0.13158,0.074506,0.061502,0.061717
464.07,0.046596,0.10558,0.073945,0.055112,0.056554
464.09,0.052989,0.12491,0.075715,0.061674,0.062334
464.11,0.048075,0.12132,0.07114,0.054709,0.056891
464.13,0.052892,0.13723,0.076578,0.061905,0.062951
464.15,0.049406,0.12508,0.075542,0.05753,0.067047
464.17,0.052571,0.13261,0.073082,0.057875,0.060314
464.19,0.048414,0.12902,0.070276,0.057472,0.056049
464.21,0.05335,0.12713,0.074463,0.059544,0.061155
464.24,0.047926,0.11944,0.072348,0.059199,0.057003
464.26,0.054382,0.13004,0.077182,0.062998,0.068619
464.28,0.045558,0.11567,0.071183,0.054306,0.058181
464.3,0.05292,0.12662,0.074463,0.060005,0.059865
464.32,0.048523,0.12423,0.073341,0.05563,0.057003
464.34,0.053305,0.13518,0.074031,0.063862,0.067384
464.36,0.048471,0.12371,0.071269,0.054248,0.058069
464.38,0.052313,0.1463,0.075153,0.062077,0.064635
464.4,0.051372,0.12645,0.081973,0.062653,0.061885
464.42,0.051636,0.13004,0.074247,0.063229,0.065364
464.44,0.046688,0.10951,0.068982,0.056148,0.053187
464.46,0.051011,0.12594,0.072003,0.06012,0.063344
464.48,0.046625,0.12012,0.06937,0.052752,0.056161
464.5,0.05186,0.12833,0.070276,0.057645,0.061773
464.52,0.044687,0.11447,0.067816,0.0554,0.052738
464.54,0.055627,0.14664,0.081498,0.070367,0.069292
464.56,0.04733,0.122,0.070406,0.051312,0.059248
464.58,0.052387,0.13175,0.075369,0.064438,0.059697
464.6,0.046499,0.11157,0.070319,0.0535,0.057564
464.62,0.05186,0.12713,0.072003,0.061617,0.060314
464.64,0.045742,0.11858,0.070061,0.053212,0.05964
464.67,0.052559,0.14116,0.078304,0.065416,0.063007
464.69,0.046275,0.10814,0.069413,0.053212,0.056161
464.71,0.051797,0.13808,0.071355,0.061329,0.06138
464.73,0.047141,0.11396,0.072219,0.056896,0.061773
464.75,0.050902,0.12577,0.074247,0.059141,0.061324
464.77,0.048821,0.12713,0.071916,0.057875,0.062222
464.79,0.052278,0.13124,0.07524,0.060293,0.061155
464.81,0.047651,0.11601,0.07196,0.057414,0.059135
464.83,0.051005,0.13004,0.071442,0.060638,0.062727
464.85,0.045811,0.11293,0.068075,0.052752,0.058799
464.87,0.05077,0.13039,0.074851,0.061329,0.059697
464.89,0.046957,0.11944,0.071916,0.06035,0.059135
464.91,0.073275,0.20771,0.11853,0.093105,0.093589
464.93,0.04913,0.13056,0.073298,0.056609,0.060707
464.95,0.0528,0.13877,0.072305,0.059832,0.062558
464.97,0.051051,0.13894,0.081412,0.062365,0.062558
464.99,0.05272,0.1516,0.07675,0.062135,0.064186
465.01,0.047536,0.12354,0.073816,0.05799,0.058294
465.03,0.052049,0.13039,0.072003,0.062192,0.068338
465.05,0.049062,0.11704,0.069068,0.058393,0.060089
465.07,0.053465,0.13535,0.073125,0.063344,0.066262
465.09,0.052806,0.14544,0.078736,0.06461,0.066262
465.11,0.051934,0.13346,0.072434,0.06035,0.063007
465.13,0.052674,0.13997,0.084304,0.060523,0.066206
465.15,0.057582,0.16272,0.09095,0.073015,0.07019
465.17,0.046407,0.11807,0.065529,0.05327,0.057003
465.19,0.054732,0.14818,0.07688,0.065762,0.0634
465.21,0.045581,0.11721,0.065701,0.05373,0.057284
465.24,0.052697,0.13826,0.069888,0.06484,0.060202
465.26,0.04534,0.10746,0.066737,0.053155,0.053243
465.28,0.05206,0.13039,0.072348,0.060408,0.060875
465.3,0.04514,0.1208,0.067298,0.05609,0.057003
465.32,0.050816,0.12748,0.071657,0.059947,0.061492
465.34,0.046252,0.12234,0.071312,0.055515,0.055769
465.36,0.051435,0.13261,0.073643,0.05966,0.060931
465.38,0.046298,0.11704,0.064104,0.053845,0.057227
465.4,0.051074,0.13415,0.075456,0.057472,0.065252
465.42,0.048855,0.12577,0.070492,0.05776,0.058181
465.44,0.051309,0.13346,0.073254,0.059717,0.061941
465.46,0.046676,0.12525,0.070104,0.054882,0.058686
465.48,0.051871,0.13672,0.074549,0.058623,0.06413
465.5,0.046642,0.12919,0.07196,0.056436,0.058181
465.52,0.050346,0.13346,0.074808,0.059775,0.061268
465.54,0.04592,0.122,0.066349,0.055687,0.057059
465.56,0.055122,0.15006,0.087843,0.064898,0.06542
465.58,0.045163,0.11499,0.067082,0.054018,0.055151
465.6,0.060925,0.17658,0.092634,0.073878,0.079224
465.62,0.045644,0.11961,0.067385,0.052982,0.058406
465.64,0.050982,0.13911,0.076362,0.05989,0.063737
465.66,0.045948,0.11276,0.068895,0.057357,0.059697
465.68,0.052198,0.1285,0.072693,0.059544,0.062558
465.7,0.045839,0.11413,0.066392,0.050679,0.056161
465.72,0.054188,0.1427,0.082663,0.066625,0.063624
465.74,0.04467,0.11619,0.066694,0.053039,0.056498
465.76,0.048632,0.13278,0.073513,0.056148,0.06166
465.78,0.043391,0.10678,0.066521,0.054363,0.051223
465.8,0.050541,0.12936,0.066823,0.056609,0.062614
465.82,0.044039,0.11225,0.067687,0.05799,0.052851
465.84,0.050054,0.13381,0.066349,0.060293,0.061212
465.86,0.044108,0.10489,0.065356,0.054709,0.05661
465.88,0.048293,0.13021,0.072219,0.057299,0.06138
465.9,0.044446,0.11584,0.063586,0.050564,0.05358
465.93,0.049887,0.13364,0.070578,0.06035,0.061717
465.94,0.044635,0.11054,0.064709,0.052521,0.055825
465.96,0.050289,0.12816,0.06924,0.059314,0.057452
465.99,0.04225,0.12303,0.062982,0.047686,0.057003
466.01,0.046694,0.11208,0.06773,0.057472,0.057508
466.03,0.049796,0.13637,0.081066,0.056954,0.061099
466.05,0.048677,0.12183,0.069327,0.057184,0.056722
466.07,0.043414,0.11276,0.063845,0.051946,0.05459
466.09,0.048437,0.12867,0.071226,0.054766,0.059079
466.11,0.049727,0.1427,0.083009,0.060926,0.064298
466.13,0.048173,0.12953,0.072521,0.055687,0.058574
466.15,0.043999,0.1114,0.068809,0.053039,0.054253
466.17,0.046671,0.12594,0.069672,0.052061,0.057676
466.19,0.044205,0.12474,0.065788,0.052867,0.053973
466.21,0.047141,0.1297,0.07114,0.057933,0.056105
466.23,0.042072,0.1066,0.065227,0.05137,0.052121
466.25,0.046321,0.12423,0.068032,0.054076,0.059079
466.27,0.044664,0.11927,0.069327,0.055803,0.05964
466.29,0.047078,0.12303,0.071528,0.060005,0.059472
466.31,0.043523,0.11978,0.070924,0.053673,0.055376
466.33,0.048729,0.12867,0.068895,0.058796,0.060033
466.35,0.043901,0.11807,0.063414,0.054133,0.052177
466.37,0.04678,0.13295,0.067859,0.060293,0.060538
466.39,0.04397,0.12902,0.065572,0.054939,0.052009
466.41,0.049366,0.12816,0.067687,0.056033,0.058181
466.43,0.040794,0.11345,0.062033,0.047974,0.051055
466.45,0.04768,0.11773,0.064191,0.059832,0.055207
466.47,0.048225,0.12953,0.077312,0.060926,0.058967
466.49,0.047794,0.13518,0.077873,0.058738,0.055937
466.51,0.042204,0.10626,0.0635,0.052349,0.049035
466.53,0.046453,0.12046,0.064795,0.055227,0.056442
466.55,0.046613,0.13056,0.076837,0.056321,0.058294
466.57,0.046,0.11003,0.069845,0.058508,0.059865
466.59,0.042594,0.11191,0.065486,0.051082,0.055881
466.61,0.046338,0.12371,0.068205,0.052694,0.06239
466.63,0.042044,0.11174,0.063759,0.054133,0.052963
466.65,0.046493,0.12799,0.064191,0.05586,0.057059
466.67,0.042755,0.11122,0.066996,0.052579,0.056049
466.69,0.045914,0.12833,0.066176,0.058048,0.056386
466.71,0.042835,0.11191,0.066608,0.054479,0.055488
466.73,0.046166,0.12269,0.066608,0.05799,0.052233
466.75,0.03983,0.1025,0.060867,0.050794,0.046678
466.77,0.051281,0.15536,0.076621,0.062711,0.068619
466.79,0.04311,0.11841,0.06186,0.051082,0.054085
466.81,0.046608,0.1321,0.06691,0.060235,0.059135
466.83,0.04186,0.10866,0.061558,0.047801,0.052907
466.85,0.04745,0.1256,0.067687,0.053673,0.059753
466.87,0.041505,0.10181,0.062507,0.049701,0.045949
466.89,0.045799,0.11619,0.065658,0.053212,0.059079
466.91,0.041889,0.11242,0.063457,0.051255,0.052963
466.93,0.045581,0.12115,0.071485,0.052521,0.06065
466.95,0.043517,0.11909,0.069456,0.054766,0.052738
466.97,0.04659,0.11978,0.064881,0.058508,0.055151
466.99,0.044165,0.11909,0.067039,0.052924,0.055432
467.01,0.049222,0.1244,0.067514,0.05966,0.057845
467.03,0.043884,0.11961,0.071528,0.056493,0.055656
467.05,0.046837,0.12611,0.067039,0.055515,0.05863
467.07,0.043695,0.11824,0.068464,0.050276,0.055712
467.09,0.047158,0.14219,0.071096,0.056206,0.057845
467.11,0.042233,0.1143,0.064277,0.051082,0.059079
467.13,0.048024,0.13312,0.069629,0.055803,0.05964
467.15,0.041711,0.11824,0.063241,0.048895,0.052402
467.17,0.048563,0.14065,0.071571,0.057069,0.057789
467.19,0.043483,0.12046,0.063112,0.052694,0.051336
467.21,0.048861,0.13672,0.072391,0.057933,0.061941
467.23,0.042783,0.10541,0.061601,0.050507,0.052121
467.25,0.048981,0.13518,0.0736,0.06202,0.061268
467.27,0.04237,0.12491,0.067687,0.052867,0.055544
467.29,0.04698,0.12508,0.069413,0.062077,0.058518
467.31,0.041872,0.10575,0.061601,0.048837,0.055151
467.33,0.048895,0.13158,0.068291,0.057299,0.058574
467.35,0.042823,0.1167,0.065572,0.051773,0.053131
467.37,0.045914,0.12354,0.068248,0.056781,0.060594
467.39,0.040931,0.11465,0.064968,0.052176,0.052907
467.41,0.045553,0.13278,0.067169,0.059832,0.054141
467.43,0.039309,0.10968,0.064061,0.045038,0.052009
467.45,0.046395,0.12833,0.068032,0.057702,0.060875
467.47,0.046229,0.13654,0.074204,0.056896,0.062895
467.49,0.04991,0.13689,0.070319,0.060926,0.063007
467.51,0.04053,0.10968,0.064709,0.050679,0.051392
467.53,0.045925,0.1309,0.065399,0.056896,0.05863
467.55,0.044779,0.12799,0.067385,0.053788,0.057564
467.57,0.045662,0.13826,0.066565,0.055342,0.058125
467.59,0.042697,0.11858,0.064363,0.0516,0.057396
467.61,0.046963,0.14151,0.068291,0.058105,0.056161
467.63,0.040381,0.11276,0.063802,0.051773,0.050606
467.65,0.046694,0.13843,0.068938,0.058854,0.058574
467.67,0.042755,0.11755,0.067859,0.054536,0.051448
467.69,0.046327,0.12919,0.065183,0.056378,0.056835
467.71,0.046734,0.1362,0.076837,0.059487,0.061941
467.73,0.046963,0.14407,0.066219,0.05563,0.05835
467.75,0.04467,0.122,0.066608,0.053442,0.053019
467.77,0.045771,0.1256,0.065572,0.058048,0.055881
467.79,0.043185,0.1232,0.071226,0.056206,0.056891
467.81,0.05112,0.15143,0.076794,0.062135,0.062895
467.83,0.043437,0.11738,0.065701,0.053903,0.051448
467.85,0.045679,0.13056,0.069845,0.054421,0.056554
467.87,0.04725,0.13518,0.078908,0.061789,0.059304
467.89,0.048769,0.13637,0.072348,0.057184,0.059921
467.91,0.043729,0.11071,0.067946,0.052867,0.053075
467.93,0.045616,0.13278,0.063371,0.053039,0.056442
467.95,0.044251,0.13175,0.074506,0.054076,0.060314
467.97,0.052255,0.14818,0.078779,0.065474,0.065196
467.99,0.041809,0.11858,0.061169,0.054421,0.054702
468.01,0.045696,0.13004,0.068377,0.056206,0.056891
468.03,0.040123,0.11653,0.061169,0.050276,0.04982
468.05,0.045983,0.13586,0.06363,0.054479,0.053019
468.07,0.041338,0.11259,0.061169,0.051543,0.052065
468.09,0.04932,0.15006,0.078347,0.063516,0.064242
468.11,0.039624,0.11311,0.060738,0.052003,0.054871
468.13,0.045467,0.12953,0.066867,0.057875,0.058406
468.15,0.039985,0.1102,0.060954,0.049413,0.051953
468.17,0.048018,0.14099,0.071096,0.06012,0.058967
468.19,0.040547,0.11961,0.064406,0.051485,0.051953
468.21,0.050002,0.14698,0.078995,0.066107,0.062951
468.23,0.040043,0.11345,0.064104,0.051082,0.05431
468.25,0.04932,0.1439,0.078088,0.06461,0.064747
468.27,0.046464,0.135,0.075628,0.056033,0.060089
468.29,0.045845,0.13107,0.067557,0.055054,0.060594
468.31,0.040742,0.1078,0.064493,0.052234,0.052626
468.33,0.045128,0.12765,0.064709,0.056206,0.056498
468.35,0.040037,0.11311,0.060134,0.049183,0.051392
468.37,0.046304,0.12919,0.067039,0.058796,0.055937
468.39,0.041057,0.11875,0.061774,0.053615,0.051223
468.41,0.045558,0.12936,0.070708,0.057472,0.05532
468.43,0.040702,0.12115,0.06855,0.050737,0.049989
468.45,0.043752,0.12371,0.061946,0.055169,0.053131
468.47,0.039647,0.10027,0.058925,0.050507,0.051167
468.49,0.049509,0.14544,0.078132,0.058623,0.063961
468.51,0.041161,0.11687,0.066306,0.053097,0.051841
468.53,0.04436,0.11858,0.06281,0.054766,0.056049
468.55,0.041143,0.12149,0.066996,0.050449,0.049652
468.57,0.045438,0.11944,0.066694,0.056148,0.055151
468.59,0.040071,0.1143,0.059831,0.049988,0.051223
468.61,0.045507,0.14236,0.067903,0.057472,0.05964
468.63,0.040851,0.12508,0.061299,0.048031,0.053917
468.65,0.044584,0.12833,0.062637,0.055227,0.054871
468.67,0.040295,0.11396,0.065572,0.050334,0.051897
468.69,0.044796,0.12234,0.065097,0.053961,0.056666
468.71,0.038116,0.10797,0.058839,0.049298,0.048866
468.73,0.046057,0.12867,0.063932,0.056321,0.053075
468.75,0.039532,0.11944,0.061385,0.050219,0.049933
468.77,0.044824,0.13723,0.06104,0.054133,0.054646
468.79,0.042084,0.12286,0.068938,0.052464,0.054422
468.81,0.045197,0.12731,0.06432,0.052234,0.056386
468.83,0.037766,0.10695,0.060824,0.051025,0.047576
468.85,0.045467,0.13278,0.068636,0.054882,0.060594
468.87,0.040536,0.11738,0.061644,0.052118,0.049596
468.88,0.043557,0.12388,0.06186,0.055054,0.056105
468.9,0.040432,0.1155,0.061731,0.049643,0.053861
468.93,0.050277,0.15109,0.077657,0.060235,0.062671
468.94,0.043947,0.13432,0.065011,0.053039,0.054815
468.96,0.049257,0.13997,0.072995,0.063056,0.065813
468.98,0.044618,0.14116,0.07524,0.059141,0.059865
469,0.044326,0.12525,0.064579,0.052061,0.056835
469.02,0.039119,0.10951,0.0594,0.045038,0.052289
469.04,0.04479,0.13877,0.066133,0.05753,0.055207
469.06,0.039819,0.12457,0.06268,0.052752,0.053187
469.08,0.049618,0.14561,0.075283,0.060005,0.062222
469.1,0.038884,0.11276,0.062119,0.052809,0.046229
469.12,0.043947,0.12542,0.063932,0.05609,0.053019
469.14,0.041711,0.12183,0.063241,0.057702,0.054253
469.16,0.043884,0.12508,0.065399,0.054421,0.055039
469.18,0.046665,0.13826,0.074722,0.056206,0.057115
469.2,0.045725,0.12936,0.065788,0.057414,0.055825
469.22,0.037749,0.11071,0.061342,0.049528,0.045444
469.24,0.04522,0.13398,0.066176,0.057012,0.055039
469.26,0.040421,0.12491,0.062594,0.050161,0.053861
469.28,0.045725,0.13398,0.0676,0.056378,0.057452
469.3,0.042485,0.12713,0.064709,0.055918,0.0556
469.32,0.046539,0.13689,0.066521,0.05799,0.059135
469.34,0.040117,0.11807,0.063414,0.048722,0.052402
469.36,0.042909,0.12936,0.064148,0.056321,0.054029
469.38,0.041218,0.12388,0.062594,0.052061,0.05156
469.4,0.044263,0.13415,0.059918,0.054824,0.056049
469.42,0.039274,0.10318,0.060997,0.049528,0.050494
469.44,0.045851,0.13346,0.068334,0.055515,0.054871
469.46,0.039532,0.11276,0.06104,0.054594,0.050887
469.48,0.044452,0.1285,0.063112,0.053961,0.053243
469.5,0.040392,0.1179,0.063759,0.051888,0.052458
469.52,0.044136,0.12491,0.064277,0.055572,0.056049
469.54,0.038925,0.11242,0.059314,0.045786,0.050382
469.56,0.044624,0.12799,0.063543,0.054306,0.054478
469.57,0.04174,0.11191,0.064752,0.050046,0.053861
469.6,0.044234,0.13227,0.067557,0.054421,0.056947
469.61,0.040301,0.12662,0.064191,0.049931,0.050999
469.63,0.043741,0.12132,0.063198,0.051715,0.055544
469.65,0.036149,0.11037,0.060738,0.048146,0.045163
469.67,0.042651,0.12286,0.069025,0.055918,0.058181
469.69,0.039079,0.10866,0.059702,0.048319,0.049203
469.71,0.047473,0.14116,0.069154,0.057472,0.056779
469.73,0.044618,0.12611,0.072823,0.054363,0.06037
469.75,0.046728,0.15314,0.068118,0.058336,0.062614
469.77,0.037216,0.11088,0.060522,0.053673,0.052289
469.79,0.046493,0.13997,0.070794,0.057127,0.060258
469.81,0.039773,0.11311,0.060004,0.048261,0.04954
469.83,0.05034,0.1463,0.076664,0.065589,0.061885
469.85,0.03881,0.10643,0.057242,0.050852,0.051448
469.87,0.042365,0.12406,0.063889,0.049816,0.055376
469.89,0.038483,0.10507,0.056767,0.045901,0.050606
469.91,0.045146,0.12679,0.064665,0.053903,0.054927
469.93,0.039876,0.11636,0.063155,0.052291,0.051111
469.95,0.044377,0.12252,0.062076,0.056206,0.054197
469.97,0.039957,0.11824,0.064622,0.050852,0.052121
469.99,0.045105,0.13278,0.063025,0.058681,0.056442
470.01,0.040908,0.12953,0.060954,0.050737,0.050101
470.03,0.044544,0.13637,0.067773,0.054997,0.054478
470.05,0.046252,0.14869,0.073816,0.059717,0.060145
470.07,0.046705,0.13654,0.069456,0.060465,0.058799
470.08,0.040312,0.12337,0.059875,0.05137,0.050718
470.11,0.050323,0.15314,0.076017,0.059487,0.061829
470.13,0.040226,0.11824,0.060177,0.047225,0.052794
470.14,0.046166,0.12679,0.060954,0.055918,0.056722
470.16,0.040604,0.11807,0.059788,0.049873,0.053356
470.18,0.046837,0.14459,0.068032,0.059602,0.062334
470.2,0.040478,0.11704,0.063586,0.049931,0.053973
470.22,0.046476,0.13312,0.066737,0.058105,0.061717
470.24,0.03838,0.11755,0.05927,0.049413,0.049877
470.26,0.045272,0.14133,0.066435,0.055169,0.058181
470.28,0.041321,0.12406,0.057458,0.054248,0.053692
470.3,0.045931,0.13706,0.065054,0.058393,0.059809
470.32,0.059738,0.19985,0.10627,0.080326,0.085677
470.34,0.04565,0.14133,0.070665,0.056321,0.054534
470.36,0.039131,0.11909,0.062076,0.05137,0.048137
470.38,0.046367,0.13329,0.063889,0.056206,0.057564
470.4,0.04041,0.12029,0.061903,0.049873,0.052514
470.42,0.047364,0.14048,0.065183,0.059775,0.058069
470.44,0.040329,0.1143,0.060393,0.049067,0.05257
470.46,0.04553,0.1374,0.066565,0.056724,0.054534
470.48,0.045507,0.14236,0.06937,0.055687,0.057227
470.5,0.046155,0.13107,0.067687,0.056551,0.056049
470.51,0.040002,0.11653,0.063371,0.050334,0.051223
470.54,0.048614,0.14219,0.061903,0.059717,0.060594
470.55,0.045541,0.13757,0.072262,0.060293,0.060538
470.57,0.047061,0.13569,0.066392,0.060926,0.054366
470.59,0.047955,0.14305,0.072736,0.060465,0.061212
470.61,0.045776,0.13398,0.061946,0.053788,0.061717
470.63,0.043156,0.12662,0.061299,0.054421,0.054702
470.65,0.048075,0.14185,0.067428,0.058623,0.058406
470.67,0.041373,0.12919,0.059918,0.055054,0.052738
470.69,0.044899,0.13808,0.063673,0.056206,0.057508
470.71,0.045994,0.13997,0.074074,0.060005,0.059416
470.73,0.046556,0.13877,0.067471,0.055803,0.059528
470.75,0.045157,0.13672,0.072866,0.061732,0.057676
470.77,0.045673,0.13997,0.069715,0.059257,0.058743
470.79,0.041734,0.12731,0.063716,0.056839,0.057115
470.81,0.04389,0.13381,0.065917,0.05563,0.056722
470.83,0.041379,0.1232,0.066737,0.051888,0.049708
470.85,0.045438,0.14305,0.066176,0.055687,0.056498
470.87,0.040696,0.12012,0.060177,0.048204,0.052121
470.89,0.044664,0.13706,0.068766,0.059314,0.060482
470.9,0.039968,0.11978,0.064406,0.055515,0.04853
470.93,0.047238,0.1463,0.071226,0.056839,0.061941
470.94,0.040633,0.11413,0.058493,0.052406,0.048866
470.96,0.050128,0.1516,0.076491,0.064668,0.062278
470.98,0.04143,0.1244,0.064191,0.054824,0.055095
471,0.046625,0.14595,0.065054,0.054882,0.056666
471.02,0.044033,0.13518,0.070881,0.058623,0.061099
471.04,0.04573,0.13791,0.068032,0.053442,0.055712
471.06,0.03893,0.11157,0.06022,0.04734,0.050718
471.08,0.044354,0.1362,0.068118,0.054421,0.058799
471.1,0.046321,0.14801,0.076233,0.063056,0.062727
471.12,0.044727,0.13449,0.063802,0.056666,0.055656
471.14,0.040604,0.12696,0.064363,0.049586,0.047576
471.16,0.046527,0.14459,0.065183,0.056896,0.054029
471.18,0.039011,0.11995,0.060695,0.051197,0.050662
471.2,0.04256,0.12748,0.06363,0.053327,0.053748
471.22,0.039607,0.11944,0.062421,0.047168,0.047632
471.24,0.044733,0.13278,0.067946,0.052694,0.054141
471.25,0.038919,0.12029,0.062507,0.054651,0.05156
471.27,0.044521,0.13911,0.068895,0.056493,0.0556
471.29,0.043471,0.13227,0.066306,0.056551,0.055432
471.31,0.042909,0.13141,0.065874,0.054479,0.055544
471.33,0.046516,0.14116,0.07442,0.062998,0.063288
471.35,0.045616,0.14305,0.067385,0.05799,0.058294
471.37,0.038334,0.11961,0.059184,0.049125,0.048642
471.39,0.044108,0.12782,0.065658,0.057242,0.060202
471.41,0.037715,0.11242,0.059745,0.049183,0.054085
471.43,0.043689,0.12987,0.065831,0.055169,0.056498
471.45,0.043563,0.13979,0.070061,0.054133,0.057284
471.47,0.044372,0.13552,0.064838,0.059257,0.059753
471.49,0.037824,0.11636,0.060824,0.050104,0.050718
471.51,0.042743,0.12919,0.06186,0.053558,0.053805
471.53,0.038162,0.11396,0.063155,0.052636,0.051448
471.55,0.04385,0.13808,0.069413,0.055457,0.055544
471.56,0.039716,0.11892,0.061472,0.049816,0.050382
471.58,0.043649,0.13021,0.062205,0.056551,0.054702
471.6,0.040146,0.11807,0.059443,0.052061,0.048081
471.62,0.043265,0.12696,0.063889,0.059084,0.055881
471.64,0.041224,0.13039,0.062896,0.054248,0.052514
471.66,0.04522,0.1362,0.06842,0.05753,0.057901
471.68,0.038242,0.1114,0.056594,0.050104,0.05156
471.7,0.04151,0.12902,0.06281,0.055687,0.056105
471.72,0.038317,0.12731,0.059702,0.051831,0.050438
471.74,0.044956,0.13449,0.064709,0.056321,0.056498
471.76,0.036379,0.11516,0.060652,0.051946,0.046959
471.78,0.043018,0.12936,0.06855,0.054824,0.053692
471.8,0.044303,0.1386,0.071657,0.057702,0.057171
471.82,0.041275,0.12098,0.060608,0.052809,0.052458
471.83,0.038282,0.11499,0.063371,0.050219,0.04853
471.85,0.042697,0.13021,0.064191,0.05586,0.055544
471.87,0.038517,0.11961,0.061946,0.050852,0.049035
471.89,0.044687,0.13004,0.064881,0.0554,0.059191
471.91,0.038105,0.11807,0.061169,0.048434,0.051897
471.93,0.044687,0.13261,0.068852,0.05822,0.051616
471.95,0.04299,0.14424,0.07114,0.054479,0.058686
471.97,0.043334,0.12628,0.066651,0.06012,0.056554
471.99,0.038947,0.11105,0.063198,0.049643,0.056049
472.01,0.042783,0.13518,0.065399,0.059487,0.054758
472.03,0.038844,0.11909,0.063889,0.051485,0.052794
472.05,0.041212,0.12731,0.059098,0.053327,0.051167
472.07,0.038449,0.13312,0.062551,0.055342,0.052346
472.09,0.043735,0.1285,0.065831,0.054939,0.052907
472.11,0.039039,0.12731,0.059831,0.050737,0.053019
472.12,0.041963,0.13021,0.063673,0.054824,0.055095
472.14,0.038535,0.12474,0.062119,0.04665,0.050774
472.16,0.043689,0.14099,0.063586,0.057875,0.054422
472.18,0.039446,0.11807,0.061428,0.053903,0.050213
472.2,0.046642,0.14664,0.073816,0.059487,0.063288
472.22,0.038191,0.11653,0.058796,0.051428,0.049259
472.24,0.043661,0.12987,0.066823,0.05563,0.058125
472.26,0.043041,0.13364,0.071701,0.056263,0.055993
472.28,0.047984,0.14749,0.075197,0.062711,0.062558
472.3,0.03807,0.11105,0.059314,0.050852,0.049764
472.32,0.043093,0.13911,0.064493,0.056609,0.055432
472.34,0.036144,0.11191,0.061428,0.049643,0.049877
472.36,0.042342,0.13706,0.064104,0.057414,0.054534
472.37,0.036585,0.11875,0.059831,0.051428,0.050213
472.39,0.042938,0.12885,0.061299,0.058048,0.055151
472.41,0.036281,0.12166,0.060004,0.045613,0.050999
472.43,0.043397,0.12867,0.065011,0.052406,0.05835
472.45,0.036625,0.11276,0.05858,0.047168,0.046173
472.47,0.042669,0.1362,0.064061,0.056033,0.052121
472.49,0.038718,0.12611,0.065054,0.051428,0.049989
472.51,0.043276,0.13175,0.062162,0.058566,0.054534
472.53,0.035295,0.1179,0.057242,0.044808,0.045275
472.55,0.041797,0.12491,0.065744,0.053903,0.05257
472.57,0.037417,0.10866,0.061601,0.048434,0.046902
472.58,0.04534,0.14253,0.066737,0.059717,0.057284
472.61,0.037956,0.12765,0.062033,0.050276,0.048866
472.62,0.042353,0.12337,0.067169,0.057242,0.054029
472.64,0.037749,0.12115,0.062766,0.052809,0.051279
472.66,0.042313,0.12936,0.063457,0.05799,0.055263
472.68,0.037101,0.11584,0.059659,0.046592,0.047576
472.7,0.040174,0.12286,0.060134,0.050737,0.051336
472.72,0.03752,0.1155,0.062292,0.048607,0.051223
472.74,0.039653,0.12132,0.062248,0.052464,0.052289
472.76,0.037784,0.11584,0.061299,0.049643,0.052065
472.78,0.039687,0.13227,0.058968,0.053155,0.052794
472.8,0.036591,0.11328,0.060306,0.050161,0.047856
472.81,0.042841,0.1297,0.065183,0.053845,0.055656
472.83,0.037898,0.12303,0.060867,0.053442,0.053356
472.85,0.04139,0.1285,0.060824,0.053327,0.053243
472.87,0.037382,0.12645,0.061126,0.052867,0.047239
472.89,0.04655,0.14955,0.074031,0.061502,0.062502
472.91,0.036402,0.11909,0.058882,0.049873,0.04853
472.93,0.041895,0.13141,0.061126,0.053385,0.05459
472.95,0.034865,0.10678,0.059011,0.048722,0.047127
472.97,0.041075,0.13654,0.060824,0.053903,0.052065
472.99,0.035817,0.11773,0.060177,0.045671,0.04881
473.01,0.040897,0.12542,0.063414,0.052867,0.053636
473.03,0.035221,0.11447,0.056594,0.048377,0.048923
473.05,0.04721,0.15177,0.076405,0.063689,0.061324
473.06,0.03725,0.11841,0.061515,0.048895,0.051897
473.08,0.041757,0.13261,0.060522,0.056148,0.053636
473.1,0.038042,0.10216,0.062637,0.050794,0.046959
473.12,0.046774,0.15451,0.072434,0.060178,0.058069
473.14,0.035851,0.10643,0.057328,0.053558,0.048361
473.16,0.042451,0.12474,0.066176,0.058681,0.054422
473.18,0.035777,0.10849,0.059227,0.050564,0.049652
473.2,0.046195,0.15725,0.070967,0.063229,0.058911
473.22,0.037503,0.11944,0.060004,0.050737,0.052458
473.24,0.046699,0.14818,0.077139,0.057357,0.060033
473.25,0.045943,0.15382,0.079124,0.062538,0.061043
473.27,0.042485,0.14031,0.062723,0.058738,0.053973
473.29,0.04381,0.14236,0.069543,0.06012,0.056554
473.31,0.039355,0.11841,0.061644,0.051197,0.053356
473.33,0.036081,0.11328,0.057328,0.048895,0.047913
473.35,0.04815,0.15502,0.07688,0.064956,0.064242
473.37,0.045186,0.16477,0.078434,0.063516,0.061941
473.39,0.04565,0.14766,0.072348,0.060523,0.062109
473.41,0.035072,0.11242,0.056767,0.048549,0.050325
473.43,0.045621,0.14236,0.075585,0.061099,0.063624
473.44,0.03627,0.11601,0.060565,0.046362,0.049933
473.46,0.041797,0.13244,0.061342,0.053327,0.054366
473.48,0.03811,0.12867,0.064622,0.057242,0.056274
473.5,0.04069,0.12713,0.064579,0.054018,0.055769
473.52,0.037612,0.11208,0.06009,0.047743,0.050157
473.54,0.042187,0.12628,0.063802,0.056493,0.056105
473.56,0.03787,0.12867,0.063845,0.047916,0.050269
473.58,0.048448,0.15006,0.074377,0.061502,0.064242
473.6,0.038879,0.11499,0.064881,0.053097,0.052289
473.62,0.042502,0.14236,0.066349,0.056493,0.056666
473.64,0.038839,0.11875,0.060349,0.050852,0.053805
473.65,0.042565,0.14322,0.062594,0.056839,0.05459
473.67,0.037984,0.12748,0.060263,0.047743,0.04982
473.69,0.052301,0.17778,0.08521,0.067719,0.071537
473.71,0.037766,0.11619,0.062551,0.048664,0.050045
473.73,0.042221,0.14133,0.067341,0.05586,0.05661
473.75,0.037038,0.12098,0.061989,0.046995,0.0533
473.77,0.042565,0.14219,0.066262,0.054882,0.056274
473.79,0.037428,0.12354,0.06009,0.051543,0.048979
473.81,0.041476,0.14168,0.065831,0.054997,0.055151
473.82,0.040536,0.12217,0.068507,0.052636,0.055095
473.84,0.043225,0.13175,0.066435,0.057299,0.055881
473.86,0.039762,0.1362,0.062939,0.055918,0.052458
473.88,0.047967,0.15776,0.076448,0.06841,0.063849
473.9,0.037262,0.1179,0.059702,0.051025,0.049764
473.92,0.042141,0.13004,0.065529,0.052176,0.05532
473.94,0.037239,0.11499,0.055429,0.048722,0.052794
473.96,0.048769,0.15519,0.074333,0.060465,0.064017
473.98,0.038856,0.13312,0.062248,0.051082,0.051616
474,0.043202,0.1374,0.06691,0.058278,0.057733
474.01,0.036591,0.12303,0.060608,0.048722,0.048137
474.03,0.043007,0.13979,0.067644,0.056896,0.05633
474.05,0.044177,0.15365,0.072003,0.061156,0.05633
474.07,0.040788,0.1232,0.061989,0.053903,0.052458
474.09,0.03764,0.11841,0.059572,0.049586,0.052289
474.11,0.04147,0.12936,0.058925,0.050564,0.055544
474.13,0.037256,0.12508,0.062248,0.047859,0.049764
474.15,0.042955,0.14065,0.064104,0.05609,0.056722
474.17,0.035163,0.11721,0.059529,0.046592,0.047969
474.19,0.043219,0.13432,0.067126,0.054651,0.053468
474.2,0.036837,0.12063,0.063069,0.053903,0.051055
474.22,0.043087,0.13518,0.064406,0.050794,0.056049
474.24,0.038569,0.12731,0.061342,0.048722,0.050662
474.26,0.043162,0.14048,0.061213,0.056724,0.053356
474.28,0.040295,0.12542,0.065529,0.052579,0.051728
474.3,0.04069,0.135,0.066176,0.054306,0.057564
474.32,0.03936,0.12354,0.060306,0.053442,0.048979
474.34,0.042726,0.13843,0.064104,0.05114,0.054702
474.36,0.038781,0.1244,0.06104,0.047628,0.054141
474.37,0.043024,0.14561,0.067687,0.057414,0.060594
474.39,0.039744,0.12508,0.060997,0.054363,0.053412
474.41,0.04514,0.14202,0.065917,0.056378,0.055544
474.43,0.039234,0.12406,0.062637,0.054651,0.053692
474.45,0.044108,0.14544,0.067687,0.060005,0.058686
474.47,0.039028,0.12662,0.064018,0.052924,0.04954
474.49,0.0428,0.13791,0.064277,0.053155,0.052009
474.51,0.03787,0.12525,0.059486,0.049988,0.051953
474.52,0.041459,0.14151,0.066996,0.05373,0.053187
474.54,0.036929,0.12217,0.058321,0.048952,0.051504
474.56,0.046545,0.15109,0.073557,0.059775,0.061997
474.58,0.036975,0.12046,0.059875,0.04711,0.050662
474.6,0.044738,0.14014,0.064924,0.056609,0.056779
474.62,0.038483,0.12765,0.05858,0.04901,0.054253
474.64,0.041023,0.13381,0.066219,0.054939,0.054422
474.66,0.039102,0.13483,0.061083,0.053327,0.051392
474.68,0.044308,0.14459,0.062248,0.055745,0.05762
474.69,0.04057,0.13244,0.06678,0.05609,0.05762
474.71,0.043167,0.13826,0.069456,0.056436,0.057171
474.73,0.03768,0.1208,0.062594,0.052521,0.054085
474.75,0.045037,0.15348,0.063284,0.061732,0.057845
474.77,0.045008,0.15314,0.078304,0.064322,0.062446
474.79,0.051407,0.16358,0.082189,0.065646,0.068619
474.81,0.037457,0.12098,0.063241,0.05327,0.05257
474.83,0.04182,0.1321,0.06527,0.055342,0.055263
474.85,0.037371,0.11003,0.060349,0.050046,0.051111
474.86,0.040719,0.13346,0.063889,0.055687,0.057676
474.88,0.036321,0.12029,0.060306,0.047974,0.050662
474.9,0.043351,0.14339,0.062464,0.057069,0.055432
474.92,0.038294,0.1285,0.06022,0.050161,0.04679
474.94,0.043351,0.13791,0.065183,0.057299,0.058406
474.96,0.046206,0.15348,0.077829,0.062192,0.061436
474.98,0.043597,0.14681,0.065572,0.05776,0.05257
475,0.038695,0.12833,0.063457,0.052176,0.051223
475.01,0.04983,0.16221,0.077441,0.067949,0.066879
475.03,0.038947,0.12867,0.0594,0.055975,0.054983
475.05,0.044876,0.14766,0.064406,0.056954,0.06166
475.07,0.039079,0.13381,0.063112,0.052982,0.052626
475.09,0.049096,0.1646,0.077614,0.061387,0.067889
475.11,0.038082,0.12611,0.06527,0.049586,0.050887
475.13,0.042806,0.13979,0.060565,0.055687,0.055937
475.15,0.035805,0.12765,0.057199,0.0535,0.048754
475.17,0.043838,0.14681,0.063371,0.055457,0.059584
475.18,0.038517,0.13039,0.062594,0.052982,0.04982
475.2,0.042812,0.12987,0.0635,0.052579,0.055039
475.22,0.036815,0.12713,0.063975,0.049988,0.047127
475.24,0.043821,0.14749,0.063327,0.056493,0.060707
475.26,0.039246,0.12902,0.0635,0.055285,0.051728
475.28,0.047164,0.15639,0.078563,0.064207,0.062334
475.3,0.04268,0.1386,0.072003,0.057875,0.062614
475.31,0.042852,0.12731,0.062335,0.060293,0.056161
475.33,0.036992,0.11601,0.062076,0.052349,0.048923
475.35,0.042319,0.13073,0.067082,0.055227,0.054085
475.37,0.037365,0.12696,0.05858,0.048261,0.049652
475.39,0.04237,0.14441,0.065313,0.0535,0.056161
475.41,0.037743,0.12611,0.064622,0.047225,0.053748
475.43,0.041929,0.14031,0.066996,0.0535,0.055937
475.44,0.037095,0.12919,0.05845,0.051715,0.050662
475.46,0.042216,0.13757,0.063673,0.054709,0.053636
475.48,0.038082,0.13056,0.064104,0.049586,0.051616
475.5,0.049027,0.15519,0.079901,0.064438,0.065083
475.52,0.038128,0.1285,0.063759,0.047743,0.049933
475.54,0.047777,0.16118,0.076491,0.06461,0.062895
475.56,0.037273,0.12542,0.063112,0.051255,0.049877
475.58,0.044383,0.14407,0.069284,0.056609,0.055376
475.6,0.038879,0.13107,0.059745,0.052176,0.05358
475.61,0.043913,0.14441,0.06609,0.056033,0.055993
475.63,0.039538,0.12525,0.062982,0.054939,0.04982
475.65,0.04737,0.16101,0.079599,0.064725,0.065757
475.67,0.037285,0.13483,0.060134,0.053673,0.049203
475.69,0.044228,0.14168,0.067644,0.056551,0.057957
475.71,0.037956,0.135,0.06691,0.052809,0.052289
475.73,0.042141,0.14356,0.063112,0.056321,0.056161
475.74,0.037594,0.12474,0.063155,0.051543,0.050774
475.76,0.042038,0.14082,0.065399,0.053615,0.055769
475.78,0.039458,0.12919,0.059745,0.052982,0.052851
475.8,0.043156,0.14356,0.0676,0.055342,0.05762
475.82,0.037698,0.13278,0.062076,0.053097,0.050943
475.84,0.042491,0.13877,0.069068,0.057702,0.054646
475.86,0.037422,0.12696,0.063284,0.048952,0.052738
475.88,0.042124,0.13962,0.065744,0.05799,0.057901
475.89,0.036901,0.1256,0.059745,0.050737,0.052233
475.91,0.048333,0.15827,0.080462,0.062423,0.066262
475.93,0.038242,0.1208,0.0635,0.053097,0.051392
475.95,0.042657,0.13073,0.06924,0.053558,0.058967
475.97,0.043317,0.1504,0.07442,0.054824,0.062109
475.99,0.043827,0.14373,0.069974,0.059602,0.061436
476,0.038156,0.12679,0.070492,0.054191,0.049372
476.02,0.041986,0.14168,0.064924,0.057472,0.05257
476.04,0.042841,0.14493,0.073513,0.060811,0.058406
476.06,0.043563,0.14476,0.063069,0.056839,0.059304
476.08,0.038672,0.12679,0.06281,0.053903,0.049877
476.1,0.043294,0.14459,0.069629,0.060408,0.057171
476.12,0.038042,0.12611,0.06091,0.050219,0.052626
476.13,0.041487,0.14133,0.066219,0.054306,0.056891
476.15,0.037634,0.12252,0.060997,0.05114,0.047688
476.17,0.043557,0.14903,0.070276,0.058911,0.055432
476.19,0.036505,0.12269,0.062119,0.051543,0.048754
476.21,0.043913,0.13945,0.064234,0.054536,0.05431
476.23,0.038506,0.12696,0.061989,0.049988,0.050718
476.25,0.041327,0.13706,0.067557,0.056378,0.055769
476.26,0.038707,0.13004,0.06445,0.053788,0.054366
476.28,0.040989,0.12816,0.061644,0.054133,0.054197
476.3,0.037577,0.12457,0.059098,0.049873,0.051336
476.32,0.043471,0.13654,0.064191,0.054076,0.056274
476.34,0.036018,0.12645,0.062205,0.048837,0.049259
476.36,0.044647,0.15246,0.065831,0.053097,0.055544
476.38,0.04002,0.13056,0.063241,0.05327,0.051616
476.39,0.063992,0.22842,0.11357,0.082456,0.086463
476.41,0.038391,0.12731,0.065097,0.054018,0.051672
476.43,0.043489,0.14613,0.068248,0.058681,0.059697
476.45,0.039016,0.1256,0.062982,0.057702,0.052963
476.47,0.044446,0.14407,0.066867,0.061905,0.0556
476.49,0.036769,0.12046,0.060695,0.050852,0.05083
476.51,0.04276,0.13945,0.063155,0.060811,0.053636
476.52,0.038001,0.12902,0.060393,0.054479,0.054141
476.54,0.042932,0.14133,0.067859,0.05563,0.053692
476.56,0.037428,0.12115,0.059443,0.05114,0.05358
476.58,0.043741,0.14356,0.0676,0.059544,0.059921
476.6,0.040616,0.13518,0.06855,0.052349,0.053019
476.62,0.045914,0.15571,0.076664,0.062308,0.062166
476.64,0.039125,0.13141,0.061687,0.05609,0.055993
476.65,0.043804,0.14185,0.064709,0.055342,0.056835
476.67,0.038581,0.13175,0.064579,0.053212,0.05358
476.69,0.044136,0.14476,0.066694,0.056033,0.057452
476.71,0.038225,0.13278,0.066003,0.049528,0.050887
476.73,0.046682,0.1634,0.071614,0.059199,0.06441
476.75,0.039653,0.12919,0.063198,0.0535,0.05532
476.76,0.04393,0.15228,0.06445,0.056493,0.058294
476.78,0.038661,0.13826,0.062464,0.051082,0.054141
476.8,0.042382,0.14253,0.064709,0.057645,0.055039
476.82,0.040719,0.13791,0.066306,0.049816,0.053692
476.84,0.043632,0.15399,0.069802,0.05776,0.05936
476.86,0.039613,0.13004,0.065831,0.054076,0.052009
476.88,0.046011,0.14698,0.068205,0.059429,0.056554
476.89,0.03959,0.1244,0.062766,0.054421,0.055656
476.91,0.04995,0.16837,0.084304,0.069964,0.066767
476.93,0.041711,0.14048,0.065399,0.053673,0.055881
476.95,0.044744,0.14903,0.06609,0.060581,0.055712
476.97,0.039154,0.13312,0.06937,0.053961,0.054815
476.99,0.053803,0.18684,0.090303,0.07952,0.076475
477,0.04069,0.14048,0.069284,0.054248,0.054871
477.02,0.044566,0.1463,0.065615,0.05753,0.062222
477.04,0.046854,0.15707,0.078995,0.063401,0.065981
477.06,0.043431,0.1427,0.06691,0.059947,0.062951
477.08,0.04846,0.16854,0.084821,0.062826,0.066935
477.1,0.042927,0.13672,0.064968,0.056781,0.055432
477.12,0.03721,0.1232,0.062637,0.048146,0.054983
477.13,0.044171,0.14441,0.065183,0.058105,0.057059
477.15,0.037445,0.11636,0.060263,0.049125,0.052514
477.17,0.045088,0.14356,0.067903,0.058738,0.058686
477.19,0.038735,0.12491,0.065313,0.050794,0.056498
477.21,0.043397,0.13877,0.068291,0.056493,0.058406
477.23,0.045828,0.1439,0.079599,0.059717,0.059697
477.24,0.042439,0.14459,0.067298,0.056724,0.057284
477.26,0.044675,0.1492,0.07593,0.060753,0.059023
477.28,0.047405,0.15879,0.079124,0.061732,0.063905
477.3,0.039343,0.13107,0.063457,0.054306,0.053636
477.32,0.042267,0.14048,0.069629,0.056263,0.055151
477.34,0.035645,0.12029,0.060695,0.052118,0.05083
477.36,0.042795,0.14322,0.064234,0.058278,0.060538
477.37,0.038816,0.13535,0.06091,0.051543,0.05055
477.39,0.039825,0.13483,0.062594,0.055515,0.055712
477.41,0.03885,0.13466,0.065572,0.051543,0.049877
477.43,0.042514,0.14578,0.068982,0.055918,0.057564
477.45,0.036138,0.12919,0.061601,0.051197,0.053468
477.46,0.042055,0.14613,0.067773,0.054018,0.055544
477.48,0.036797,0.13124,0.063889,0.05373,0.049708
477.5,0.043185,0.13141,0.069499,0.05609,0.057789
477.52,0.037921,0.13398,0.065097,0.055745,0.050943
477.54,0.042044,0.14441,0.066392,0.052464,0.055095
477.56,0.038363,0.14133,0.066823,0.051946,0.056217
477.57,0.047605,0.15913,0.076966,0.06248,0.064859
477.59,0.037365,0.12166,0.067082,0.052406,0.051392
477.61,0.044555,0.15434,0.069025,0.060408,0.061885
477.63,0.034229,0.13124,0.063889,0.049067,0.051167
477.65,0.043466,0.13928,0.069197,0.059775,0.060145
477.67,0.042221,0.15023,0.074765,0.059372,0.058967
477.69,0.04237,0.14852,0.06924,0.055515,0.058181
477.7,0.036161,0.12286,0.061126,0.051543,0.048866
477.72,0.042078,0.14852,0.069715,0.062826,0.059079
477.74,0.042451,0.15228,0.071399,0.055745,0.05964
477.76,0.040324,0.13175,0.064881,0.057242,0.053468
477.78,0.036448,0.1244,0.061946,0.048549,0.054534
477.8,0.040582,0.12765,0.066349,0.055515,0.056835
477.81,0.042319,0.16067,0.076578,0.056321,0.063063
477.83,0.041189,0.13518,0.066478,0.059717,0.058406
477.85,0.037485,0.13107,0.070449,0.052752,0.050382
477.87,0.043288,0.14305,0.067687,0.057817,0.057508
477.89,0.037761,0.12423,0.064018,0.051543,0.049035
477.9,0.043047,0.15502,0.068895,0.058393,0.059528
477.92,0.043001,0.14647,0.074377,0.060293,0.059472
477.94,0.042508,0.14407,0.065917,0.054536,0.054646
477.96,0.033151,0.12029,0.061774,0.046822,0.047239
477.98,0.040696,0.13962,0.066219,0.055745,0.0533
478,0.035782,0.13107,0.063069,0.051831,0.051167
478.01,0.043511,0.14664,0.065701,0.057012,0.056049
478.03,0.038105,0.12936,0.0676,0.054824,0.049259
478.05,0.039532,0.13757,0.063716,0.0535,0.0533
478.07,0.034928,0.11927,0.062421,0.048089,0.047688
478.09,0.061183,0.21593,0.11469,0.085507,0.090166
478.11,0.036012,0.122,0.063457,0.05114,0.052794
478.12,0.043208,0.15314,0.070708,0.056033,0.060594
478.14,0.036998,0.13672,0.065572,0.050737,0.051616
478.16,0.0392,0.14116,0.063457,0.053903,0.053636
478.18,0.037124,0.13175,0.066003,0.052579,0.050213
478.2,0.04006,0.14048,0.068464,0.052579,0.053187
478.21,0.035049,0.11978,0.059745,0.048204,0.05156
478.23,0.041189,0.12867,0.067946,0.054766,0.056498
478.25,0.034429,0.12406,0.063889,0.052579,0.048305
478.27,0.039733,0.13244,0.065227,0.055918,0.054253
478.29,0.03428,0.11858,0.065183,0.048549,0.048979
478.31,0.046,0.1569,0.07947,0.063286,0.066486
478.32,0.036505,0.12953,0.063112,0.052406,0.048642
478.34,0.039097,0.13432,0.067212,0.056954,0.052402
478.36,0.036253,0.11704,0.062421,0.050564,0.053468
478.38,0.041207,0.13911,0.066478,0.054939,0.053636
478.4,0.035146,0.11516,0.059702,0.049643,0.04982
478.42,0.039722,0.13535,0.064579,0.057933,0.060089
478.43,0.035301,0.1179,0.064968,0.048434,0.054422
478.45,0.041952,0.14151,0.068205,0.054594,0.056105
478.47,0.035937,0.122,0.05858,0.052291,0.048193
478.49,0.039882,0.13877,0.068118,0.055975,0.056722
478.51,0.03553,0.11978,0.064191,0.049758,0.051223
478.52,0.039452,0.13193,0.063586,0.052924,0.052065
478.54,0.035427,0.11978,0.063155,0.050276,0.048754
478.56,0.042032,0.14938,0.067557,0.055572,0.05964
478.58,0.034653,0.12388,0.063457,0.051658,0.049877
478.6,0.039097,0.13603,0.064924,0.054882,0.055993
478.62,0.03623,0.12046,0.061601,0.047225,0.052346
478.63,0.040673,0.14219,0.070881,0.055457,0.0533
478.65,0.03451,0.12063,0.061256,0.050046,0.050213
478.67,0.039194,0.1285,0.065874,0.055227,0.05083
478.69,0.035685,0.11773,0.062378,0.052349,0.053412
478.7,0.040679,0.13911,0.070449,0.054306,0.056217
478.72,0.034366,0.1256,0.061472,0.047225,0.052177
478.74,0.040966,0.13295,0.065011,0.056839,0.055712
478.76,0.036872,0.1232,0.062594,0.05091,0.052851
478.78,0.042273,0.14869,0.075067,0.061559,0.059528
478.8,0.036797,0.12679,0.062982,0.047571,0.054534
478.81,0.040066,0.13039,0.067816,0.054421,0.05633
478.83,0.037009,0.11995,0.066996,0.054248,0.052514
478.85,0.040914,0.1374,0.067773,0.055227,0.058686
478.87,0.034567,0.12166,0.063889,0.046707,0.051504
478.89,0.039974,0.13466,0.064665,0.052752,0.052682
478.9,0.034922,0.13381,0.063284,0.049586,0.050438
478.92,0.041797,0.1504,0.069456,0.059775,0.061548
478.94,0.04237,0.15365,0.079254,0.057357,0.058799
478.96,0.042617,0.14373,0.068334,0.058969,0.059697
478.98,0.037749,0.1297,0.063284,0.053385,0.050213
479,0.041654,0.13654,0.067428,0.053961,0.056161
479.01,0.035679,0.12046,0.063673,0.049528,0.051616
479.03,0.042995,0.14339,0.066694,0.05753,0.056161
479.05,0.037537,0.12782,0.060349,0.052579,0.050438
479.07,0.04143,0.14476,0.063716,0.059084,0.055712
479.09,0.043695,0.15297,0.075024,0.060293,0.062839
479.1,0.043156,0.14938,0.069327,0.060293,0.056498
479.12,0.038913,0.13962,0.065399,0.056781,0.055095
479.14,0.042267,0.14031,0.0676,0.053615,0.056498
479.16,0.037445,0.12388,0.064363,0.051715,0.050382
479.18,0.042692,0.1516,0.072952,0.061962,0.058181
479.19,0.0376,0.13295,0.066306,0.051831,0.0556
479.21,0.042737,0.14493,0.068895,0.054594,0.060145
479.23,0.033478,0.12269,0.060522,0.04711,0.045275
479.25,0.041883,0.14356,0.068377,0.06012,0.055432
479.27,0.036671,0.13073,0.064838,0.050161,0.054983
479.28,0.042325,0.13945,0.069197,0.05753,0.056835
479.3,0.04432,0.1492,0.076707,0.059832,0.062334
479.32,0.04229,0.14664,0.071657,0.057357,0.05863
479.34,0.038638,0.13552,0.0635,0.056724,0.055488
479.36,0.043362,0.14698,0.071657,0.061732,0.057508
479.37,0.039727,0.13826,0.06691,0.054363,0.05431
479.39,0.0444,0.14664,0.075585,0.058738,0.057396
479.41,0.04295,0.15143,0.080678,0.063632,0.057789
479.43,0.045535,0.1528,0.075197,0.063401,0.065308
479.45,0.039326,0.1362,0.068248,0.054882,0.056554
479.46,0.045077,0.15314,0.072952,0.060293,0.058743
479.48,0.039314,0.1309,0.066219,0.055803,0.054927
479.5,0.044761,0.14766,0.065658,0.058451,0.059809
479.52,0.038495,0.13124,0.067946,0.054421,0.052346
479.54,0.044893,0.14493,0.072564,0.058105,0.05863
479.55,0.063396,0.22927,0.12656,0.090054,0.092187
479.57,0.089306,0.31738,0.16989,0.12776,0.13091
479.59,0.039177,0.12594,0.068507,0.053788,0.054871
479.61,0.043724,0.14749,0.072262,0.058911,0.061268
479.63,0.039011,0.12902,0.065831,0.054306,0.052065
479.64,0.044767,0.14151,0.074636,0.061789,0.059753
479.66,0.038248,0.14133,0.06678,0.054939,0.052626
479.68,0.042909,0.14766,0.072003,0.062423,0.06441
479.7,0.045799,0.15434,0.080462,0.062998,0.062671
479.72,0.044727,0.16426,0.071096,0.063919,0.06166
479.73,0.039377,0.13518,0.062723,0.050622,0.051504
479.75,0.042451,0.14818,0.070794,0.057472,0.056779
479.77,0.039722,0.13689,0.06678,0.056493,0.054478
479.79,0.042554,0.14852,0.072736,0.05989,0.058574
479.81,0.04217,0.15177,0.078045,0.06012,0.05863
479.82,0.043678,0.15331,0.073945,0.057357,0.05936
479.84,0.040719,0.14236,0.068852,0.057587,0.053243
479.86,0.042978,0.14424,0.068982,0.057069,0.057396
479.88,0.037738,0.12474,0.067903,0.053961,0.054815
479.89,0.044119,0.1427,0.072391,0.05753,0.058799
479.91,0.037892,0.13774,0.066176,0.056839,0.054983
479.93,0.044905,0.14766,0.072952,0.060408,0.057676
479.95,0.036883,0.13312,0.066823,0.049183,0.052682
479.97,0.042216,0.14116,0.06937,0.060523,0.058013
479.99,0.03721,0.12902,0.067298,0.051715,0.052346
480,0.043517,0.1463,0.074377,0.060235,0.059304
480.02,0.047112,0.17521,0.079426,0.06225,0.063007
480.04,0.04315,0.14818,0.071787,0.057702,0.061548
480.06,0.039125,0.14253,0.070967,0.052982,0.054758
480.07,0.043339,0.14715,0.07114,0.057702,0.059135
480.09,0.03928,0.13415,0.064924,0.052867,0.052626
480.11,0.047835,0.15588,0.078952,0.062711,0.063456
480.13,0.039888,0.13141,0.069931,0.054248,0.054983
480.15,0.044865,0.14801,0.071528,0.057875,0.064803
480.16,0.040318,0.13227,0.072391,0.054248,0.053973
480.18,0.043328,0.15588,0.070492,0.061847,0.054534
480.2,0.047118,0.16837,0.087411,0.068582,0.067721
480.22,0.043683,0.1569,0.071269,0.057817,0.056498
480.24,0.043397,0.14869,0.079901,0.059717,0.060314
480.25,0.044182,0.1528,0.075412,0.060696,0.058799
480.27,0.050197,0.18547,0.09846,0.074396,0.073893
480.29,0.04362,0.14698,0.071096,0.062998,0.058518
480.31,0.045524,0.15382,0.078304,0.065704,0.063568
480.32,0.044635,0.15861,0.073643,0.059717,0.060987
480.34,0.039337,0.14253,0.073039,0.055285,0.058181
480.36,0.04467,0.15622,0.076621,0.059947,0.062614
480.38,0.039005,0.13826,0.069931,0.057702,0.055151
480.4,0.043529,0.15126,0.068809,0.059257,0.059248
480.41,0.039876,0.13894,0.068809,0.056839,0.055151
480.43,0.04389,0.15964,0.071528,0.057875,0.058462
480.45,0.036952,0.1285,0.063975,0.053615,0.052458
480.47,0.04522,0.16032,0.072046,0.06461,0.061436
480.49,0.039527,0.13193,0.069154,0.054191,0.053019
480.5,0.049079,0.1812,0.084088,0.064956,0.068955
480.52,0.040461,0.135,0.068766,0.052349,0.053861
480.54,0.040713,0.15126,0.063025,0.055169,0.052907
480.56,0.033151,0.1155,0.056508,0.04734,0.045949
480.57,0.042858,0.16118,0.069758,0.056493,0.058911
480.59,0.032153,0.12662,0.056681,0.045326,0.044546
480.61,0.039045,0.14048,0.062464,0.054306,0.054029
480.63,0.035072,0.1244,0.058321,0.051255,0.048979
480.64,0.039337,0.14305,0.065399,0.05114,0.054366
480.66,0.04045,0.15057,0.074549,0.057184,0.059472
480.68,0.040857,0.14561,0.060134,0.054709,0.056891
480.7,0.035737,0.12782,0.06009,0.053097,0.048418
480.72,0.040002,0.14613,0.066565,0.056436,0.052963
480.73,0.032314,0.13193,0.057242,0.048549,0.044433
480.75,0.044538,0.16751,0.071485,0.057414,0.060987
480.77,0.033822,0.12012,0.061083,0.046419,0.047464
480.79,0.038208,0.15057,0.063845,0.05137,0.055151
480.81,0.035473,0.12457,0.057846,0.04947,0.052794
480.82,0.039452,0.14099,0.06009,0.051946,0.048866
480.84,0.03455,0.12628,0.056681,0.048549,0.051897
480.86,0.038214,0.14784,0.062939,0.054363,0.054422
480.88,0.037336,0.14356,0.065701,0.050507,0.052346
480.89,0.039286,0.15006,0.066435,0.054479,0.054983
480.91,0.043053,0.15074,0.075671,0.062538,0.058406
480.93,0.044194,0.16802,0.072995,0.058854,0.060594
480.95,0.035255,0.13364,0.062162,0.04947,0.049147
480.96,0.041012,0.14202,0.066306,0.054191,0.053412
480.98,0.036155,0.13432,0.065788,0.046995,0.050887
481,0.041023,0.14972,0.064363,0.054133,0.054871
481.02,0.03537,0.12936,0.056897,0.048261,0.047183
481.04,0.038907,0.14116,0.066435,0.0554,0.05257
481.05,0.035008,0.13415,0.062205,0.047168,0.050101
